[0.154s] DEBUG:colcon:Command line arguments: ['/usr/bin/colcon', 'build']
[0.155s] DEBUG:colcon:Parsed command line arguments: Namespace(log_base=None, log_level=None, verb_name='build', build_base='build', install_base='install', merge_install=False, symlink_install=False, test_result_base=None, continue_on_error=False, executor='parallel', parallel_workers=8, event_handlers=None, ignore_user_meta=False, metas=['./colcon.meta'], base_paths=['.'], packages_ignore=None, packages_ignore_regex=None, paths=None, packages_up_to=None, packages_up_to_regex=None, packages_above=None, packages_above_and_dependencies=None, packages_above_depth=None, packages_select_by_dep=None, packages_skip_by_dep=None, packages_skip_up_to=None, packages_select_build_failed=False, packages_skip_build_finished=False, packages_select_test_failures=False, packages_skip_test_passed=False, packages_select=None, packages_skip=None, packages_select_regex=None, packages_skip_regex=None, packages_start=None, packages_end=None, cmake_args=None, cmake_target=None, cmake_target_skip_unavailable=False, cmake_clean_cache=False, cmake_clean_first=False, cmake_force_configure=False, ament_cmake_args=None, catkin_cmake_args=None, catkin_skip_building_tests=False, mixin_files=None, mixin=None, verb_parser=<colcon_mixin.mixin.mixin_argument.MixinArgumentDecorator object at 0x7fb54891fec0>, verb_extension=<colcon_core.verb.build.BuildVerb object at 0x7fb54891f5f0>, main=<bound method BuildVerb.main of <colcon_core.verb.build.BuildVerb object at 0x7fb54891f5f0>>, mixin_verb=('build',))
[0.210s] Level 1:colcon.colcon_core.package_discovery:discover_packages(colcon_meta) check parameters
[0.211s] Level 1:colcon.colcon_core.package_discovery:discover_packages(recursive) check parameters
[0.211s] Level 1:colcon.colcon_core.package_discovery:discover_packages(ignore) check parameters
[0.211s] Level 1:colcon.colcon_core.package_discovery:discover_packages(path) check parameters
[0.211s] Level 1:colcon.colcon_core.package_discovery:discover_packages(colcon_meta) discover
[0.211s] Level 1:colcon.colcon_core.package_discovery:discover_packages(recursive) discover
[0.211s] INFO:colcon.colcon_core.package_discovery:Crawling recursively for packages in '/home/user/ros2_ws'
[0.211s] Level 1:colcon.colcon_core.package_identification:_identify(.) by extensions ['ignore', 'ignore_ament_install']
[0.211s] Level 1:colcon.colcon_core.package_identification:_identify(.) by extension 'ignore'
[0.211s] Level 1:colcon.colcon_core.package_identification:_identify(.) by extension 'ignore_ament_install'
[0.212s] Level 1:colcon.colcon_core.package_identification:_identify(.) by extensions ['colcon_pkg']
[0.212s] Level 1:colcon.colcon_core.package_identification:_identify(.) by extension 'colcon_pkg'
[0.212s] Level 1:colcon.colcon_core.package_identification:_identify(.) by extensions ['colcon_meta']
[0.212s] Level 1:colcon.colcon_core.package_identification:_identify(.) by extension 'colcon_meta'
[0.212s] Level 1:colcon.colcon_core.package_identification:_identify(.) by extensions ['ros']
[0.212s] Level 1:colcon.colcon_core.package_identification:_identify(.) by extension 'ros'
[0.247s] Level 1:colcon.colcon_core.package_identification:_identify(.) by extensions ['cmake', 'python']
[0.247s] Level 1:colcon.colcon_core.package_identification:_identify(.) by extension 'cmake'
[0.247s] Level 1:colcon.colcon_core.package_identification:_identify(.) by extension 'python'
[0.247s] Level 1:colcon.colcon_core.package_identification:_identify(.) by extensions ['python_setup_py']
[0.247s] Level 1:colcon.colcon_core.package_identification:_identify(.) by extension 'python_setup_py'
[0.248s] Level 1:colcon.colcon_core.package_identification:_identify(build) by extensions ['ignore', 'ignore_ament_install']
[0.248s] Level 1:colcon.colcon_core.package_identification:_identify(build) by extension 'ignore'
[0.248s] Level 1:colcon.colcon_core.package_identification:_identify(build) ignored
[0.248s] Level 1:colcon.colcon_core.package_identification:_identify(install) by extensions ['ignore', 'ignore_ament_install']
[0.248s] Level 1:colcon.colcon_core.package_identification:_identify(install) by extension 'ignore'
[0.248s] Level 1:colcon.colcon_core.package_identification:_identify(install) ignored
[0.248s] Level 1:colcon.colcon_core.package_identification:_identify(log) by extensions ['ignore', 'ignore_ament_install']
[0.249s] Level 1:colcon.colcon_core.package_identification:_identify(log) by extension 'ignore'
[0.249s] Level 1:colcon.colcon_core.package_identification:_identify(log) ignored
[0.249s] Level 1:colcon.colcon_core.package_identification:_identify(src) by extensions ['ignore', 'ignore_ament_install']
[0.249s] Level 1:colcon.colcon_core.package_identification:_identify(src) by extension 'ignore'
[0.249s] Level 1:colcon.colcon_core.package_identification:_identify(src) by extension 'ignore_ament_install'
[0.250s] Level 1:colcon.colcon_core.package_identification:_identify(src) by extensions ['colcon_pkg']
[0.250s] Level 1:colcon.colcon_core.package_identification:_identify(src) by extension 'colcon_pkg'
[0.250s] Level 1:colcon.colcon_core.package_identification:_identify(src) by extensions ['colcon_meta']
[0.250s] Level 1:colcon.colcon_core.package_identification:_identify(src) by extension 'colcon_meta'
[0.250s] Level 1:colcon.colcon_core.package_identification:_identify(src) by extensions ['ros']
[0.250s] Level 1:colcon.colcon_core.package_identification:_identify(src) by extension 'ros'
[0.250s] Level 1:colcon.colcon_core.package_identification:_identify(src) by extensions ['cmake', 'python']
[0.250s] Level 1:colcon.colcon_core.package_identification:_identify(src) by extension 'cmake'
[0.250s] Level 1:colcon.colcon_core.package_identification:_identify(src) by extension 'python'
[0.250s] Level 1:colcon.colcon_core.package_identification:_identify(src) by extensions ['python_setup_py']
[0.250s] Level 1:colcon.colcon_core.package_identification:_identify(src) by extension 'python_setup_py'
[0.251s] Level 1:colcon.colcon_core.package_identification:_identify(src/DynamixelSDK) by extensions ['ignore', 'ignore_ament_install']
[0.251s] Level 1:colcon.colcon_core.package_identification:_identify(src/DynamixelSDK) by extension 'ignore'
[0.251s] Level 1:colcon.colcon_core.package_identification:_identify(src/DynamixelSDK) by extension 'ignore_ament_install'
[0.251s] Level 1:colcon.colcon_core.package_identification:_identify(src/DynamixelSDK) by extensions ['colcon_pkg']
[0.251s] Level 1:colcon.colcon_core.package_identification:_identify(src/DynamixelSDK) by extension 'colcon_pkg'
[0.251s] Level 1:colcon.colcon_core.package_identification:_identify(src/DynamixelSDK) by extensions ['colcon_meta']
[0.251s] Level 1:colcon.colcon_core.package_identification:_identify(src/DynamixelSDK) by extension 'colcon_meta'
[0.251s] Level 1:colcon.colcon_core.package_identification:_identify(src/DynamixelSDK) by extensions ['ros']
[0.251s] Level 1:colcon.colcon_core.package_identification:_identify(src/DynamixelSDK) by extension 'ros'
[0.251s] Level 1:colcon.colcon_core.package_identification:_identify(src/DynamixelSDK) by extensions ['cmake', 'python']
[0.251s] Level 1:colcon.colcon_core.package_identification:_identify(src/DynamixelSDK) by extension 'cmake'
[0.251s] Level 1:colcon.colcon_core.package_identification:_identify(src/DynamixelSDK) by extension 'python'
[0.252s] Level 1:colcon.colcon_core.package_identification:_identify(src/DynamixelSDK) by extensions ['python_setup_py']
[0.252s] Level 1:colcon.colcon_core.package_identification:_identify(src/DynamixelSDK) by extension 'python_setup_py'
[0.252s] Level 1:colcon.colcon_core.package_identification:_identify(src/DynamixelSDK/dynamixel_sdk) by extensions ['ignore', 'ignore_ament_install']
[0.252s] Level 1:colcon.colcon_core.package_identification:_identify(src/DynamixelSDK/dynamixel_sdk) by extension 'ignore'
[0.252s] Level 1:colcon.colcon_core.package_identification:_identify(src/DynamixelSDK/dynamixel_sdk) by extension 'ignore_ament_install'
[0.252s] Level 1:colcon.colcon_core.package_identification:_identify(src/DynamixelSDK/dynamixel_sdk) by extensions ['colcon_pkg']
[0.252s] Level 1:colcon.colcon_core.package_identification:_identify(src/DynamixelSDK/dynamixel_sdk) by extension 'colcon_pkg'
[0.252s] Level 1:colcon.colcon_core.package_identification:_identify(src/DynamixelSDK/dynamixel_sdk) by extensions ['colcon_meta']
[0.252s] Level 1:colcon.colcon_core.package_identification:_identify(src/DynamixelSDK/dynamixel_sdk) by extension 'colcon_meta'
[0.252s] Level 1:colcon.colcon_core.package_identification:_identify(src/DynamixelSDK/dynamixel_sdk) by extensions ['ros']
[0.252s] Level 1:colcon.colcon_core.package_identification:_identify(src/DynamixelSDK/dynamixel_sdk) by extension 'ros'
[0.256s] DEBUG:colcon.colcon_core.package_identification:Package 'src/DynamixelSDK/dynamixel_sdk' with type 'ros.ament_cmake' and name 'dynamixel_sdk'
[0.256s] Level 1:colcon.colcon_core.package_identification:_identify(src/DynamixelSDK/dynamixel_sdk_custom_interfaces) by extensions ['ignore', 'ignore_ament_install']
[0.256s] Level 1:colcon.colcon_core.package_identification:_identify(src/DynamixelSDK/dynamixel_sdk_custom_interfaces) by extension 'ignore'
[0.256s] Level 1:colcon.colcon_core.package_identification:_identify(src/DynamixelSDK/dynamixel_sdk_custom_interfaces) by extension 'ignore_ament_install'
[0.256s] Level 1:colcon.colcon_core.package_identification:_identify(src/DynamixelSDK/dynamixel_sdk_custom_interfaces) by extensions ['colcon_pkg']
[0.256s] Level 1:colcon.colcon_core.package_identification:_identify(src/DynamixelSDK/dynamixel_sdk_custom_interfaces) by extension 'colcon_pkg'
[0.256s] Level 1:colcon.colcon_core.package_identification:_identify(src/DynamixelSDK/dynamixel_sdk_custom_interfaces) by extensions ['colcon_meta']
[0.256s] Level 1:colcon.colcon_core.package_identification:_identify(src/DynamixelSDK/dynamixel_sdk_custom_interfaces) by extension 'colcon_meta'
[0.256s] Level 1:colcon.colcon_core.package_identification:_identify(src/DynamixelSDK/dynamixel_sdk_custom_interfaces) by extensions ['ros']
[0.256s] Level 1:colcon.colcon_core.package_identification:_identify(src/DynamixelSDK/dynamixel_sdk_custom_interfaces) by extension 'ros'
[0.257s] DEBUG:colcon.colcon_core.package_identification:Package 'src/DynamixelSDK/dynamixel_sdk_custom_interfaces' with type 'ros.ament_cmake' and name 'dynamixel_sdk_custom_interfaces'
[0.257s] Level 1:colcon.colcon_core.package_identification:_identify(src/DynamixelSDK/dynamixel_sdk_examples) by extensions ['ignore', 'ignore_ament_install']
[0.258s] Level 1:colcon.colcon_core.package_identification:_identify(src/DynamixelSDK/dynamixel_sdk_examples) by extension 'ignore'
[0.258s] Level 1:colcon.colcon_core.package_identification:_identify(src/DynamixelSDK/dynamixel_sdk_examples) by extension 'ignore_ament_install'
[0.258s] Level 1:colcon.colcon_core.package_identification:_identify(src/DynamixelSDK/dynamixel_sdk_examples) by extensions ['colcon_pkg']
[0.258s] Level 1:colcon.colcon_core.package_identification:_identify(src/DynamixelSDK/dynamixel_sdk_examples) by extension 'colcon_pkg'
[0.258s] Level 1:colcon.colcon_core.package_identification:_identify(src/DynamixelSDK/dynamixel_sdk_examples) by extensions ['colcon_meta']
[0.258s] Level 1:colcon.colcon_core.package_identification:_identify(src/DynamixelSDK/dynamixel_sdk_examples) by extension 'colcon_meta'
[0.258s] Level 1:colcon.colcon_core.package_identification:_identify(src/DynamixelSDK/dynamixel_sdk_examples) by extensions ['ros']
[0.258s] Level 1:colcon.colcon_core.package_identification:_identify(src/DynamixelSDK/dynamixel_sdk_examples) by extension 'ros'
[0.259s] DEBUG:colcon.colcon_core.package_identification:Package 'src/DynamixelSDK/dynamixel_sdk_examples' with type 'ros.ament_cmake' and name 'dynamixel_sdk_examples'
[0.259s] Level 1:colcon.colcon_core.package_identification:_identify(src/dynamixel-workbench) by extensions ['ignore', 'ignore_ament_install']
[0.260s] Level 1:colcon.colcon_core.package_identification:_identify(src/dynamixel-workbench) by extension 'ignore'
[0.260s] Level 1:colcon.colcon_core.package_identification:_identify(src/dynamixel-workbench) by extension 'ignore_ament_install'
[0.260s] Level 1:colcon.colcon_core.package_identification:_identify(src/dynamixel-workbench) by extensions ['colcon_pkg']
[0.260s] Level 1:colcon.colcon_core.package_identification:_identify(src/dynamixel-workbench) by extension 'colcon_pkg'
[0.260s] Level 1:colcon.colcon_core.package_identification:_identify(src/dynamixel-workbench) by extensions ['colcon_meta']
[0.260s] Level 1:colcon.colcon_core.package_identification:_identify(src/dynamixel-workbench) by extension 'colcon_meta'
[0.260s] Level 1:colcon.colcon_core.package_identification:_identify(src/dynamixel-workbench) by extensions ['ros']
[0.260s] Level 1:colcon.colcon_core.package_identification:_identify(src/dynamixel-workbench) by extension 'ros'
[0.260s] Level 1:colcon.colcon_core.package_identification:_identify(src/dynamixel-workbench) by extensions ['cmake', 'python']
[0.260s] Level 1:colcon.colcon_core.package_identification:_identify(src/dynamixel-workbench) by extension 'cmake'
[0.260s] Level 1:colcon.colcon_core.package_identification:_identify(src/dynamixel-workbench) by extension 'python'
[0.260s] Level 1:colcon.colcon_core.package_identification:_identify(src/dynamixel-workbench) by extensions ['python_setup_py']
[0.261s] Level 1:colcon.colcon_core.package_identification:_identify(src/dynamixel-workbench) by extension 'python_setup_py'
[0.261s] Level 1:colcon.colcon_core.package_identification:_identify(src/dynamixel-workbench/dynamixel_workbench) by extensions ['ignore', 'ignore_ament_install']
[0.261s] Level 1:colcon.colcon_core.package_identification:_identify(src/dynamixel-workbench/dynamixel_workbench) by extension 'ignore'
[0.261s] Level 1:colcon.colcon_core.package_identification:_identify(src/dynamixel-workbench/dynamixel_workbench) by extension 'ignore_ament_install'
[0.261s] Level 1:colcon.colcon_core.package_identification:_identify(src/dynamixel-workbench/dynamixel_workbench) by extensions ['colcon_pkg']
[0.261s] Level 1:colcon.colcon_core.package_identification:_identify(src/dynamixel-workbench/dynamixel_workbench) by extension 'colcon_pkg'
[0.261s] Level 1:colcon.colcon_core.package_identification:_identify(src/dynamixel-workbench/dynamixel_workbench) by extensions ['colcon_meta']
[0.261s] Level 1:colcon.colcon_core.package_identification:_identify(src/dynamixel-workbench/dynamixel_workbench) by extension 'colcon_meta'
[0.261s] Level 1:colcon.colcon_core.package_identification:_identify(src/dynamixel-workbench/dynamixel_workbench) by extensions ['ros']
[0.261s] Level 1:colcon.colcon_core.package_identification:_identify(src/dynamixel-workbench/dynamixel_workbench) by extension 'ros'
[0.262s] DEBUG:colcon.colcon_core.package_identification:Package 'src/dynamixel-workbench/dynamixel_workbench' with type 'ros.ament_cmake' and name 'dynamixel_workbench'
[0.262s] Level 1:colcon.colcon_core.package_identification:_identify(src/dynamixel-workbench/dynamixel_workbench_toolbox) by extensions ['ignore', 'ignore_ament_install']
[0.262s] Level 1:colcon.colcon_core.package_identification:_identify(src/dynamixel-workbench/dynamixel_workbench_toolbox) by extension 'ignore'
[0.262s] Level 1:colcon.colcon_core.package_identification:_identify(src/dynamixel-workbench/dynamixel_workbench_toolbox) by extension 'ignore_ament_install'
[0.262s] Level 1:colcon.colcon_core.package_identification:_identify(src/dynamixel-workbench/dynamixel_workbench_toolbox) by extensions ['colcon_pkg']
[0.263s] Level 1:colcon.colcon_core.package_identification:_identify(src/dynamixel-workbench/dynamixel_workbench_toolbox) by extension 'colcon_pkg'
[0.263s] Level 1:colcon.colcon_core.package_identification:_identify(src/dynamixel-workbench/dynamixel_workbench_toolbox) by extensions ['colcon_meta']
[0.263s] Level 1:colcon.colcon_core.package_identification:_identify(src/dynamixel-workbench/dynamixel_workbench_toolbox) by extension 'colcon_meta'
[0.263s] Level 1:colcon.colcon_core.package_identification:_identify(src/dynamixel-workbench/dynamixel_workbench_toolbox) by extensions ['ros']
[0.263s] Level 1:colcon.colcon_core.package_identification:_identify(src/dynamixel-workbench/dynamixel_workbench_toolbox) by extension 'ros'
[0.263s] DEBUG:colcon.colcon_core.package_identification:Package 'src/dynamixel-workbench/dynamixel_workbench_toolbox' with type 'ros.ament_cmake' and name 'dynamixel_workbench_toolbox'
[0.263s] Level 1:colcon.colcon_core.package_identification:_identify(src/dynamixel_hardware_interface) by extensions ['ignore', 'ignore_ament_install']
[0.264s] Level 1:colcon.colcon_core.package_identification:_identify(src/dynamixel_hardware_interface) by extension 'ignore'
[0.264s] Level 1:colcon.colcon_core.package_identification:_identify(src/dynamixel_hardware_interface) by extension 'ignore_ament_install'
[0.264s] Level 1:colcon.colcon_core.package_identification:_identify(src/dynamixel_hardware_interface) by extensions ['colcon_pkg']
[0.264s] Level 1:colcon.colcon_core.package_identification:_identify(src/dynamixel_hardware_interface) by extension 'colcon_pkg'
[0.264s] Level 1:colcon.colcon_core.package_identification:_identify(src/dynamixel_hardware_interface) by extensions ['colcon_meta']
[0.264s] Level 1:colcon.colcon_core.package_identification:_identify(src/dynamixel_hardware_interface) by extension 'colcon_meta'
[0.264s] Level 1:colcon.colcon_core.package_identification:_identify(src/dynamixel_hardware_interface) by extensions ['ros']
[0.264s] Level 1:colcon.colcon_core.package_identification:_identify(src/dynamixel_hardware_interface) by extension 'ros'
[0.265s] DEBUG:colcon.colcon_core.package_identification:Package 'src/dynamixel_hardware_interface' with type 'ros.ament_cmake' and name 'dynamixel_hardware_interface'
[0.265s] Level 1:colcon.colcon_core.package_identification:_identify(src/my_quadruped_bringup) by extensions ['ignore', 'ignore_ament_install']
[0.265s] Level 1:colcon.colcon_core.package_identification:_identify(src/my_quadruped_bringup) by extension 'ignore'
[0.265s] Level 1:colcon.colcon_core.package_identification:_identify(src/my_quadruped_bringup) by extension 'ignore_ament_install'
[0.265s] Level 1:colcon.colcon_core.package_identification:_identify(src/my_quadruped_bringup) by extensions ['colcon_pkg']
[0.265s] Level 1:colcon.colcon_core.package_identification:_identify(src/my_quadruped_bringup) by extension 'colcon_pkg'
[0.265s] Level 1:colcon.colcon_core.package_identification:_identify(src/my_quadruped_bringup) by extensions ['colcon_meta']
[0.265s] Level 1:colcon.colcon_core.package_identification:_identify(src/my_quadruped_bringup) by extension 'colcon_meta'
[0.266s] Level 1:colcon.colcon_core.package_identification:_identify(src/my_quadruped_bringup) by extensions ['ros']
[0.266s] Level 1:colcon.colcon_core.package_identification:_identify(src/my_quadruped_bringup) by extension 'ros'
[0.266s] DEBUG:colcon.colcon_core.package_identification:Package 'src/my_quadruped_bringup' with type 'ros.ament_cmake' and name 'my_quadruped_bringup'
[0.266s] Level 1:colcon.colcon_core.package_identification:_identify(src/my_robot_bringup) by extensions ['ignore', 'ignore_ament_install']
[0.266s] Level 1:colcon.colcon_core.package_identification:_identify(src/my_robot_bringup) by extension 'ignore'
[0.266s] Level 1:colcon.colcon_core.package_identification:_identify(src/my_robot_bringup) by extension 'ignore_ament_install'
[0.266s] Level 1:colcon.colcon_core.package_identification:_identify(src/my_robot_bringup) by extensions ['colcon_pkg']
[0.266s] Level 1:colcon.colcon_core.package_identification:_identify(src/my_robot_bringup) by extension 'colcon_pkg'
[0.267s] Level 1:colcon.colcon_core.package_identification:_identify(src/my_robot_bringup) by extensions ['colcon_meta']
[0.267s] Level 1:colcon.colcon_core.package_identification:_identify(src/my_robot_bringup) by extension 'colcon_meta'
[0.267s] Level 1:colcon.colcon_core.package_identification:_identify(src/my_robot_bringup) by extensions ['ros']
[0.267s] Level 1:colcon.colcon_core.package_identification:_identify(src/my_robot_bringup) by extension 'ros'
[0.267s] DEBUG:colcon.colcon_core.package_identification:Package 'src/my_robot_bringup' with type 'ros.ament_cmake' and name 'my_robot_bringup'
[0.267s] Level 1:colcon.colcon_core.package_identification:_identify(src/my_robot_hardware_interface) by extensions ['ignore', 'ignore_ament_install']
[0.267s] Level 1:colcon.colcon_core.package_identification:_identify(src/my_robot_hardware_interface) by extension 'ignore'
[0.267s] Level 1:colcon.colcon_core.package_identification:_identify(src/my_robot_hardware_interface) by extension 'ignore_ament_install'
[0.267s] Level 1:colcon.colcon_core.package_identification:_identify(src/my_robot_hardware_interface) by extensions ['colcon_pkg']
[0.268s] Level 1:colcon.colcon_core.package_identification:_identify(src/my_robot_hardware_interface) by extension 'colcon_pkg'
[0.268s] Level 1:colcon.colcon_core.package_identification:_identify(src/my_robot_hardware_interface) by extensions ['colcon_meta']
[0.268s] Level 1:colcon.colcon_core.package_identification:_identify(src/my_robot_hardware_interface) by extension 'colcon_meta'
[0.268s] Level 1:colcon.colcon_core.package_identification:_identify(src/my_robot_hardware_interface) by extensions ['ros']
[0.268s] Level 1:colcon.colcon_core.package_identification:_identify(src/my_robot_hardware_interface) by extension 'ros'
[0.268s] DEBUG:colcon.colcon_core.package_identification:Package 'src/my_robot_hardware_interface' with type 'ros.ament_cmake' and name 'my_robot_hardware_interface'
[0.268s] Level 1:colcon.colcon_core.package_identification:_identify(src/ros2_control_course) by extensions ['ignore', 'ignore_ament_install']
[0.269s] Level 1:colcon.colcon_core.package_identification:_identify(src/ros2_control_course) by extension 'ignore'
[0.269s] Level 1:colcon.colcon_core.package_identification:_identify(src/ros2_control_course) by extension 'ignore_ament_install'
[0.269s] Level 1:colcon.colcon_core.package_identification:_identify(src/ros2_control_course) by extensions ['colcon_pkg']
[0.269s] Level 1:colcon.colcon_core.package_identification:_identify(src/ros2_control_course) by extension 'colcon_pkg'
[0.269s] Level 1:colcon.colcon_core.package_identification:_identify(src/ros2_control_course) by extensions ['colcon_meta']
[0.269s] Level 1:colcon.colcon_core.package_identification:_identify(src/ros2_control_course) by extension 'colcon_meta'
[0.269s] Level 1:colcon.colcon_core.package_identification:_identify(src/ros2_control_course) by extensions ['ros']
[0.269s] Level 1:colcon.colcon_core.package_identification:_identify(src/ros2_control_course) by extension 'ros'
[0.269s] Level 1:colcon.colcon_core.package_identification:_identify(src/ros2_control_course) by extensions ['cmake', 'python']
[0.269s] Level 1:colcon.colcon_core.package_identification:_identify(src/ros2_control_course) by extension 'cmake'
[0.269s] Level 1:colcon.colcon_core.package_identification:_identify(src/ros2_control_course) by extension 'python'
[0.269s] Level 1:colcon.colcon_core.package_identification:_identify(src/ros2_control_course) by extensions ['python_setup_py']
[0.269s] Level 1:colcon.colcon_core.package_identification:_identify(src/ros2_control_course) by extension 'python_setup_py'
[0.269s] Level 1:colcon.colcon_core.package_identification:_identify(src/ros2_control_course/common) by extensions ['ignore', 'ignore_ament_install']
[0.269s] Level 1:colcon.colcon_core.package_identification:_identify(src/ros2_control_course/common) by extension 'ignore'
[0.269s] Level 1:colcon.colcon_core.package_identification:_identify(src/ros2_control_course/common) by extension 'ignore_ament_install'
[0.269s] Level 1:colcon.colcon_core.package_identification:_identify(src/ros2_control_course/common) by extensions ['colcon_pkg']
[0.269s] Level 1:colcon.colcon_core.package_identification:_identify(src/ros2_control_course/common) by extension 'colcon_pkg'
[0.269s] Level 1:colcon.colcon_core.package_identification:_identify(src/ros2_control_course/common) by extensions ['colcon_meta']
[0.269s] Level 1:colcon.colcon_core.package_identification:_identify(src/ros2_control_course/common) by extension 'colcon_meta'
[0.270s] Level 1:colcon.colcon_core.package_identification:_identify(src/ros2_control_course/common) by extensions ['ros']
[0.270s] Level 1:colcon.colcon_core.package_identification:_identify(src/ros2_control_course/common) by extension 'ros'
[0.270s] Level 1:colcon.colcon_core.package_identification:_identify(src/ros2_control_course/common) by extensions ['cmake', 'python']
[0.270s] Level 1:colcon.colcon_core.package_identification:_identify(src/ros2_control_course/common) by extension 'cmake'
[0.270s] Level 1:colcon.colcon_core.package_identification:_identify(src/ros2_control_course/common) by extension 'python'
[0.270s] Level 1:colcon.colcon_core.package_identification:_identify(src/ros2_control_course/common) by extensions ['python_setup_py']
[0.270s] Level 1:colcon.colcon_core.package_identification:_identify(src/ros2_control_course/common) by extension 'python_setup_py'
[0.270s] Level 1:colcon.colcon_core.package_identification:_identify(src/ros2_control_course/common/joint_trajectory_publisher) by extensions ['ignore', 'ignore_ament_install']
[0.270s] Level 1:colcon.colcon_core.package_identification:_identify(src/ros2_control_course/common/joint_trajectory_publisher) by extension 'ignore'
[0.270s] Level 1:colcon.colcon_core.package_identification:_identify(src/ros2_control_course/common/joint_trajectory_publisher) by extension 'ignore_ament_install'
[0.270s] Level 1:colcon.colcon_core.package_identification:_identify(src/ros2_control_course/common/joint_trajectory_publisher) by extensions ['colcon_pkg']
[0.270s] Level 1:colcon.colcon_core.package_identification:_identify(src/ros2_control_course/common/joint_trajectory_publisher) by extension 'colcon_pkg'
[0.270s] Level 1:colcon.colcon_core.package_identification:_identify(src/ros2_control_course/common/joint_trajectory_publisher) by extensions ['colcon_meta']
[0.270s] Level 1:colcon.colcon_core.package_identification:_identify(src/ros2_control_course/common/joint_trajectory_publisher) by extension 'colcon_meta'
[0.270s] Level 1:colcon.colcon_core.package_identification:_identify(src/ros2_control_course/common/joint_trajectory_publisher) by extensions ['ros']
[0.270s] Level 1:colcon.colcon_core.package_identification:_identify(src/ros2_control_course/common/joint_trajectory_publisher) by extension 'ros'
[0.271s] DEBUG:colcon.colcon_core.package_identification:Package 'src/ros2_control_course/common/joint_trajectory_publisher' with type 'ros.ament_python' and name 'joint_trajectory_publisher'
[0.271s] Level 1:colcon.colcon_core.package_identification:_identify(src/ros2_control_course/unit1) by extensions ['ignore', 'ignore_ament_install']
[0.271s] Level 1:colcon.colcon_core.package_identification:_identify(src/ros2_control_course/unit1) by extension 'ignore'
[0.271s] Level 1:colcon.colcon_core.package_identification:_identify(src/ros2_control_course/unit1) by extension 'ignore_ament_install'
[0.271s] Level 1:colcon.colcon_core.package_identification:_identify(src/ros2_control_course/unit1) by extensions ['colcon_pkg']
[0.271s] Level 1:colcon.colcon_core.package_identification:_identify(src/ros2_control_course/unit1) by extension 'colcon_pkg'
[0.271s] Level 1:colcon.colcon_core.package_identification:_identify(src/ros2_control_course/unit1) by extensions ['colcon_meta']
[0.271s] Level 1:colcon.colcon_core.package_identification:_identify(src/ros2_control_course/unit1) by extension 'colcon_meta'
[0.271s] Level 1:colcon.colcon_core.package_identification:_identify(src/ros2_control_course/unit1) by extensions ['ros']
[0.271s] Level 1:colcon.colcon_core.package_identification:_identify(src/ros2_control_course/unit1) by extension 'ros'
[0.271s] Level 1:colcon.colcon_core.package_identification:_identify(src/ros2_control_course/unit1) by extensions ['cmake', 'python']
[0.271s] Level 1:colcon.colcon_core.package_identification:_identify(src/ros2_control_course/unit1) by extension 'cmake'
[0.271s] Level 1:colcon.colcon_core.package_identification:_identify(src/ros2_control_course/unit1) by extension 'python'
[0.272s] Level 1:colcon.colcon_core.package_identification:_identify(src/ros2_control_course/unit1) by extensions ['python_setup_py']
[0.272s] Level 1:colcon.colcon_core.package_identification:_identify(src/ros2_control_course/unit1) by extension 'python_setup_py'
[0.272s] Level 1:colcon.colcon_core.package_identification:_identify(src/ros2_control_course/unit1/joint_trajectory_demo) by extensions ['ignore', 'ignore_ament_install']
[0.272s] Level 1:colcon.colcon_core.package_identification:_identify(src/ros2_control_course/unit1/joint_trajectory_demo) by extension 'ignore'
[0.272s] Level 1:colcon.colcon_core.package_identification:_identify(src/ros2_control_course/unit1/joint_trajectory_demo) by extension 'ignore_ament_install'
[0.272s] Level 1:colcon.colcon_core.package_identification:_identify(src/ros2_control_course/unit1/joint_trajectory_demo) by extensions ['colcon_pkg']
[0.272s] Level 1:colcon.colcon_core.package_identification:_identify(src/ros2_control_course/unit1/joint_trajectory_demo) by extension 'colcon_pkg'
[0.272s] Level 1:colcon.colcon_core.package_identification:_identify(src/ros2_control_course/unit1/joint_trajectory_demo) by extensions ['colcon_meta']
[0.272s] Level 1:colcon.colcon_core.package_identification:_identify(src/ros2_control_course/unit1/joint_trajectory_demo) by extension 'colcon_meta'
[0.272s] Level 1:colcon.colcon_core.package_identification:_identify(src/ros2_control_course/unit1/joint_trajectory_demo) by extensions ['ros']
[0.272s] Level 1:colcon.colcon_core.package_identification:_identify(src/ros2_control_course/unit1/joint_trajectory_demo) by extension 'ros'
[0.273s] DEBUG:colcon.colcon_core.package_identification:Package 'src/ros2_control_course/unit1/joint_trajectory_demo' with type 'ros.ament_python' and name 'joint_trajectory_demo'
[0.273s] Level 1:colcon.colcon_core.package_identification:_identify(src/ros2_control_course/unit2) by extensions ['ignore', 'ignore_ament_install']
[0.273s] Level 1:colcon.colcon_core.package_identification:_identify(src/ros2_control_course/unit2) by extension 'ignore'
[0.273s] Level 1:colcon.colcon_core.package_identification:_identify(src/ros2_control_course/unit2) by extension 'ignore_ament_install'
[0.273s] Level 1:colcon.colcon_core.package_identification:_identify(src/ros2_control_course/unit2) by extensions ['colcon_pkg']
[0.273s] Level 1:colcon.colcon_core.package_identification:_identify(src/ros2_control_course/unit2) by extension 'colcon_pkg'
[0.273s] Level 1:colcon.colcon_core.package_identification:_identify(src/ros2_control_course/unit2) by extensions ['colcon_meta']
[0.273s] Level 1:colcon.colcon_core.package_identification:_identify(src/ros2_control_course/unit2) by extension 'colcon_meta'
[0.274s] Level 1:colcon.colcon_core.package_identification:_identify(src/ros2_control_course/unit2) by extensions ['ros']
[0.274s] Level 1:colcon.colcon_core.package_identification:_identify(src/ros2_control_course/unit2) by extension 'ros'
[0.274s] Level 1:colcon.colcon_core.package_identification:_identify(src/ros2_control_course/unit2) by extensions ['cmake', 'python']
[0.274s] Level 1:colcon.colcon_core.package_identification:_identify(src/ros2_control_course/unit2) by extension 'cmake'
[0.274s] Level 1:colcon.colcon_core.package_identification:_identify(src/ros2_control_course/unit2) by extension 'python'
[0.274s] Level 1:colcon.colcon_core.package_identification:_identify(src/ros2_control_course/unit2) by extensions ['python_setup_py']
[0.274s] Level 1:colcon.colcon_core.package_identification:_identify(src/ros2_control_course/unit2) by extension 'python_setup_py'
[0.274s] Level 1:colcon.colcon_core.package_identification:_identify(src/ros2_control_course/unit2/rrbot_unit2) by extensions ['ignore', 'ignore_ament_install']
[0.274s] Level 1:colcon.colcon_core.package_identification:_identify(src/ros2_control_course/unit2/rrbot_unit2) by extension 'ignore'
[0.274s] Level 1:colcon.colcon_core.package_identification:_identify(src/ros2_control_course/unit2/rrbot_unit2) by extension 'ignore_ament_install'
[0.275s] Level 1:colcon.colcon_core.package_identification:_identify(src/ros2_control_course/unit2/rrbot_unit2) by extensions ['colcon_pkg']
[0.275s] Level 1:colcon.colcon_core.package_identification:_identify(src/ros2_control_course/unit2/rrbot_unit2) by extension 'colcon_pkg'
[0.275s] Level 1:colcon.colcon_core.package_identification:_identify(src/ros2_control_course/unit2/rrbot_unit2) by extensions ['colcon_meta']
[0.275s] Level 1:colcon.colcon_core.package_identification:_identify(src/ros2_control_course/unit2/rrbot_unit2) by extension 'colcon_meta'
[0.275s] Level 1:colcon.colcon_core.package_identification:_identify(src/ros2_control_course/unit2/rrbot_unit2) by extensions ['ros']
[0.275s] Level 1:colcon.colcon_core.package_identification:_identify(src/ros2_control_course/unit2/rrbot_unit2) by extension 'ros'
[0.276s] DEBUG:colcon.colcon_core.package_identification:Package 'src/ros2_control_course/unit2/rrbot_unit2' with type 'ros.ament_cmake' and name 'rrbot_unit2'
[0.276s] Level 1:colcon.colcon_core.package_identification:_identify(src/ros2_control_course/unit3) by extensions ['ignore', 'ignore_ament_install']
[0.276s] Level 1:colcon.colcon_core.package_identification:_identify(src/ros2_control_course/unit3) by extension 'ignore'
[0.276s] Level 1:colcon.colcon_core.package_identification:_identify(src/ros2_control_course/unit3) by extension 'ignore_ament_install'
[0.276s] Level 1:colcon.colcon_core.package_identification:_identify(src/ros2_control_course/unit3) by extensions ['colcon_pkg']
[0.276s] Level 1:colcon.colcon_core.package_identification:_identify(src/ros2_control_course/unit3) by extension 'colcon_pkg'
[0.276s] Level 1:colcon.colcon_core.package_identification:_identify(src/ros2_control_course/unit3) by extensions ['colcon_meta']
[0.276s] Level 1:colcon.colcon_core.package_identification:_identify(src/ros2_control_course/unit3) by extension 'colcon_meta'
[0.276s] Level 1:colcon.colcon_core.package_identification:_identify(src/ros2_control_course/unit3) by extensions ['ros']
[0.276s] Level 1:colcon.colcon_core.package_identification:_identify(src/ros2_control_course/unit3) by extension 'ros'
[0.277s] Level 1:colcon.colcon_core.package_identification:_identify(src/ros2_control_course/unit3) by extensions ['cmake', 'python']
[0.277s] Level 1:colcon.colcon_core.package_identification:_identify(src/ros2_control_course/unit3) by extension 'cmake'
[0.277s] Level 1:colcon.colcon_core.package_identification:_identify(src/ros2_control_course/unit3) by extension 'python'
[0.277s] Level 1:colcon.colcon_core.package_identification:_identify(src/ros2_control_course/unit3) by extensions ['python_setup_py']
[0.277s] Level 1:colcon.colcon_core.package_identification:_identify(src/ros2_control_course/unit3) by extension 'python_setup_py'
[0.277s] Level 1:colcon.colcon_core.package_identification:_identify(src/ros2_control_course/unit3/rrbot_unit3) by extensions ['ignore', 'ignore_ament_install']
[0.277s] Level 1:colcon.colcon_core.package_identification:_identify(src/ros2_control_course/unit3/rrbot_unit3) by extension 'ignore'
[0.277s] Level 1:colcon.colcon_core.package_identification:_identify(src/ros2_control_course/unit3/rrbot_unit3) by extension 'ignore_ament_install'
[0.277s] Level 1:colcon.colcon_core.package_identification:_identify(src/ros2_control_course/unit3/rrbot_unit3) by extensions ['colcon_pkg']
[0.277s] Level 1:colcon.colcon_core.package_identification:_identify(src/ros2_control_course/unit3/rrbot_unit3) by extension 'colcon_pkg'
[0.277s] Level 1:colcon.colcon_core.package_identification:_identify(src/ros2_control_course/unit3/rrbot_unit3) by extensions ['colcon_meta']
[0.277s] Level 1:colcon.colcon_core.package_identification:_identify(src/ros2_control_course/unit3/rrbot_unit3) by extension 'colcon_meta'
[0.277s] Level 1:colcon.colcon_core.package_identification:_identify(src/ros2_control_course/unit3/rrbot_unit3) by extensions ['ros']
[0.278s] Level 1:colcon.colcon_core.package_identification:_identify(src/ros2_control_course/unit3/rrbot_unit3) by extension 'ros'
[0.278s] DEBUG:colcon.colcon_core.package_identification:Package 'src/ros2_control_course/unit3/rrbot_unit3' with type 'ros.ament_cmake' and name 'rrbot_unit3'
[0.278s] Level 1:colcon.colcon_core.package_identification:_identify(src/ros2_control_course/unit4) by extensions ['ignore', 'ignore_ament_install']
[0.279s] Level 1:colcon.colcon_core.package_identification:_identify(src/ros2_control_course/unit4) by extension 'ignore'
[0.279s] Level 1:colcon.colcon_core.package_identification:_identify(src/ros2_control_course/unit4) by extension 'ignore_ament_install'
[0.279s] Level 1:colcon.colcon_core.package_identification:_identify(src/ros2_control_course/unit4) by extensions ['colcon_pkg']
[0.279s] Level 1:colcon.colcon_core.package_identification:_identify(src/ros2_control_course/unit4) by extension 'colcon_pkg'
[0.279s] Level 1:colcon.colcon_core.package_identification:_identify(src/ros2_control_course/unit4) by extensions ['colcon_meta']
[0.279s] Level 1:colcon.colcon_core.package_identification:_identify(src/ros2_control_course/unit4) by extension 'colcon_meta'
[0.279s] Level 1:colcon.colcon_core.package_identification:_identify(src/ros2_control_course/unit4) by extensions ['ros']
[0.280s] Level 1:colcon.colcon_core.package_identification:_identify(src/ros2_control_course/unit4) by extension 'ros'
[0.280s] Level 1:colcon.colcon_core.package_identification:_identify(src/ros2_control_course/unit4) by extensions ['cmake', 'python']
[0.280s] Level 1:colcon.colcon_core.package_identification:_identify(src/ros2_control_course/unit4) by extension 'cmake'
[0.280s] Level 1:colcon.colcon_core.package_identification:_identify(src/ros2_control_course/unit4) by extension 'python'
[0.280s] Level 1:colcon.colcon_core.package_identification:_identify(src/ros2_control_course/unit4) by extensions ['python_setup_py']
[0.280s] Level 1:colcon.colcon_core.package_identification:_identify(src/ros2_control_course/unit4) by extension 'python_setup_py'
[0.280s] Level 1:colcon.colcon_core.package_identification:_identify(src/ros2_control_course/unit4/rrbot_unit4) by extensions ['ignore', 'ignore_ament_install']
[0.280s] Level 1:colcon.colcon_core.package_identification:_identify(src/ros2_control_course/unit4/rrbot_unit4) by extension 'ignore'
[0.280s] Level 1:colcon.colcon_core.package_identification:_identify(src/ros2_control_course/unit4/rrbot_unit4) by extension 'ignore_ament_install'
[0.280s] Level 1:colcon.colcon_core.package_identification:_identify(src/ros2_control_course/unit4/rrbot_unit4) by extensions ['colcon_pkg']
[0.280s] Level 1:colcon.colcon_core.package_identification:_identify(src/ros2_control_course/unit4/rrbot_unit4) by extension 'colcon_pkg'
[0.280s] Level 1:colcon.colcon_core.package_identification:_identify(src/ros2_control_course/unit4/rrbot_unit4) by extensions ['colcon_meta']
[0.280s] Level 1:colcon.colcon_core.package_identification:_identify(src/ros2_control_course/unit4/rrbot_unit4) by extension 'colcon_meta'
[0.280s] Level 1:colcon.colcon_core.package_identification:_identify(src/ros2_control_course/unit4/rrbot_unit4) by extensions ['ros']
[0.280s] Level 1:colcon.colcon_core.package_identification:_identify(src/ros2_control_course/unit4/rrbot_unit4) by extension 'ros'
[0.281s] DEBUG:colcon.colcon_core.package_identification:Package 'src/ros2_control_course/unit4/rrbot_unit4' with type 'ros.ament_cmake' and name 'rrbot_unit4'
[0.281s] Level 1:colcon.colcon_core.package_identification:_identify(src/ros2_control_course/unit5) by extensions ['ignore', 'ignore_ament_install']
[0.281s] Level 1:colcon.colcon_core.package_identification:_identify(src/ros2_control_course/unit5) by extension 'ignore'
[0.281s] Level 1:colcon.colcon_core.package_identification:_identify(src/ros2_control_course/unit5) by extension 'ignore_ament_install'
[0.281s] Level 1:colcon.colcon_core.package_identification:_identify(src/ros2_control_course/unit5) by extensions ['colcon_pkg']
[0.281s] Level 1:colcon.colcon_core.package_identification:_identify(src/ros2_control_course/unit5) by extension 'colcon_pkg'
[0.281s] Level 1:colcon.colcon_core.package_identification:_identify(src/ros2_control_course/unit5) by extensions ['colcon_meta']
[0.281s] Level 1:colcon.colcon_core.package_identification:_identify(src/ros2_control_course/unit5) by extension 'colcon_meta'
[0.281s] Level 1:colcon.colcon_core.package_identification:_identify(src/ros2_control_course/unit5) by extensions ['ros']
[0.282s] Level 1:colcon.colcon_core.package_identification:_identify(src/ros2_control_course/unit5) by extension 'ros'
[0.282s] Level 1:colcon.colcon_core.package_identification:_identify(src/ros2_control_course/unit5) by extensions ['cmake', 'python']
[0.282s] Level 1:colcon.colcon_core.package_identification:_identify(src/ros2_control_course/unit5) by extension 'cmake'
[0.282s] Level 1:colcon.colcon_core.package_identification:_identify(src/ros2_control_course/unit5) by extension 'python'
[0.282s] Level 1:colcon.colcon_core.package_identification:_identify(src/ros2_control_course/unit5) by extensions ['python_setup_py']
[0.282s] Level 1:colcon.colcon_core.package_identification:_identify(src/ros2_control_course/unit5) by extension 'python_setup_py'
[0.282s] Level 1:colcon.colcon_core.package_identification:_identify(src/ros2_control_course/unit5/diffbot_description) by extensions ['ignore', 'ignore_ament_install']
[0.282s] Level 1:colcon.colcon_core.package_identification:_identify(src/ros2_control_course/unit5/diffbot_description) by extension 'ignore'
[0.282s] Level 1:colcon.colcon_core.package_identification:_identify(src/ros2_control_course/unit5/diffbot_description) by extension 'ignore_ament_install'
[0.282s] Level 1:colcon.colcon_core.package_identification:_identify(src/ros2_control_course/unit5/diffbot_description) by extensions ['colcon_pkg']
[0.282s] Level 1:colcon.colcon_core.package_identification:_identify(src/ros2_control_course/unit5/diffbot_description) by extension 'colcon_pkg'
[0.282s] Level 1:colcon.colcon_core.package_identification:_identify(src/ros2_control_course/unit5/diffbot_description) by extensions ['colcon_meta']
[0.282s] Level 1:colcon.colcon_core.package_identification:_identify(src/ros2_control_course/unit5/diffbot_description) by extension 'colcon_meta'
[0.282s] Level 1:colcon.colcon_core.package_identification:_identify(src/ros2_control_course/unit5/diffbot_description) by extensions ['ros']
[0.282s] Level 1:colcon.colcon_core.package_identification:_identify(src/ros2_control_course/unit5/diffbot_description) by extension 'ros'
[0.283s] DEBUG:colcon.colcon_core.package_identification:Package 'src/ros2_control_course/unit5/diffbot_description' with type 'ros.ament_cmake' and name 'diffbot_description'
[0.283s] Level 1:colcon.colcon_core.package_identification:_identify(src/ros2_control_course/unit5/diffbot_sim) by extensions ['ignore', 'ignore_ament_install']
[0.283s] Level 1:colcon.colcon_core.package_identification:_identify(src/ros2_control_course/unit5/diffbot_sim) by extension 'ignore'
[0.283s] Level 1:colcon.colcon_core.package_identification:_identify(src/ros2_control_course/unit5/diffbot_sim) by extension 'ignore_ament_install'
[0.283s] Level 1:colcon.colcon_core.package_identification:_identify(src/ros2_control_course/unit5/diffbot_sim) by extensions ['colcon_pkg']
[0.283s] Level 1:colcon.colcon_core.package_identification:_identify(src/ros2_control_course/unit5/diffbot_sim) by extension 'colcon_pkg'
[0.283s] Level 1:colcon.colcon_core.package_identification:_identify(src/ros2_control_course/unit5/diffbot_sim) by extensions ['colcon_meta']
[0.283s] Level 1:colcon.colcon_core.package_identification:_identify(src/ros2_control_course/unit5/diffbot_sim) by extension 'colcon_meta'
[0.283s] Level 1:colcon.colcon_core.package_identification:_identify(src/ros2_control_course/unit5/diffbot_sim) by extensions ['ros']
[0.283s] Level 1:colcon.colcon_core.package_identification:_identify(src/ros2_control_course/unit5/diffbot_sim) by extension 'ros'
[0.284s] DEBUG:colcon.colcon_core.package_identification:Package 'src/ros2_control_course/unit5/diffbot_sim' with type 'ros.ament_cmake' and name 'diffbot_sim'
[0.284s] Level 1:colcon.colcon_core.package_identification:_identify(src/ros2_control_course/unit5/rrbot_unit5) by extensions ['ignore', 'ignore_ament_install']
[0.284s] Level 1:colcon.colcon_core.package_identification:_identify(src/ros2_control_course/unit5/rrbot_unit5) by extension 'ignore'
[0.284s] Level 1:colcon.colcon_core.package_identification:_identify(src/ros2_control_course/unit5/rrbot_unit5) by extension 'ignore_ament_install'
[0.284s] Level 1:colcon.colcon_core.package_identification:_identify(src/ros2_control_course/unit5/rrbot_unit5) by extensions ['colcon_pkg']
[0.284s] Level 1:colcon.colcon_core.package_identification:_identify(src/ros2_control_course/unit5/rrbot_unit5) by extension 'colcon_pkg'
[0.284s] Level 1:colcon.colcon_core.package_identification:_identify(src/ros2_control_course/unit5/rrbot_unit5) by extensions ['colcon_meta']
[0.284s] Level 1:colcon.colcon_core.package_identification:_identify(src/ros2_control_course/unit5/rrbot_unit5) by extension 'colcon_meta'
[0.285s] Level 1:colcon.colcon_core.package_identification:_identify(src/ros2_control_course/unit5/rrbot_unit5) by extensions ['ros']
[0.285s] Level 1:colcon.colcon_core.package_identification:_identify(src/ros2_control_course/unit5/rrbot_unit5) by extension 'ros'
[0.285s] DEBUG:colcon.colcon_core.package_identification:Package 'src/ros2_control_course/unit5/rrbot_unit5' with type 'ros.ament_cmake' and name 'rrbot_unit5'
[0.285s] Level 1:colcon.colcon_core.package_identification:_identify(src/ros2_control_course/unit5/spawn_robot) by extensions ['ignore', 'ignore_ament_install']
[0.285s] Level 1:colcon.colcon_core.package_identification:_identify(src/ros2_control_course/unit5/spawn_robot) by extension 'ignore'
[0.285s] Level 1:colcon.colcon_core.package_identification:_identify(src/ros2_control_course/unit5/spawn_robot) by extension 'ignore_ament_install'
[0.285s] Level 1:colcon.colcon_core.package_identification:_identify(src/ros2_control_course/unit5/spawn_robot) by extensions ['colcon_pkg']
[0.285s] Level 1:colcon.colcon_core.package_identification:_identify(src/ros2_control_course/unit5/spawn_robot) by extension 'colcon_pkg'
[0.286s] Level 1:colcon.colcon_core.package_identification:_identify(src/ros2_control_course/unit5/spawn_robot) by extensions ['colcon_meta']
[0.286s] Level 1:colcon.colcon_core.package_identification:_identify(src/ros2_control_course/unit5/spawn_robot) by extension 'colcon_meta'
[0.286s] Level 1:colcon.colcon_core.package_identification:_identify(src/ros2_control_course/unit5/spawn_robot) by extensions ['ros']
[0.286s] Level 1:colcon.colcon_core.package_identification:_identify(src/ros2_control_course/unit5/spawn_robot) by extension 'ros'
[0.286s] DEBUG:colcon.colcon_core.package_identification:Package 'src/ros2_control_course/unit5/spawn_robot' with type 'ros.ament_cmake' and name 'spawn_robot'
[0.286s] Level 1:colcon.colcon_core.package_identification:_identify(src/ros2_control_course/unit6) by extensions ['ignore', 'ignore_ament_install']
[0.286s] Level 1:colcon.colcon_core.package_identification:_identify(src/ros2_control_course/unit6) by extension 'ignore'
[0.286s] Level 1:colcon.colcon_core.package_identification:_identify(src/ros2_control_course/unit6) by extension 'ignore_ament_install'
[0.286s] Level 1:colcon.colcon_core.package_identification:_identify(src/ros2_control_course/unit6) by extensions ['colcon_pkg']
[0.286s] Level 1:colcon.colcon_core.package_identification:_identify(src/ros2_control_course/unit6) by extension 'colcon_pkg'
[0.286s] Level 1:colcon.colcon_core.package_identification:_identify(src/ros2_control_course/unit6) by extensions ['colcon_meta']
[0.286s] Level 1:colcon.colcon_core.package_identification:_identify(src/ros2_control_course/unit6) by extension 'colcon_meta'
[0.287s] Level 1:colcon.colcon_core.package_identification:_identify(src/ros2_control_course/unit6) by extensions ['ros']
[0.287s] Level 1:colcon.colcon_core.package_identification:_identify(src/ros2_control_course/unit6) by extension 'ros'
[0.287s] Level 1:colcon.colcon_core.package_identification:_identify(src/ros2_control_course/unit6) by extensions ['cmake', 'python']
[0.287s] Level 1:colcon.colcon_core.package_identification:_identify(src/ros2_control_course/unit6) by extension 'cmake'
[0.287s] Level 1:colcon.colcon_core.package_identification:_identify(src/ros2_control_course/unit6) by extension 'python'
[0.287s] Level 1:colcon.colcon_core.package_identification:_identify(src/ros2_control_course/unit6) by extensions ['python_setup_py']
[0.287s] Level 1:colcon.colcon_core.package_identification:_identify(src/ros2_control_course/unit6) by extension 'python_setup_py'
[0.287s] Level 1:colcon.colcon_core.package_identification:_identify(src/ros2_control_course/unit6/solo_description) by extensions ['ignore', 'ignore_ament_install']
[0.287s] Level 1:colcon.colcon_core.package_identification:_identify(src/ros2_control_course/unit6/solo_description) by extension 'ignore'
[0.287s] Level 1:colcon.colcon_core.package_identification:_identify(src/ros2_control_course/unit6/solo_description) by extension 'ignore_ament_install'
[0.287s] Level 1:colcon.colcon_core.package_identification:_identify(src/ros2_control_course/unit6/solo_description) by extensions ['colcon_pkg']
[0.287s] Level 1:colcon.colcon_core.package_identification:_identify(src/ros2_control_course/unit6/solo_description) by extension 'colcon_pkg'
[0.287s] Level 1:colcon.colcon_core.package_identification:_identify(src/ros2_control_course/unit6/solo_description) by extensions ['colcon_meta']
[0.287s] Level 1:colcon.colcon_core.package_identification:_identify(src/ros2_control_course/unit6/solo_description) by extension 'colcon_meta'
[0.287s] Level 1:colcon.colcon_core.package_identification:_identify(src/ros2_control_course/unit6/solo_description) by extensions ['ros']
[0.287s] Level 1:colcon.colcon_core.package_identification:_identify(src/ros2_control_course/unit6/solo_description) by extension 'ros'
[0.288s] DEBUG:colcon.colcon_core.package_identification:Package 'src/ros2_control_course/unit6/solo_description' with type 'ros.ament_cmake' and name 'solo_description'
[0.288s] Level 1:colcon.colcon_core.package_identification:_identify(src/ros2_control_course/unit6/spawn_solo) by extensions ['ignore', 'ignore_ament_install']
[0.288s] Level 1:colcon.colcon_core.package_identification:_identify(src/ros2_control_course/unit6/spawn_solo) by extension 'ignore'
[0.288s] Level 1:colcon.colcon_core.package_identification:_identify(src/ros2_control_course/unit6/spawn_solo) by extension 'ignore_ament_install'
[0.288s] Level 1:colcon.colcon_core.package_identification:_identify(src/ros2_control_course/unit6/spawn_solo) by extensions ['colcon_pkg']
[0.288s] Level 1:colcon.colcon_core.package_identification:_identify(src/ros2_control_course/unit6/spawn_solo) by extension 'colcon_pkg'
[0.288s] Level 1:colcon.colcon_core.package_identification:_identify(src/ros2_control_course/unit6/spawn_solo) by extensions ['colcon_meta']
[0.288s] Level 1:colcon.colcon_core.package_identification:_identify(src/ros2_control_course/unit6/spawn_solo) by extension 'colcon_meta'
[0.288s] Level 1:colcon.colcon_core.package_identification:_identify(src/ros2_control_course/unit6/spawn_solo) by extensions ['ros']
[0.288s] Level 1:colcon.colcon_core.package_identification:_identify(src/ros2_control_course/unit6/spawn_solo) by extension 'ros'
[0.289s] DEBUG:colcon.colcon_core.package_identification:Package 'src/ros2_control_course/unit6/spawn_solo' with type 'ros.ament_cmake' and name 'spawn_solo'
[0.289s] Level 1:colcon.colcon_core.package_identification:_identify(src/rrbot_controller) by extensions ['ignore', 'ignore_ament_install']
[0.289s] Level 1:colcon.colcon_core.package_identification:_identify(src/rrbot_controller) by extension 'ignore'
[0.289s] Level 1:colcon.colcon_core.package_identification:_identify(src/rrbot_controller) by extension 'ignore_ament_install'
[0.289s] Level 1:colcon.colcon_core.package_identification:_identify(src/rrbot_controller) by extensions ['colcon_pkg']
[0.289s] Level 1:colcon.colcon_core.package_identification:_identify(src/rrbot_controller) by extension 'colcon_pkg'
[0.289s] Level 1:colcon.colcon_core.package_identification:_identify(src/rrbot_controller) by extensions ['colcon_meta']
[0.289s] Level 1:colcon.colcon_core.package_identification:_identify(src/rrbot_controller) by extension 'colcon_meta'
[0.289s] Level 1:colcon.colcon_core.package_identification:_identify(src/rrbot_controller) by extensions ['ros']
[0.289s] Level 1:colcon.colcon_core.package_identification:_identify(src/rrbot_controller) by extension 'ros'
[0.290s] DEBUG:colcon.colcon_core.package_identification:Package 'src/rrbot_controller' with type 'ros.ament_cmake' and name 'rrbot_controller'
[0.290s] Level 1:colcon.colcon_core.package_discovery:discover_packages(recursive) using defaults
[0.290s] Level 1:colcon.colcon_core.package_discovery:discover_packages(ignore) discover
[0.290s] Level 1:colcon.colcon_core.package_discovery:discover_packages(ignore) using defaults
[0.290s] Level 1:colcon.colcon_core.package_discovery:discover_packages(path) discover
[0.290s] Level 1:colcon.colcon_core.package_discovery:discover_packages(path) using defaults
[0.323s] Level 5:colcon.colcon_core.verb:set package 'diffbot_description' build argument 'cmake_args' from command line to 'None'
[0.323s] Level 5:colcon.colcon_core.verb:set package 'diffbot_description' build argument 'cmake_target' from command line to 'None'
[0.323s] Level 5:colcon.colcon_core.verb:set package 'diffbot_description' build argument 'cmake_target_skip_unavailable' from command line to 'False'
[0.323s] Level 5:colcon.colcon_core.verb:set package 'diffbot_description' build argument 'cmake_clean_cache' from command line to 'False'
[0.323s] Level 5:colcon.colcon_core.verb:set package 'diffbot_description' build argument 'cmake_clean_first' from command line to 'False'
[0.323s] Level 5:colcon.colcon_core.verb:set package 'diffbot_description' build argument 'cmake_force_configure' from command line to 'False'
[0.323s] Level 5:colcon.colcon_core.verb:set package 'diffbot_description' build argument 'ament_cmake_args' from command line to 'None'
[0.323s] Level 5:colcon.colcon_core.verb:set package 'diffbot_description' build argument 'catkin_cmake_args' from command line to 'None'
[0.323s] Level 5:colcon.colcon_core.verb:set package 'diffbot_description' build argument 'catkin_skip_building_tests' from command line to 'False'
[0.323s] DEBUG:colcon.colcon_core.verb:Building package 'diffbot_description' with the following arguments: {'ament_cmake_args': None, 'build_base': '/home/user/ros2_ws/build/diffbot_description', 'catkin_cmake_args': None, 'catkin_skip_building_tests': False, 'cmake_args': None, 'cmake_clean_cache': False, 'cmake_clean_first': False, 'cmake_force_configure': False, 'cmake_target': None, 'cmake_target_skip_unavailable': False, 'install_base': '/home/user/ros2_ws/install/diffbot_description', 'merge_install': False, 'path': '/home/user/ros2_ws/src/ros2_control_course/unit5/diffbot_description', 'symlink_install': False, 'test_result_base': None}
[0.324s] Level 5:colcon.colcon_core.verb:set package 'diffbot_sim' build argument 'cmake_args' from command line to 'None'
[0.324s] Level 5:colcon.colcon_core.verb:set package 'diffbot_sim' build argument 'cmake_target' from command line to 'None'
[0.324s] Level 5:colcon.colcon_core.verb:set package 'diffbot_sim' build argument 'cmake_target_skip_unavailable' from command line to 'False'
[0.324s] Level 5:colcon.colcon_core.verb:set package 'diffbot_sim' build argument 'cmake_clean_cache' from command line to 'False'
[0.324s] Level 5:colcon.colcon_core.verb:set package 'diffbot_sim' build argument 'cmake_clean_first' from command line to 'False'
[0.324s] Level 5:colcon.colcon_core.verb:set package 'diffbot_sim' build argument 'cmake_force_configure' from command line to 'False'
[0.324s] Level 5:colcon.colcon_core.verb:set package 'diffbot_sim' build argument 'ament_cmake_args' from command line to 'None'
[0.324s] Level 5:colcon.colcon_core.verb:set package 'diffbot_sim' build argument 'catkin_cmake_args' from command line to 'None'
[0.324s] Level 5:colcon.colcon_core.verb:set package 'diffbot_sim' build argument 'catkin_skip_building_tests' from command line to 'False'
[0.324s] DEBUG:colcon.colcon_core.verb:Building package 'diffbot_sim' with the following arguments: {'ament_cmake_args': None, 'build_base': '/home/user/ros2_ws/build/diffbot_sim', 'catkin_cmake_args': None, 'catkin_skip_building_tests': False, 'cmake_args': None, 'cmake_clean_cache': False, 'cmake_clean_first': False, 'cmake_force_configure': False, 'cmake_target': None, 'cmake_target_skip_unavailable': False, 'install_base': '/home/user/ros2_ws/install/diffbot_sim', 'merge_install': False, 'path': '/home/user/ros2_ws/src/ros2_control_course/unit5/diffbot_sim', 'symlink_install': False, 'test_result_base': None}
[0.325s] Level 5:colcon.colcon_core.verb:set package 'dynamixel_sdk' build argument 'cmake_args' from command line to 'None'
[0.325s] Level 5:colcon.colcon_core.verb:set package 'dynamixel_sdk' build argument 'cmake_target' from command line to 'None'
[0.325s] Level 5:colcon.colcon_core.verb:set package 'dynamixel_sdk' build argument 'cmake_target_skip_unavailable' from command line to 'False'
[0.325s] Level 5:colcon.colcon_core.verb:set package 'dynamixel_sdk' build argument 'cmake_clean_cache' from command line to 'False'
[0.325s] Level 5:colcon.colcon_core.verb:set package 'dynamixel_sdk' build argument 'cmake_clean_first' from command line to 'False'
[0.325s] Level 5:colcon.colcon_core.verb:set package 'dynamixel_sdk' build argument 'cmake_force_configure' from command line to 'False'
[0.325s] Level 5:colcon.colcon_core.verb:set package 'dynamixel_sdk' build argument 'ament_cmake_args' from command line to 'None'
[0.325s] Level 5:colcon.colcon_core.verb:set package 'dynamixel_sdk' build argument 'catkin_cmake_args' from command line to 'None'
[0.325s] Level 5:colcon.colcon_core.verb:set package 'dynamixel_sdk' build argument 'catkin_skip_building_tests' from command line to 'False'
[0.325s] DEBUG:colcon.colcon_core.verb:Building package 'dynamixel_sdk' with the following arguments: {'ament_cmake_args': None, 'build_base': '/home/user/ros2_ws/build/dynamixel_sdk', 'catkin_cmake_args': None, 'catkin_skip_building_tests': False, 'cmake_args': None, 'cmake_clean_cache': False, 'cmake_clean_first': False, 'cmake_force_configure': False, 'cmake_target': None, 'cmake_target_skip_unavailable': False, 'install_base': '/home/user/ros2_ws/install/dynamixel_sdk', 'merge_install': False, 'path': '/home/user/ros2_ws/src/DynamixelSDK/dynamixel_sdk', 'symlink_install': False, 'test_result_base': None}
[0.325s] Level 5:colcon.colcon_core.verb:set package 'dynamixel_sdk_custom_interfaces' build argument 'cmake_args' from command line to 'None'
[0.325s] Level 5:colcon.colcon_core.verb:set package 'dynamixel_sdk_custom_interfaces' build argument 'cmake_target' from command line to 'None'
[0.325s] Level 5:colcon.colcon_core.verb:set package 'dynamixel_sdk_custom_interfaces' build argument 'cmake_target_skip_unavailable' from command line to 'False'
[0.325s] Level 5:colcon.colcon_core.verb:set package 'dynamixel_sdk_custom_interfaces' build argument 'cmake_clean_cache' from command line to 'False'
[0.325s] Level 5:colcon.colcon_core.verb:set package 'dynamixel_sdk_custom_interfaces' build argument 'cmake_clean_first' from command line to 'False'
[0.325s] Level 5:colcon.colcon_core.verb:set package 'dynamixel_sdk_custom_interfaces' build argument 'cmake_force_configure' from command line to 'False'
[0.326s] Level 5:colcon.colcon_core.verb:set package 'dynamixel_sdk_custom_interfaces' build argument 'ament_cmake_args' from command line to 'None'
[0.326s] Level 5:colcon.colcon_core.verb:set package 'dynamixel_sdk_custom_interfaces' build argument 'catkin_cmake_args' from command line to 'None'
[0.326s] Level 5:colcon.colcon_core.verb:set package 'dynamixel_sdk_custom_interfaces' build argument 'catkin_skip_building_tests' from command line to 'False'
[0.326s] DEBUG:colcon.colcon_core.verb:Building package 'dynamixel_sdk_custom_interfaces' with the following arguments: {'ament_cmake_args': None, 'build_base': '/home/user/ros2_ws/build/dynamixel_sdk_custom_interfaces', 'catkin_cmake_args': None, 'catkin_skip_building_tests': False, 'cmake_args': None, 'cmake_clean_cache': False, 'cmake_clean_first': False, 'cmake_force_configure': False, 'cmake_target': None, 'cmake_target_skip_unavailable': False, 'install_base': '/home/user/ros2_ws/install/dynamixel_sdk_custom_interfaces', 'merge_install': False, 'path': '/home/user/ros2_ws/src/DynamixelSDK/dynamixel_sdk_custom_interfaces', 'symlink_install': False, 'test_result_base': None}
[0.326s] Level 5:colcon.colcon_core.verb:set package 'joint_trajectory_demo' build argument 'cmake_args' from command line to 'None'
[0.326s] Level 5:colcon.colcon_core.verb:set package 'joint_trajectory_demo' build argument 'cmake_target' from command line to 'None'
[0.326s] Level 5:colcon.colcon_core.verb:set package 'joint_trajectory_demo' build argument 'cmake_target_skip_unavailable' from command line to 'False'
[0.326s] Level 5:colcon.colcon_core.verb:set package 'joint_trajectory_demo' build argument 'cmake_clean_cache' from command line to 'False'
[0.326s] Level 5:colcon.colcon_core.verb:set package 'joint_trajectory_demo' build argument 'cmake_clean_first' from command line to 'False'
[0.326s] Level 5:colcon.colcon_core.verb:set package 'joint_trajectory_demo' build argument 'cmake_force_configure' from command line to 'False'
[0.326s] Level 5:colcon.colcon_core.verb:set package 'joint_trajectory_demo' build argument 'ament_cmake_args' from command line to 'None'
[0.326s] Level 5:colcon.colcon_core.verb:set package 'joint_trajectory_demo' build argument 'catkin_cmake_args' from command line to 'None'
[0.326s] Level 5:colcon.colcon_core.verb:set package 'joint_trajectory_demo' build argument 'catkin_skip_building_tests' from command line to 'False'
[0.326s] DEBUG:colcon.colcon_core.verb:Building package 'joint_trajectory_demo' with the following arguments: {'ament_cmake_args': None, 'build_base': '/home/user/ros2_ws/build/joint_trajectory_demo', 'catkin_cmake_args': None, 'catkin_skip_building_tests': False, 'cmake_args': None, 'cmake_clean_cache': False, 'cmake_clean_first': False, 'cmake_force_configure': False, 'cmake_target': None, 'cmake_target_skip_unavailable': False, 'install_base': '/home/user/ros2_ws/install/joint_trajectory_demo', 'merge_install': False, 'path': '/home/user/ros2_ws/src/ros2_control_course/unit1/joint_trajectory_demo', 'symlink_install': False, 'test_result_base': None}
[0.327s] Level 5:colcon.colcon_core.verb:set package 'joint_trajectory_publisher' build argument 'cmake_args' from command line to 'None'
[0.327s] Level 5:colcon.colcon_core.verb:set package 'joint_trajectory_publisher' build argument 'cmake_target' from command line to 'None'
[0.327s] Level 5:colcon.colcon_core.verb:set package 'joint_trajectory_publisher' build argument 'cmake_target_skip_unavailable' from command line to 'False'
[0.327s] Level 5:colcon.colcon_core.verb:set package 'joint_trajectory_publisher' build argument 'cmake_clean_cache' from command line to 'False'
[0.327s] Level 5:colcon.colcon_core.verb:set package 'joint_trajectory_publisher' build argument 'cmake_clean_first' from command line to 'False'
[0.327s] Level 5:colcon.colcon_core.verb:set package 'joint_trajectory_publisher' build argument 'cmake_force_configure' from command line to 'False'
[0.327s] Level 5:colcon.colcon_core.verb:set package 'joint_trajectory_publisher' build argument 'ament_cmake_args' from command line to 'None'
[0.327s] Level 5:colcon.colcon_core.verb:set package 'joint_trajectory_publisher' build argument 'catkin_cmake_args' from command line to 'None'
[0.327s] Level 5:colcon.colcon_core.verb:set package 'joint_trajectory_publisher' build argument 'catkin_skip_building_tests' from command line to 'False'
[0.327s] DEBUG:colcon.colcon_core.verb:Building package 'joint_trajectory_publisher' with the following arguments: {'ament_cmake_args': None, 'build_base': '/home/user/ros2_ws/build/joint_trajectory_publisher', 'catkin_cmake_args': None, 'catkin_skip_building_tests': False, 'cmake_args': None, 'cmake_clean_cache': False, 'cmake_clean_first': False, 'cmake_force_configure': False, 'cmake_target': None, 'cmake_target_skip_unavailable': False, 'install_base': '/home/user/ros2_ws/install/joint_trajectory_publisher', 'merge_install': False, 'path': '/home/user/ros2_ws/src/ros2_control_course/common/joint_trajectory_publisher', 'symlink_install': False, 'test_result_base': None}
[0.327s] Level 5:colcon.colcon_core.verb:set package 'my_quadruped_bringup' build argument 'cmake_args' from command line to 'None'
[0.327s] Level 5:colcon.colcon_core.verb:set package 'my_quadruped_bringup' build argument 'cmake_target' from command line to 'None'
[0.327s] Level 5:colcon.colcon_core.verb:set package 'my_quadruped_bringup' build argument 'cmake_target_skip_unavailable' from command line to 'False'
[0.327s] Level 5:colcon.colcon_core.verb:set package 'my_quadruped_bringup' build argument 'cmake_clean_cache' from command line to 'False'
[0.327s] Level 5:colcon.colcon_core.verb:set package 'my_quadruped_bringup' build argument 'cmake_clean_first' from command line to 'False'
[0.327s] Level 5:colcon.colcon_core.verb:set package 'my_quadruped_bringup' build argument 'cmake_force_configure' from command line to 'False'
[0.327s] Level 5:colcon.colcon_core.verb:set package 'my_quadruped_bringup' build argument 'ament_cmake_args' from command line to 'None'
[0.327s] Level 5:colcon.colcon_core.verb:set package 'my_quadruped_bringup' build argument 'catkin_cmake_args' from command line to 'None'
[0.327s] Level 5:colcon.colcon_core.verb:set package 'my_quadruped_bringup' build argument 'catkin_skip_building_tests' from command line to 'False'
[0.327s] DEBUG:colcon.colcon_core.verb:Building package 'my_quadruped_bringup' with the following arguments: {'ament_cmake_args': None, 'build_base': '/home/user/ros2_ws/build/my_quadruped_bringup', 'catkin_cmake_args': None, 'catkin_skip_building_tests': False, 'cmake_args': None, 'cmake_clean_cache': False, 'cmake_clean_first': False, 'cmake_force_configure': False, 'cmake_target': None, 'cmake_target_skip_unavailable': False, 'install_base': '/home/user/ros2_ws/install/my_quadruped_bringup', 'merge_install': False, 'path': '/home/user/ros2_ws/src/my_quadruped_bringup', 'symlink_install': False, 'test_result_base': None}
[0.328s] Level 5:colcon.colcon_core.verb:set package 'my_robot_bringup' build argument 'cmake_args' from command line to 'None'
[0.328s] Level 5:colcon.colcon_core.verb:set package 'my_robot_bringup' build argument 'cmake_target' from command line to 'None'
[0.328s] Level 5:colcon.colcon_core.verb:set package 'my_robot_bringup' build argument 'cmake_target_skip_unavailable' from command line to 'False'
[0.328s] Level 5:colcon.colcon_core.verb:set package 'my_robot_bringup' build argument 'cmake_clean_cache' from command line to 'False'
[0.328s] Level 5:colcon.colcon_core.verb:set package 'my_robot_bringup' build argument 'cmake_clean_first' from command line to 'False'
[0.328s] Level 5:colcon.colcon_core.verb:set package 'my_robot_bringup' build argument 'cmake_force_configure' from command line to 'False'
[0.328s] Level 5:colcon.colcon_core.verb:set package 'my_robot_bringup' build argument 'ament_cmake_args' from command line to 'None'
[0.328s] Level 5:colcon.colcon_core.verb:set package 'my_robot_bringup' build argument 'catkin_cmake_args' from command line to 'None'
[0.328s] Level 5:colcon.colcon_core.verb:set package 'my_robot_bringup' build argument 'catkin_skip_building_tests' from command line to 'False'
[0.328s] DEBUG:colcon.colcon_core.verb:Building package 'my_robot_bringup' with the following arguments: {'ament_cmake_args': None, 'build_base': '/home/user/ros2_ws/build/my_robot_bringup', 'catkin_cmake_args': None, 'catkin_skip_building_tests': False, 'cmake_args': None, 'cmake_clean_cache': False, 'cmake_clean_first': False, 'cmake_force_configure': False, 'cmake_target': None, 'cmake_target_skip_unavailable': False, 'install_base': '/home/user/ros2_ws/install/my_robot_bringup', 'merge_install': False, 'path': '/home/user/ros2_ws/src/my_robot_bringup', 'symlink_install': False, 'test_result_base': None}
[0.329s] Level 5:colcon.colcon_core.verb:set package 'my_robot_hardware_interface' build argument 'cmake_args' from command line to 'None'
[0.329s] Level 5:colcon.colcon_core.verb:set package 'my_robot_hardware_interface' build argument 'cmake_target' from command line to 'None'
[0.329s] Level 5:colcon.colcon_core.verb:set package 'my_robot_hardware_interface' build argument 'cmake_target_skip_unavailable' from command line to 'False'
[0.329s] Level 5:colcon.colcon_core.verb:set package 'my_robot_hardware_interface' build argument 'cmake_clean_cache' from command line to 'False'
[0.329s] Level 5:colcon.colcon_core.verb:set package 'my_robot_hardware_interface' build argument 'cmake_clean_first' from command line to 'False'
[0.329s] Level 5:colcon.colcon_core.verb:set package 'my_robot_hardware_interface' build argument 'cmake_force_configure' from command line to 'False'
[0.329s] Level 5:colcon.colcon_core.verb:set package 'my_robot_hardware_interface' build argument 'ament_cmake_args' from command line to 'None'
[0.329s] Level 5:colcon.colcon_core.verb:set package 'my_robot_hardware_interface' build argument 'catkin_cmake_args' from command line to 'None'
[0.329s] Level 5:colcon.colcon_core.verb:set package 'my_robot_hardware_interface' build argument 'catkin_skip_building_tests' from command line to 'False'
[0.329s] DEBUG:colcon.colcon_core.verb:Building package 'my_robot_hardware_interface' with the following arguments: {'ament_cmake_args': None, 'build_base': '/home/user/ros2_ws/build/my_robot_hardware_interface', 'catkin_cmake_args': None, 'catkin_skip_building_tests': False, 'cmake_args': None, 'cmake_clean_cache': False, 'cmake_clean_first': False, 'cmake_force_configure': False, 'cmake_target': None, 'cmake_target_skip_unavailable': False, 'install_base': '/home/user/ros2_ws/install/my_robot_hardware_interface', 'merge_install': False, 'path': '/home/user/ros2_ws/src/my_robot_hardware_interface', 'symlink_install': False, 'test_result_base': None}
[0.329s] Level 5:colcon.colcon_core.verb:set package 'rrbot_controller' build argument 'cmake_args' from command line to 'None'
[0.329s] Level 5:colcon.colcon_core.verb:set package 'rrbot_controller' build argument 'cmake_target' from command line to 'None'
[0.329s] Level 5:colcon.colcon_core.verb:set package 'rrbot_controller' build argument 'cmake_target_skip_unavailable' from command line to 'False'
[0.330s] Level 5:colcon.colcon_core.verb:set package 'rrbot_controller' build argument 'cmake_clean_cache' from command line to 'False'
[0.330s] Level 5:colcon.colcon_core.verb:set package 'rrbot_controller' build argument 'cmake_clean_first' from command line to 'False'
[0.330s] Level 5:colcon.colcon_core.verb:set package 'rrbot_controller' build argument 'cmake_force_configure' from command line to 'False'
[0.330s] Level 5:colcon.colcon_core.verb:set package 'rrbot_controller' build argument 'ament_cmake_args' from command line to 'None'
[0.330s] Level 5:colcon.colcon_core.verb:set package 'rrbot_controller' build argument 'catkin_cmake_args' from command line to 'None'
[0.330s] Level 5:colcon.colcon_core.verb:set package 'rrbot_controller' build argument 'catkin_skip_building_tests' from command line to 'False'
[0.330s] DEBUG:colcon.colcon_core.verb:Building package 'rrbot_controller' with the following arguments: {'ament_cmake_args': None, 'build_base': '/home/user/ros2_ws/build/rrbot_controller', 'catkin_cmake_args': None, 'catkin_skip_building_tests': False, 'cmake_args': None, 'cmake_clean_cache': False, 'cmake_clean_first': False, 'cmake_force_configure': False, 'cmake_target': None, 'cmake_target_skip_unavailable': False, 'install_base': '/home/user/ros2_ws/install/rrbot_controller', 'merge_install': False, 'path': '/home/user/ros2_ws/src/rrbot_controller', 'symlink_install': False, 'test_result_base': None}
[0.330s] Level 5:colcon.colcon_core.verb:set package 'rrbot_unit2' build argument 'cmake_args' from command line to 'None'
[0.330s] Level 5:colcon.colcon_core.verb:set package 'rrbot_unit2' build argument 'cmake_target' from command line to 'None'
[0.330s] Level 5:colcon.colcon_core.verb:set package 'rrbot_unit2' build argument 'cmake_target_skip_unavailable' from command line to 'False'
[0.330s] Level 5:colcon.colcon_core.verb:set package 'rrbot_unit2' build argument 'cmake_clean_cache' from command line to 'False'
[0.330s] Level 5:colcon.colcon_core.verb:set package 'rrbot_unit2' build argument 'cmake_clean_first' from command line to 'False'
[0.330s] Level 5:colcon.colcon_core.verb:set package 'rrbot_unit2' build argument 'cmake_force_configure' from command line to 'False'
[0.330s] Level 5:colcon.colcon_core.verb:set package 'rrbot_unit2' build argument 'ament_cmake_args' from command line to 'None'
[0.330s] Level 5:colcon.colcon_core.verb:set package 'rrbot_unit2' build argument 'catkin_cmake_args' from command line to 'None'
[0.331s] Level 5:colcon.colcon_core.verb:set package 'rrbot_unit2' build argument 'catkin_skip_building_tests' from command line to 'False'
[0.331s] DEBUG:colcon.colcon_core.verb:Building package 'rrbot_unit2' with the following arguments: {'ament_cmake_args': None, 'build_base': '/home/user/ros2_ws/build/rrbot_unit2', 'catkin_cmake_args': None, 'catkin_skip_building_tests': False, 'cmake_args': None, 'cmake_clean_cache': False, 'cmake_clean_first': False, 'cmake_force_configure': False, 'cmake_target': None, 'cmake_target_skip_unavailable': False, 'install_base': '/home/user/ros2_ws/install/rrbot_unit2', 'merge_install': False, 'path': '/home/user/ros2_ws/src/ros2_control_course/unit2/rrbot_unit2', 'symlink_install': False, 'test_result_base': None}
[0.331s] Level 5:colcon.colcon_core.verb:set package 'rrbot_unit3' build argument 'cmake_args' from command line to 'None'
[0.331s] Level 5:colcon.colcon_core.verb:set package 'rrbot_unit3' build argument 'cmake_target' from command line to 'None'
[0.331s] Level 5:colcon.colcon_core.verb:set package 'rrbot_unit3' build argument 'cmake_target_skip_unavailable' from command line to 'False'
[0.331s] Level 5:colcon.colcon_core.verb:set package 'rrbot_unit3' build argument 'cmake_clean_cache' from command line to 'False'
[0.331s] Level 5:colcon.colcon_core.verb:set package 'rrbot_unit3' build argument 'cmake_clean_first' from command line to 'False'
[0.331s] Level 5:colcon.colcon_core.verb:set package 'rrbot_unit3' build argument 'cmake_force_configure' from command line to 'False'
[0.331s] Level 5:colcon.colcon_core.verb:set package 'rrbot_unit3' build argument 'ament_cmake_args' from command line to 'None'
[0.331s] Level 5:colcon.colcon_core.verb:set package 'rrbot_unit3' build argument 'catkin_cmake_args' from command line to 'None'
[0.331s] Level 5:colcon.colcon_core.verb:set package 'rrbot_unit3' build argument 'catkin_skip_building_tests' from command line to 'False'
[0.331s] DEBUG:colcon.colcon_core.verb:Building package 'rrbot_unit3' with the following arguments: {'ament_cmake_args': None, 'build_base': '/home/user/ros2_ws/build/rrbot_unit3', 'catkin_cmake_args': None, 'catkin_skip_building_tests': False, 'cmake_args': None, 'cmake_clean_cache': False, 'cmake_clean_first': False, 'cmake_force_configure': False, 'cmake_target': None, 'cmake_target_skip_unavailable': False, 'install_base': '/home/user/ros2_ws/install/rrbot_unit3', 'merge_install': False, 'path': '/home/user/ros2_ws/src/ros2_control_course/unit3/rrbot_unit3', 'symlink_install': False, 'test_result_base': None}
[0.332s] Level 5:colcon.colcon_core.verb:set package 'rrbot_unit4' build argument 'cmake_args' from command line to 'None'
[0.332s] Level 5:colcon.colcon_core.verb:set package 'rrbot_unit4' build argument 'cmake_target' from command line to 'None'
[0.332s] Level 5:colcon.colcon_core.verb:set package 'rrbot_unit4' build argument 'cmake_target_skip_unavailable' from command line to 'False'
[0.332s] Level 5:colcon.colcon_core.verb:set package 'rrbot_unit4' build argument 'cmake_clean_cache' from command line to 'False'
[0.332s] Level 5:colcon.colcon_core.verb:set package 'rrbot_unit4' build argument 'cmake_clean_first' from command line to 'False'
[0.332s] Level 5:colcon.colcon_core.verb:set package 'rrbot_unit4' build argument 'cmake_force_configure' from command line to 'False'
[0.332s] Level 5:colcon.colcon_core.verb:set package 'rrbot_unit4' build argument 'ament_cmake_args' from command line to 'None'
[0.332s] Level 5:colcon.colcon_core.verb:set package 'rrbot_unit4' build argument 'catkin_cmake_args' from command line to 'None'
[0.332s] Level 5:colcon.colcon_core.verb:set package 'rrbot_unit4' build argument 'catkin_skip_building_tests' from command line to 'False'
[0.332s] DEBUG:colcon.colcon_core.verb:Building package 'rrbot_unit4' with the following arguments: {'ament_cmake_args': None, 'build_base': '/home/user/ros2_ws/build/rrbot_unit4', 'catkin_cmake_args': None, 'catkin_skip_building_tests': False, 'cmake_args': None, 'cmake_clean_cache': False, 'cmake_clean_first': False, 'cmake_force_configure': False, 'cmake_target': None, 'cmake_target_skip_unavailable': False, 'install_base': '/home/user/ros2_ws/install/rrbot_unit4', 'merge_install': False, 'path': '/home/user/ros2_ws/src/ros2_control_course/unit4/rrbot_unit4', 'symlink_install': False, 'test_result_base': None}
[0.332s] Level 5:colcon.colcon_core.verb:set package 'rrbot_unit5' build argument 'cmake_args' from command line to 'None'
[0.332s] Level 5:colcon.colcon_core.verb:set package 'rrbot_unit5' build argument 'cmake_target' from command line to 'None'
[0.332s] Level 5:colcon.colcon_core.verb:set package 'rrbot_unit5' build argument 'cmake_target_skip_unavailable' from command line to 'False'
[0.333s] Level 5:colcon.colcon_core.verb:set package 'rrbot_unit5' build argument 'cmake_clean_cache' from command line to 'False'
[0.333s] Level 5:colcon.colcon_core.verb:set package 'rrbot_unit5' build argument 'cmake_clean_first' from command line to 'False'
[0.333s] Level 5:colcon.colcon_core.verb:set package 'rrbot_unit5' build argument 'cmake_force_configure' from command line to 'False'
[0.333s] Level 5:colcon.colcon_core.verb:set package 'rrbot_unit5' build argument 'ament_cmake_args' from command line to 'None'
[0.333s] Level 5:colcon.colcon_core.verb:set package 'rrbot_unit5' build argument 'catkin_cmake_args' from command line to 'None'
[0.333s] Level 5:colcon.colcon_core.verb:set package 'rrbot_unit5' build argument 'catkin_skip_building_tests' from command line to 'False'
[0.333s] DEBUG:colcon.colcon_core.verb:Building package 'rrbot_unit5' with the following arguments: {'ament_cmake_args': None, 'build_base': '/home/user/ros2_ws/build/rrbot_unit5', 'catkin_cmake_args': None, 'catkin_skip_building_tests': False, 'cmake_args': None, 'cmake_clean_cache': False, 'cmake_clean_first': False, 'cmake_force_configure': False, 'cmake_target': None, 'cmake_target_skip_unavailable': False, 'install_base': '/home/user/ros2_ws/install/rrbot_unit5', 'merge_install': False, 'path': '/home/user/ros2_ws/src/ros2_control_course/unit5/rrbot_unit5', 'symlink_install': False, 'test_result_base': None}
[0.333s] Level 5:colcon.colcon_core.verb:set package 'solo_description' build argument 'cmake_args' from command line to 'None'
[0.333s] Level 5:colcon.colcon_core.verb:set package 'solo_description' build argument 'cmake_target' from command line to 'None'
[0.333s] Level 5:colcon.colcon_core.verb:set package 'solo_description' build argument 'cmake_target_skip_unavailable' from command line to 'False'
[0.333s] Level 5:colcon.colcon_core.verb:set package 'solo_description' build argument 'cmake_clean_cache' from command line to 'False'
[0.333s] Level 5:colcon.colcon_core.verb:set package 'solo_description' build argument 'cmake_clean_first' from command line to 'False'
[0.333s] Level 5:colcon.colcon_core.verb:set package 'solo_description' build argument 'cmake_force_configure' from command line to 'False'
[0.333s] Level 5:colcon.colcon_core.verb:set package 'solo_description' build argument 'ament_cmake_args' from command line to 'None'
[0.333s] Level 5:colcon.colcon_core.verb:set package 'solo_description' build argument 'catkin_cmake_args' from command line to 'None'
[0.333s] Level 5:colcon.colcon_core.verb:set package 'solo_description' build argument 'catkin_skip_building_tests' from command line to 'False'
[0.333s] DEBUG:colcon.colcon_core.verb:Building package 'solo_description' with the following arguments: {'ament_cmake_args': None, 'build_base': '/home/user/ros2_ws/build/solo_description', 'catkin_cmake_args': None, 'catkin_skip_building_tests': False, 'cmake_args': None, 'cmake_clean_cache': False, 'cmake_clean_first': False, 'cmake_force_configure': False, 'cmake_target': None, 'cmake_target_skip_unavailable': False, 'install_base': '/home/user/ros2_ws/install/solo_description', 'merge_install': False, 'path': '/home/user/ros2_ws/src/ros2_control_course/unit6/solo_description', 'symlink_install': False, 'test_result_base': None}
[0.334s] Level 5:colcon.colcon_core.verb:set package 'spawn_robot' build argument 'cmake_args' from command line to 'None'
[0.334s] Level 5:colcon.colcon_core.verb:set package 'spawn_robot' build argument 'cmake_target' from command line to 'None'
[0.334s] Level 5:colcon.colcon_core.verb:set package 'spawn_robot' build argument 'cmake_target_skip_unavailable' from command line to 'False'
[0.334s] Level 5:colcon.colcon_core.verb:set package 'spawn_robot' build argument 'cmake_clean_cache' from command line to 'False'
[0.334s] Level 5:colcon.colcon_core.verb:set package 'spawn_robot' build argument 'cmake_clean_first' from command line to 'False'
[0.334s] Level 5:colcon.colcon_core.verb:set package 'spawn_robot' build argument 'cmake_force_configure' from command line to 'False'
[0.334s] Level 5:colcon.colcon_core.verb:set package 'spawn_robot' build argument 'ament_cmake_args' from command line to 'None'
[0.334s] Level 5:colcon.colcon_core.verb:set package 'spawn_robot' build argument 'catkin_cmake_args' from command line to 'None'
[0.334s] Level 5:colcon.colcon_core.verb:set package 'spawn_robot' build argument 'catkin_skip_building_tests' from command line to 'False'
[0.334s] DEBUG:colcon.colcon_core.verb:Building package 'spawn_robot' with the following arguments: {'ament_cmake_args': None, 'build_base': '/home/user/ros2_ws/build/spawn_robot', 'catkin_cmake_args': None, 'catkin_skip_building_tests': False, 'cmake_args': None, 'cmake_clean_cache': False, 'cmake_clean_first': False, 'cmake_force_configure': False, 'cmake_target': None, 'cmake_target_skip_unavailable': False, 'install_base': '/home/user/ros2_ws/install/spawn_robot', 'merge_install': False, 'path': '/home/user/ros2_ws/src/ros2_control_course/unit5/spawn_robot', 'symlink_install': False, 'test_result_base': None}
[0.335s] Level 5:colcon.colcon_core.verb:set package 'spawn_solo' build argument 'cmake_args' from command line to 'None'
[0.335s] Level 5:colcon.colcon_core.verb:set package 'spawn_solo' build argument 'cmake_target' from command line to 'None'
[0.335s] Level 5:colcon.colcon_core.verb:set package 'spawn_solo' build argument 'cmake_target_skip_unavailable' from command line to 'False'
[0.335s] Level 5:colcon.colcon_core.verb:set package 'spawn_solo' build argument 'cmake_clean_cache' from command line to 'False'
[0.335s] Level 5:colcon.colcon_core.verb:set package 'spawn_solo' build argument 'cmake_clean_first' from command line to 'False'
[0.335s] Level 5:colcon.colcon_core.verb:set package 'spawn_solo' build argument 'cmake_force_configure' from command line to 'False'
[0.335s] Level 5:colcon.colcon_core.verb:set package 'spawn_solo' build argument 'ament_cmake_args' from command line to 'None'
[0.335s] Level 5:colcon.colcon_core.verb:set package 'spawn_solo' build argument 'catkin_cmake_args' from command line to 'None'
[0.335s] Level 5:colcon.colcon_core.verb:set package 'spawn_solo' build argument 'catkin_skip_building_tests' from command line to 'False'
[0.335s] DEBUG:colcon.colcon_core.verb:Building package 'spawn_solo' with the following arguments: {'ament_cmake_args': None, 'build_base': '/home/user/ros2_ws/build/spawn_solo', 'catkin_cmake_args': None, 'catkin_skip_building_tests': False, 'cmake_args': None, 'cmake_clean_cache': False, 'cmake_clean_first': False, 'cmake_force_configure': False, 'cmake_target': None, 'cmake_target_skip_unavailable': False, 'install_base': '/home/user/ros2_ws/install/spawn_solo', 'merge_install': False, 'path': '/home/user/ros2_ws/src/ros2_control_course/unit6/spawn_solo', 'symlink_install': False, 'test_result_base': None}
[0.335s] Level 5:colcon.colcon_core.verb:set package 'dynamixel_sdk_examples' build argument 'cmake_args' from command line to 'None'
[0.335s] Level 5:colcon.colcon_core.verb:set package 'dynamixel_sdk_examples' build argument 'cmake_target' from command line to 'None'
[0.335s] Level 5:colcon.colcon_core.verb:set package 'dynamixel_sdk_examples' build argument 'cmake_target_skip_unavailable' from command line to 'False'
[0.335s] Level 5:colcon.colcon_core.verb:set package 'dynamixel_sdk_examples' build argument 'cmake_clean_cache' from command line to 'False'
[0.335s] Level 5:colcon.colcon_core.verb:set package 'dynamixel_sdk_examples' build argument 'cmake_clean_first' from command line to 'False'
[0.335s] Level 5:colcon.colcon_core.verb:set package 'dynamixel_sdk_examples' build argument 'cmake_force_configure' from command line to 'False'
[0.335s] Level 5:colcon.colcon_core.verb:set package 'dynamixel_sdk_examples' build argument 'ament_cmake_args' from command line to 'None'
[0.335s] Level 5:colcon.colcon_core.verb:set package 'dynamixel_sdk_examples' build argument 'catkin_cmake_args' from command line to 'None'
[0.335s] Level 5:colcon.colcon_core.verb:set package 'dynamixel_sdk_examples' build argument 'catkin_skip_building_tests' from command line to 'False'
[0.335s] DEBUG:colcon.colcon_core.verb:Building package 'dynamixel_sdk_examples' with the following arguments: {'ament_cmake_args': None, 'build_base': '/home/user/ros2_ws/build/dynamixel_sdk_examples', 'catkin_cmake_args': None, 'catkin_skip_building_tests': False, 'cmake_args': None, 'cmake_clean_cache': False, 'cmake_clean_first': False, 'cmake_force_configure': False, 'cmake_target': None, 'cmake_target_skip_unavailable': False, 'install_base': '/home/user/ros2_ws/install/dynamixel_sdk_examples', 'merge_install': False, 'path': '/home/user/ros2_ws/src/DynamixelSDK/dynamixel_sdk_examples', 'symlink_install': False, 'test_result_base': None}
[0.336s] Level 5:colcon.colcon_core.verb:set package 'dynamixel_workbench_toolbox' build argument 'cmake_args' from command line to 'None'
[0.336s] Level 5:colcon.colcon_core.verb:set package 'dynamixel_workbench_toolbox' build argument 'cmake_target' from command line to 'None'
[0.336s] Level 5:colcon.colcon_core.verb:set package 'dynamixel_workbench_toolbox' build argument 'cmake_target_skip_unavailable' from command line to 'False'
[0.336s] Level 5:colcon.colcon_core.verb:set package 'dynamixel_workbench_toolbox' build argument 'cmake_clean_cache' from command line to 'False'
[0.336s] Level 5:colcon.colcon_core.verb:set package 'dynamixel_workbench_toolbox' build argument 'cmake_clean_first' from command line to 'False'
[0.336s] Level 5:colcon.colcon_core.verb:set package 'dynamixel_workbench_toolbox' build argument 'cmake_force_configure' from command line to 'False'
[0.336s] Level 5:colcon.colcon_core.verb:set package 'dynamixel_workbench_toolbox' build argument 'ament_cmake_args' from command line to 'None'
[0.336s] Level 5:colcon.colcon_core.verb:set package 'dynamixel_workbench_toolbox' build argument 'catkin_cmake_args' from command line to 'None'
[0.336s] Level 5:colcon.colcon_core.verb:set package 'dynamixel_workbench_toolbox' build argument 'catkin_skip_building_tests' from command line to 'False'
[0.336s] DEBUG:colcon.colcon_core.verb:Building package 'dynamixel_workbench_toolbox' with the following arguments: {'ament_cmake_args': None, 'build_base': '/home/user/ros2_ws/build/dynamixel_workbench_toolbox', 'catkin_cmake_args': None, 'catkin_skip_building_tests': False, 'cmake_args': None, 'cmake_clean_cache': False, 'cmake_clean_first': False, 'cmake_force_configure': False, 'cmake_target': None, 'cmake_target_skip_unavailable': False, 'install_base': '/home/user/ros2_ws/install/dynamixel_workbench_toolbox', 'merge_install': False, 'path': '/home/user/ros2_ws/src/dynamixel-workbench/dynamixel_workbench_toolbox', 'symlink_install': False, 'test_result_base': None}
[0.336s] Level 5:colcon.colcon_core.verb:set package 'dynamixel_hardware_interface' build argument 'cmake_args' from command line to 'None'
[0.336s] Level 5:colcon.colcon_core.verb:set package 'dynamixel_hardware_interface' build argument 'cmake_target' from command line to 'None'
[0.336s] Level 5:colcon.colcon_core.verb:set package 'dynamixel_hardware_interface' build argument 'cmake_target_skip_unavailable' from command line to 'False'
[0.336s] Level 5:colcon.colcon_core.verb:set package 'dynamixel_hardware_interface' build argument 'cmake_clean_cache' from command line to 'False'
[0.336s] Level 5:colcon.colcon_core.verb:set package 'dynamixel_hardware_interface' build argument 'cmake_clean_first' from command line to 'False'
[0.336s] Level 5:colcon.colcon_core.verb:set package 'dynamixel_hardware_interface' build argument 'cmake_force_configure' from command line to 'False'
[0.336s] Level 5:colcon.colcon_core.verb:set package 'dynamixel_hardware_interface' build argument 'ament_cmake_args' from command line to 'None'
[0.336s] Level 5:colcon.colcon_core.verb:set package 'dynamixel_hardware_interface' build argument 'catkin_cmake_args' from command line to 'None'
[0.336s] Level 5:colcon.colcon_core.verb:set package 'dynamixel_hardware_interface' build argument 'catkin_skip_building_tests' from command line to 'False'
[0.336s] DEBUG:colcon.colcon_core.verb:Building package 'dynamixel_hardware_interface' with the following arguments: {'ament_cmake_args': None, 'build_base': '/home/user/ros2_ws/build/dynamixel_hardware_interface', 'catkin_cmake_args': None, 'catkin_skip_building_tests': False, 'cmake_args': None, 'cmake_clean_cache': False, 'cmake_clean_first': False, 'cmake_force_configure': False, 'cmake_target': None, 'cmake_target_skip_unavailable': False, 'install_base': '/home/user/ros2_ws/install/dynamixel_hardware_interface', 'merge_install': False, 'path': '/home/user/ros2_ws/src/dynamixel_hardware_interface', 'symlink_install': False, 'test_result_base': None}
[0.337s] Level 5:colcon.colcon_core.verb:set package 'dynamixel_workbench' build argument 'cmake_args' from command line to 'None'
[0.337s] Level 5:colcon.colcon_core.verb:set package 'dynamixel_workbench' build argument 'cmake_target' from command line to 'None'
[0.337s] Level 5:colcon.colcon_core.verb:set package 'dynamixel_workbench' build argument 'cmake_target_skip_unavailable' from command line to 'False'
[0.337s] Level 5:colcon.colcon_core.verb:set package 'dynamixel_workbench' build argument 'cmake_clean_cache' from command line to 'False'
[0.337s] Level 5:colcon.colcon_core.verb:set package 'dynamixel_workbench' build argument 'cmake_clean_first' from command line to 'False'
[0.337s] Level 5:colcon.colcon_core.verb:set package 'dynamixel_workbench' build argument 'cmake_force_configure' from command line to 'False'
[0.337s] Level 5:colcon.colcon_core.verb:set package 'dynamixel_workbench' build argument 'ament_cmake_args' from command line to 'None'
[0.337s] Level 5:colcon.colcon_core.verb:set package 'dynamixel_workbench' build argument 'catkin_cmake_args' from command line to 'None'
[0.337s] Level 5:colcon.colcon_core.verb:set package 'dynamixel_workbench' build argument 'catkin_skip_building_tests' from command line to 'False'
[0.337s] DEBUG:colcon.colcon_core.verb:Building package 'dynamixel_workbench' with the following arguments: {'ament_cmake_args': None, 'build_base': '/home/user/ros2_ws/build/dynamixel_workbench', 'catkin_cmake_args': None, 'catkin_skip_building_tests': False, 'cmake_args': None, 'cmake_clean_cache': False, 'cmake_clean_first': False, 'cmake_force_configure': False, 'cmake_target': None, 'cmake_target_skip_unavailable': False, 'install_base': '/home/user/ros2_ws/install/dynamixel_workbench', 'merge_install': False, 'path': '/home/user/ros2_ws/src/dynamixel-workbench/dynamixel_workbench', 'symlink_install': False, 'test_result_base': None}
[0.337s] INFO:colcon.colcon_core.executor:Executing jobs using 'parallel' executor
[0.338s] DEBUG:colcon.colcon_parallel_executor.executor.parallel:run_until_complete
[0.338s] INFO:colcon.colcon_ros.task.ament_cmake.build:Building ROS package in '/home/user/ros2_ws/src/DynamixelSDK/dynamixel_sdk' with build type 'ament_cmake'
[0.339s] INFO:colcon.colcon_cmake.task.cmake.build:Building CMake package in '/home/user/ros2_ws/src/DynamixelSDK/dynamixel_sdk'
[0.342s] INFO:colcon.colcon_core.plugin_system:Skipping extension 'colcon_core.shell.bat': Not used on non-Windows systems
[0.342s] INFO:colcon.colcon_core.shell:Skip shell extension 'powershell' for command environment: Not usable outside of PowerShell
[0.342s] DEBUG:colcon.colcon_core.shell:Skip shell extension 'dsv' for command environment
[0.363s] INFO:colcon.colcon_ros.task.ament_cmake.build:Building ROS package in '/home/user/ros2_ws/src/DynamixelSDK/dynamixel_sdk_custom_interfaces' with build type 'ament_cmake'
[0.363s] INFO:colcon.colcon_cmake.task.cmake.build:Building CMake package in '/home/user/ros2_ws/src/DynamixelSDK/dynamixel_sdk_custom_interfaces'
[0.363s] INFO:colcon.colcon_core.shell:Skip shell extension 'powershell' for command environment: Not usable outside of PowerShell
[0.364s] DEBUG:colcon.colcon_core.shell:Skip shell extension 'dsv' for command environment
[0.374s] INFO:colcon.colcon_ros.task.ament_cmake.build:Building ROS package in '/home/user/ros2_ws/src/ros2_control_course/unit5/diffbot_description' with build type 'ament_cmake'
[0.374s] INFO:colcon.colcon_cmake.task.cmake.build:Building CMake package in '/home/user/ros2_ws/src/ros2_control_course/unit5/diffbot_description'
[0.374s] INFO:colcon.colcon_core.shell:Skip shell extension 'powershell' for command environment: Not usable outside of PowerShell
[0.374s] DEBUG:colcon.colcon_core.shell:Skip shell extension 'dsv' for command environment
[0.381s] INFO:colcon.colcon_ros.task.ament_cmake.build:Building ROS package in '/home/user/ros2_ws/src/ros2_control_course/unit5/diffbot_sim' with build type 'ament_cmake'
[0.381s] INFO:colcon.colcon_cmake.task.cmake.build:Building CMake package in '/home/user/ros2_ws/src/ros2_control_course/unit5/diffbot_sim'
[0.381s] INFO:colcon.colcon_core.shell:Skip shell extension 'powershell' for command environment: Not usable outside of PowerShell
[0.382s] DEBUG:colcon.colcon_core.shell:Skip shell extension 'dsv' for command environment
[0.390s] INFO:colcon.colcon_ros.task.ament_python.build:Building ROS package in '/home/user/ros2_ws/src/ros2_control_course/unit1/joint_trajectory_demo' with build type 'ament_python'
[0.391s] Level 1:colcon.colcon_core.shell:create_environment_hook('joint_trajectory_demo', 'ament_prefix_path')
[0.392s] INFO:colcon.colcon_core.shell:Creating environment hook '/home/user/ros2_ws/install/joint_trajectory_demo/share/joint_trajectory_demo/hook/ament_prefix_path.ps1'
[0.392s] INFO:colcon.colcon_core.shell:Creating environment descriptor '/home/user/ros2_ws/install/joint_trajectory_demo/share/joint_trajectory_demo/hook/ament_prefix_path.dsv'
[0.393s] INFO:colcon.colcon_core.shell:Creating environment hook '/home/user/ros2_ws/install/joint_trajectory_demo/share/joint_trajectory_demo/hook/ament_prefix_path.sh'
[0.394s] INFO:colcon.colcon_core.shell:Skip shell extension 'powershell' for command environment: Not usable outside of PowerShell
[0.394s] DEBUG:colcon.colcon_core.shell:Skip shell extension 'dsv' for command environment
[0.404s] INFO:colcon.colcon_ros.task.ament_python.build:Building ROS package in '/home/user/ros2_ws/src/ros2_control_course/common/joint_trajectory_publisher' with build type 'ament_python'
[0.404s] Level 1:colcon.colcon_core.shell:create_environment_hook('joint_trajectory_publisher', 'ament_prefix_path')
[0.405s] INFO:colcon.colcon_core.shell:Creating environment hook '/home/user/ros2_ws/install/joint_trajectory_publisher/share/joint_trajectory_publisher/hook/ament_prefix_path.ps1'
[0.405s] INFO:colcon.colcon_core.shell:Creating environment descriptor '/home/user/ros2_ws/install/joint_trajectory_publisher/share/joint_trajectory_publisher/hook/ament_prefix_path.dsv'
[0.406s] INFO:colcon.colcon_core.shell:Creating environment hook '/home/user/ros2_ws/install/joint_trajectory_publisher/share/joint_trajectory_publisher/hook/ament_prefix_path.sh'
[0.407s] INFO:colcon.colcon_core.shell:Skip shell extension 'powershell' for command environment: Not usable outside of PowerShell
[0.407s] DEBUG:colcon.colcon_core.shell:Skip shell extension 'dsv' for command environment
[0.428s] INFO:colcon.colcon_ros.task.ament_cmake.build:Building ROS package in '/home/user/ros2_ws/src/my_quadruped_bringup' with build type 'ament_cmake'
[0.429s] INFO:colcon.colcon_cmake.task.cmake.build:Building CMake package in '/home/user/ros2_ws/src/my_quadruped_bringup'
[0.429s] INFO:colcon.colcon_core.shell:Skip shell extension 'powershell' for command environment: Not usable outside of PowerShell
[0.429s] DEBUG:colcon.colcon_core.shell:Skip shell extension 'dsv' for command environment
[0.440s] INFO:colcon.colcon_ros.task.ament_cmake.build:Building ROS package in '/home/user/ros2_ws/src/my_robot_bringup' with build type 'ament_cmake'
[0.440s] INFO:colcon.colcon_cmake.task.cmake.build:Building CMake package in '/home/user/ros2_ws/src/my_robot_bringup'
[0.440s] INFO:colcon.colcon_core.shell:Skip shell extension 'powershell' for command environment: Not usable outside of PowerShell
[0.440s] DEBUG:colcon.colcon_core.shell:Skip shell extension 'dsv' for command environment
[0.453s] DEBUG:colcon.colcon_core.event_handler.log_command:Invoking command in '/home/user/ros2_ws/build/dynamixel_sdk': CMAKE_PREFIX_PATH=${CMAKE_PREFIX_PATH}:/home/user/ros2_ws/install/joint_trajectory_publisher:/home/user/ros2_ws/install/joint_trajectory_demo _=/usr/bin/env /usr/bin/cmake --build /home/user/ros2_ws/build/dynamixel_sdk -- -j8 -l8
[0.460s] DEBUG:colcon.colcon_core.event_handler.log_command:Invoking command in '/home/user/ros2_ws/build/dynamixel_sdk_custom_interfaces': CMAKE_PREFIX_PATH=${CMAKE_PREFIX_PATH}:/home/user/ros2_ws/install/joint_trajectory_publisher:/home/user/ros2_ws/install/joint_trajectory_demo _=/usr/bin/env /usr/bin/cmake --build /home/user/ros2_ws/build/dynamixel_sdk_custom_interfaces -- -j8 -l8
[0.464s] DEBUG:colcon.colcon_core.event_handler.log_command:Invoking command in '/home/user/ros2_ws/build/diffbot_description': CMAKE_PREFIX_PATH=${CMAKE_PREFIX_PATH}:/home/user/ros2_ws/install/joint_trajectory_publisher:/home/user/ros2_ws/install/joint_trajectory_demo _=/usr/bin/env /usr/bin/cmake --build /home/user/ros2_ws/build/diffbot_description -- -j8 -l8
[0.469s] DEBUG:colcon.colcon_core.event_handler.log_command:Invoking command in '/home/user/ros2_ws/build/diffbot_sim': CMAKE_PREFIX_PATH=${CMAKE_PREFIX_PATH}:/home/user/ros2_ws/install/joint_trajectory_publisher:/home/user/ros2_ws/install/joint_trajectory_demo _=/usr/bin/env /usr/bin/cmake --build /home/user/ros2_ws/build/diffbot_sim -- -j8 -l8
[0.853s] INFO:colcon.colcon_core.task.python.build:Building Python package in '/home/user/ros2_ws/src/ros2_control_course/unit1/joint_trajectory_demo'
[0.853s] INFO:colcon.colcon_core.shell:Skip shell extension 'powershell' for command environment: Not usable outside of PowerShell
[0.853s] DEBUG:colcon.colcon_core.shell:Skip shell extension 'dsv' for command environment
[1.213s] INFO:colcon.colcon_core.task.python.build:Building Python package in '/home/user/ros2_ws/src/ros2_control_course/common/joint_trajectory_publisher'
[1.213s] INFO:colcon.colcon_core.shell:Skip shell extension 'powershell' for command environment: Not usable outside of PowerShell
[1.214s] DEBUG:colcon.colcon_core.shell:Skip shell extension 'dsv' for command environment
[1.238s] DEBUG:colcon.colcon_core.event_handler.log_command:Invoking command in '/home/user/ros2_ws/build/my_quadruped_bringup': CMAKE_PREFIX_PATH=${CMAKE_PREFIX_PATH}:/home/user/ros2_ws/install/joint_trajectory_publisher:/home/user/ros2_ws/install/joint_trajectory_demo _=/usr/bin/env /usr/bin/cmake --build /home/user/ros2_ws/build/my_quadruped_bringup -- -j8 -l8
[1.252s] DEBUG:colcon.colcon_core.event_handler.log_command:Invoked command in '/home/user/ros2_ws/build/dynamixel_sdk' returned '0': CMAKE_PREFIX_PATH=${CMAKE_PREFIX_PATH}:/home/user/ros2_ws/install/joint_trajectory_publisher:/home/user/ros2_ws/install/joint_trajectory_demo _=/usr/bin/env /usr/bin/cmake --build /home/user/ros2_ws/build/dynamixel_sdk -- -j8 -l8
[1.267s] DEBUG:colcon.colcon_core.event_handler.log_command:Invoking command in '/home/user/ros2_ws/build/dynamixel_sdk': CMAKE_PREFIX_PATH=${CMAKE_PREFIX_PATH}:/home/user/ros2_ws/install/joint_trajectory_publisher:/home/user/ros2_ws/install/joint_trajectory_demo _=/usr/bin/env /usr/bin/cmake --install /home/user/ros2_ws/build/dynamixel_sdk
[1.272s] DEBUG:colcon.colcon_core.event_handler.log_command:Invoked command in '/home/user/ros2_ws/build/dynamixel_sdk_custom_interfaces' returned '0': CMAKE_PREFIX_PATH=${CMAKE_PREFIX_PATH}:/home/user/ros2_ws/install/joint_trajectory_publisher:/home/user/ros2_ws/install/joint_trajectory_demo _=/usr/bin/env /usr/bin/cmake --build /home/user/ros2_ws/build/dynamixel_sdk_custom_interfaces -- -j8 -l8
[1.273s] DEBUG:colcon.colcon_core.event_handler.log_command:Invoking command in '/home/user/ros2_ws/build/dynamixel_sdk_custom_interfaces': CMAKE_PREFIX_PATH=${CMAKE_PREFIX_PATH}:/home/user/ros2_ws/install/joint_trajectory_publisher:/home/user/ros2_ws/install/joint_trajectory_demo _=/usr/bin/env /usr/bin/cmake --install /home/user/ros2_ws/build/dynamixel_sdk_custom_interfaces
[1.274s] DEBUG:colcon.colcon_core.event_handler.log_command:Invoked command in '/home/user/ros2_ws/build/diffbot_description' returned '0': CMAKE_PREFIX_PATH=${CMAKE_PREFIX_PATH}:/home/user/ros2_ws/install/joint_trajectory_publisher:/home/user/ros2_ws/install/joint_trajectory_demo _=/usr/bin/env /usr/bin/cmake --build /home/user/ros2_ws/build/diffbot_description -- -j8 -l8
[1.275s] DEBUG:colcon.colcon_core.event_handler.log_command:Invoking command in '/home/user/ros2_ws/build/diffbot_description': CMAKE_PREFIX_PATH=${CMAKE_PREFIX_PATH}:/home/user/ros2_ws/install/joint_trajectory_publisher:/home/user/ros2_ws/install/joint_trajectory_demo _=/usr/bin/env /usr/bin/cmake --install /home/user/ros2_ws/build/diffbot_description
[1.289s] DEBUG:colcon.colcon_core.event_handler.log_command:Invoked command in '/home/user/ros2_ws/build/diffbot_sim' returned '0': CMAKE_PREFIX_PATH=${CMAKE_PREFIX_PATH}:/home/user/ros2_ws/install/joint_trajectory_publisher:/home/user/ros2_ws/install/joint_trajectory_demo _=/usr/bin/env /usr/bin/cmake --build /home/user/ros2_ws/build/diffbot_sim -- -j8 -l8
[1.291s] DEBUG:colcon.colcon_core.event_handler.log_command:Invoking command in '/home/user/ros2_ws/build/diffbot_sim': CMAKE_PREFIX_PATH=${CMAKE_PREFIX_PATH}:/home/user/ros2_ws/install/joint_trajectory_publisher:/home/user/ros2_ws/install/joint_trajectory_demo _=/usr/bin/env /usr/bin/cmake --install /home/user/ros2_ws/build/diffbot_sim
[1.299s] DEBUG:colcon.colcon_core.event_handler.log_command:Invoking command in '/home/user/ros2_ws/build/my_robot_bringup': CMAKE_PREFIX_PATH=${CMAKE_PREFIX_PATH}:/home/user/ros2_ws/install/joint_trajectory_publisher:/home/user/ros2_ws/install/joint_trajectory_demo _=/usr/bin/env /usr/bin/cmake --build /home/user/ros2_ws/build/my_robot_bringup -- -j8 -l8
[1.381s] Level 1:colcon.colcon_core.environment:create_environment_scripts_only(dynamixel_sdk)
[1.389s] DEBUG:colcon.colcon_core.event_handler.log_command:Invoked command in '/home/user/ros2_ws/build/dynamixel_sdk' returned '0': CMAKE_PREFIX_PATH=${CMAKE_PREFIX_PATH}:/home/user/ros2_ws/install/joint_trajectory_publisher:/home/user/ros2_ws/install/joint_trajectory_demo _=/usr/bin/env /usr/bin/cmake --install /home/user/ros2_ws/build/dynamixel_sdk
[1.395s] Level 1:colcon.colcon_core.environment:checking '/home/user/ros2_ws/install/dynamixel_sdk' for CMake module files
[1.396s] Level 1:colcon.colcon_core.environment:checking '/home/user/ros2_ws/install/dynamixel_sdk' for CMake config files
[1.396s] Level 1:colcon.colcon_core.shell:create_environment_hook('dynamixel_sdk', 'cmake_prefix_path')
[1.396s] INFO:colcon.colcon_core.shell:Creating environment hook '/home/user/ros2_ws/install/dynamixel_sdk/share/dynamixel_sdk/hook/cmake_prefix_path.ps1'
[1.398s] INFO:colcon.colcon_core.shell:Creating environment descriptor '/home/user/ros2_ws/install/dynamixel_sdk/share/dynamixel_sdk/hook/cmake_prefix_path.dsv'
[1.399s] INFO:colcon.colcon_core.shell:Creating environment hook '/home/user/ros2_ws/install/dynamixel_sdk/share/dynamixel_sdk/hook/cmake_prefix_path.sh'
[1.401s] Level 1:colcon.colcon_core.environment:checking '/home/user/ros2_ws/install/dynamixel_sdk/lib'
[1.401s] Level 1:colcon.colcon_core.shell:create_environment_hook('dynamixel_sdk', 'ld_library_path_lib')
[1.402s] INFO:colcon.colcon_core.shell:Creating environment hook '/home/user/ros2_ws/install/dynamixel_sdk/share/dynamixel_sdk/hook/ld_library_path_lib.ps1'
[1.403s] INFO:colcon.colcon_core.shell:Creating environment descriptor '/home/user/ros2_ws/install/dynamixel_sdk/share/dynamixel_sdk/hook/ld_library_path_lib.dsv'
[1.403s] INFO:colcon.colcon_core.shell:Creating environment hook '/home/user/ros2_ws/install/dynamixel_sdk/share/dynamixel_sdk/hook/ld_library_path_lib.sh'
[1.405s] Level 1:colcon.colcon_core.environment:checking '/home/user/ros2_ws/install/dynamixel_sdk/bin'
[1.405s] Level 1:colcon.colcon_core.environment:checking '/home/user/ros2_ws/install/dynamixel_sdk/lib/pkgconfig/dynamixel_sdk.pc'
[1.405s] Level 1:colcon.colcon_core.environment:checking '/home/user/ros2_ws/install/dynamixel_sdk/lib/python3.12/site-packages'
[1.406s] Level 1:colcon.colcon_core.environment:checking '/home/user/ros2_ws/install/dynamixel_sdk/bin'
[1.406s] INFO:colcon.colcon_core.shell:Creating package script '/home/user/ros2_ws/install/dynamixel_sdk/share/dynamixel_sdk/package.ps1'
[1.407s] INFO:colcon.colcon_core.shell:Creating package descriptor '/home/user/ros2_ws/install/dynamixel_sdk/share/dynamixel_sdk/package.dsv'
[1.408s] INFO:colcon.colcon_core.shell:Creating package script '/home/user/ros2_ws/install/dynamixel_sdk/share/dynamixel_sdk/package.sh'
[1.409s] INFO:colcon.colcon_core.shell:Creating package script '/home/user/ros2_ws/install/dynamixel_sdk/share/dynamixel_sdk/package.bash'
[1.410s] INFO:colcon.colcon_core.shell:Creating package script '/home/user/ros2_ws/install/dynamixel_sdk/share/dynamixel_sdk/package.zsh'
[1.428s] Level 1:colcon.colcon_core.environment:create_file_with_runtime_dependencies(/home/user/ros2_ws/install/dynamixel_sdk/share/colcon-core/packages/dynamixel_sdk)
[1.428s] Level 1:colcon.colcon_core.environment:create_environment_scripts_only(dynamixel_sdk)
[1.429s] Level 1:colcon.colcon_core.environment:checking '/home/user/ros2_ws/install/dynamixel_sdk' for CMake module files
[1.429s] Level 1:colcon.colcon_core.environment:checking '/home/user/ros2_ws/install/dynamixel_sdk' for CMake config files
[1.429s] Level 1:colcon.colcon_core.shell:create_environment_hook('dynamixel_sdk', 'cmake_prefix_path')
[1.430s] INFO:colcon.colcon_core.shell:Creating environment hook '/home/user/ros2_ws/install/dynamixel_sdk/share/dynamixel_sdk/hook/cmake_prefix_path.ps1'
[1.430s] INFO:colcon.colcon_core.shell:Creating environment descriptor '/home/user/ros2_ws/install/dynamixel_sdk/share/dynamixel_sdk/hook/cmake_prefix_path.dsv'
[1.430s] INFO:colcon.colcon_core.shell:Creating environment hook '/home/user/ros2_ws/install/dynamixel_sdk/share/dynamixel_sdk/hook/cmake_prefix_path.sh'
[1.431s] Level 1:colcon.colcon_core.environment:checking '/home/user/ros2_ws/install/dynamixel_sdk/lib'
[1.431s] Level 1:colcon.colcon_core.shell:create_environment_hook('dynamixel_sdk', 'ld_library_path_lib')
[1.431s] INFO:colcon.colcon_core.shell:Creating environment hook '/home/user/ros2_ws/install/dynamixel_sdk/share/dynamixel_sdk/hook/ld_library_path_lib.ps1'
[1.432s] INFO:colcon.colcon_core.shell:Creating environment descriptor '/home/user/ros2_ws/install/dynamixel_sdk/share/dynamixel_sdk/hook/ld_library_path_lib.dsv'
[1.432s] INFO:colcon.colcon_core.shell:Creating environment hook '/home/user/ros2_ws/install/dynamixel_sdk/share/dynamixel_sdk/hook/ld_library_path_lib.sh'
[1.433s] Level 1:colcon.colcon_core.environment:checking '/home/user/ros2_ws/install/dynamixel_sdk/bin'
[1.433s] Level 1:colcon.colcon_core.environment:checking '/home/user/ros2_ws/install/dynamixel_sdk/lib/pkgconfig/dynamixel_sdk.pc'
[1.433s] Level 1:colcon.colcon_core.environment:checking '/home/user/ros2_ws/install/dynamixel_sdk/lib/python3.12/site-packages'
[1.433s] Level 1:colcon.colcon_core.environment:checking '/home/user/ros2_ws/install/dynamixel_sdk/bin'
[1.433s] INFO:colcon.colcon_core.shell:Creating package script '/home/user/ros2_ws/install/dynamixel_sdk/share/dynamixel_sdk/package.ps1'
[1.434s] INFO:colcon.colcon_core.shell:Creating package descriptor '/home/user/ros2_ws/install/dynamixel_sdk/share/dynamixel_sdk/package.dsv'
[1.435s] INFO:colcon.colcon_core.shell:Creating package script '/home/user/ros2_ws/install/dynamixel_sdk/share/dynamixel_sdk/package.sh'
[1.436s] INFO:colcon.colcon_core.shell:Creating package script '/home/user/ros2_ws/install/dynamixel_sdk/share/dynamixel_sdk/package.bash'
[1.436s] INFO:colcon.colcon_core.shell:Creating package script '/home/user/ros2_ws/install/dynamixel_sdk/share/dynamixel_sdk/package.zsh'
[1.437s] Level 1:colcon.colcon_core.environment:create_file_with_runtime_dependencies(/home/user/ros2_ws/install/dynamixel_sdk/share/colcon-core/packages/dynamixel_sdk)
[1.438s] Level 1:colcon.colcon_core.environment:create_environment_scripts_only(diffbot_description)
[1.438s] Level 1:colcon.colcon_core.environment:checking '/home/user/ros2_ws/install/diffbot_description' for CMake module files
[1.439s] DEBUG:colcon.colcon_core.event_handler.log_command:Invoked command in '/home/user/ros2_ws/build/diffbot_description' returned '0': CMAKE_PREFIX_PATH=${CMAKE_PREFIX_PATH}:/home/user/ros2_ws/install/joint_trajectory_publisher:/home/user/ros2_ws/install/joint_trajectory_demo _=/usr/bin/env /usr/bin/cmake --install /home/user/ros2_ws/build/diffbot_description
[1.440s] Level 1:colcon.colcon_core.environment:checking '/home/user/ros2_ws/install/diffbot_description' for CMake config files
[1.440s] Level 1:colcon.colcon_core.shell:create_environment_hook('diffbot_description', 'cmake_prefix_path')
[1.441s] INFO:colcon.colcon_core.shell:Creating environment hook '/home/user/ros2_ws/install/diffbot_description/share/diffbot_description/hook/cmake_prefix_path.ps1'
[1.442s] INFO:colcon.colcon_core.shell:Creating environment descriptor '/home/user/ros2_ws/install/diffbot_description/share/diffbot_description/hook/cmake_prefix_path.dsv'
[1.442s] INFO:colcon.colcon_core.shell:Creating environment hook '/home/user/ros2_ws/install/diffbot_description/share/diffbot_description/hook/cmake_prefix_path.sh'
[1.443s] Level 1:colcon.colcon_core.environment:checking '/home/user/ros2_ws/install/diffbot_description/bin'
[1.443s] Level 1:colcon.colcon_core.environment:checking '/home/user/ros2_ws/install/diffbot_description/lib/pkgconfig/diffbot_description.pc'
[1.444s] Level 1:colcon.colcon_core.environment:checking '/home/user/ros2_ws/install/diffbot_description/lib/python3.12/site-packages'
[1.444s] Level 1:colcon.colcon_core.environment:checking '/home/user/ros2_ws/install/diffbot_description/bin'
[1.444s] INFO:colcon.colcon_core.shell:Creating package script '/home/user/ros2_ws/install/diffbot_description/share/diffbot_description/package.ps1'
[1.445s] INFO:colcon.colcon_core.shell:Creating package descriptor '/home/user/ros2_ws/install/diffbot_description/share/diffbot_description/package.dsv'
[1.446s] INFO:colcon.colcon_core.shell:Creating package script '/home/user/ros2_ws/install/diffbot_description/share/diffbot_description/package.sh'
[1.446s] INFO:colcon.colcon_core.shell:Creating package script '/home/user/ros2_ws/install/diffbot_description/share/diffbot_description/package.bash'
[1.447s] INFO:colcon.colcon_core.shell:Creating package script '/home/user/ros2_ws/install/diffbot_description/share/diffbot_description/package.zsh'
[1.447s] Level 1:colcon.colcon_core.environment:create_file_with_runtime_dependencies(/home/user/ros2_ws/install/diffbot_description/share/colcon-core/packages/diffbot_description)
[1.448s] Level 1:colcon.colcon_core.environment:create_environment_scripts_only(diffbot_description)
[1.448s] Level 1:colcon.colcon_core.environment:checking '/home/user/ros2_ws/install/diffbot_description' for CMake module files
[1.449s] Level 1:colcon.colcon_core.environment:checking '/home/user/ros2_ws/install/diffbot_description' for CMake config files
[1.450s] Level 1:colcon.colcon_core.shell:create_environment_hook('diffbot_description', 'cmake_prefix_path')
[1.450s] INFO:colcon.colcon_core.shell:Creating environment hook '/home/user/ros2_ws/install/diffbot_description/share/diffbot_description/hook/cmake_prefix_path.ps1'
[1.451s] INFO:colcon.colcon_core.shell:Creating environment descriptor '/home/user/ros2_ws/install/diffbot_description/share/diffbot_description/hook/cmake_prefix_path.dsv'
[1.452s] INFO:colcon.colcon_core.shell:Creating environment hook '/home/user/ros2_ws/install/diffbot_description/share/diffbot_description/hook/cmake_prefix_path.sh'
[1.452s] Level 1:colcon.colcon_core.environment:checking '/home/user/ros2_ws/install/diffbot_description/bin'
[1.452s] Level 1:colcon.colcon_core.environment:checking '/home/user/ros2_ws/install/diffbot_description/lib/pkgconfig/diffbot_description.pc'
[1.452s] Level 1:colcon.colcon_core.environment:checking '/home/user/ros2_ws/install/diffbot_description/lib/python3.12/site-packages'
[1.453s] Level 1:colcon.colcon_core.environment:checking '/home/user/ros2_ws/install/diffbot_description/bin'
[1.453s] INFO:colcon.colcon_core.shell:Creating package script '/home/user/ros2_ws/install/diffbot_description/share/diffbot_description/package.ps1'
[1.453s] INFO:colcon.colcon_core.shell:Creating package descriptor '/home/user/ros2_ws/install/diffbot_description/share/diffbot_description/package.dsv'
[1.454s] INFO:colcon.colcon_core.shell:Creating package script '/home/user/ros2_ws/install/diffbot_description/share/diffbot_description/package.sh'
[1.454s] INFO:colcon.colcon_core.shell:Creating package script '/home/user/ros2_ws/install/diffbot_description/share/diffbot_description/package.bash'
[1.455s] INFO:colcon.colcon_core.shell:Creating package script '/home/user/ros2_ws/install/diffbot_description/share/diffbot_description/package.zsh'
[1.455s] Level 1:colcon.colcon_core.environment:create_file_with_runtime_dependencies(/home/user/ros2_ws/install/diffbot_description/share/colcon-core/packages/diffbot_description)
[1.456s] INFO:colcon.colcon_ros.task.ament_cmake.build:Building ROS package in '/home/user/ros2_ws/src/dynamixel-workbench/dynamixel_workbench_toolbox' with build type 'ament_cmake'
[1.456s] INFO:colcon.colcon_cmake.task.cmake.build:Building CMake package in '/home/user/ros2_ws/src/dynamixel-workbench/dynamixel_workbench_toolbox'
[1.456s] INFO:colcon.colcon_core.shell:Skip shell extension 'powershell' for command environment: Not usable outside of PowerShell
[1.457s] DEBUG:colcon.colcon_core.shell:Skip shell extension 'dsv' for command environment
[1.477s] INFO:colcon.colcon_ros.task.ament_cmake.build:Building ROS package in '/home/user/ros2_ws/src/my_robot_hardware_interface' with build type 'ament_cmake'
[1.477s] INFO:colcon.colcon_cmake.task.cmake.build:Building CMake package in '/home/user/ros2_ws/src/my_robot_hardware_interface'
[1.478s] INFO:colcon.colcon_core.shell:Skip shell extension 'powershell' for command environment: Not usable outside of PowerShell
[1.478s] DEBUG:colcon.colcon_core.shell:Skip shell extension 'dsv' for command environment
[1.487s] Level 1:colcon.colcon_core.environment:create_environment_scripts_only(diffbot_sim)
[1.487s] Level 1:colcon.colcon_core.environment:checking '/home/user/ros2_ws/install/diffbot_sim' for CMake module files
[1.488s] DEBUG:colcon.colcon_core.event_handler.log_command:Invoked command in '/home/user/ros2_ws/build/diffbot_sim' returned '0': CMAKE_PREFIX_PATH=${CMAKE_PREFIX_PATH}:/home/user/ros2_ws/install/joint_trajectory_publisher:/home/user/ros2_ws/install/joint_trajectory_demo _=/usr/bin/env /usr/bin/cmake --install /home/user/ros2_ws/build/diffbot_sim
[1.488s] Level 1:colcon.colcon_core.environment:checking '/home/user/ros2_ws/install/diffbot_sim' for CMake config files
[1.489s] Level 1:colcon.colcon_core.shell:create_environment_hook('diffbot_sim', 'cmake_prefix_path')
[1.489s] INFO:colcon.colcon_core.shell:Creating environment hook '/home/user/ros2_ws/install/diffbot_sim/share/diffbot_sim/hook/cmake_prefix_path.ps1'
[1.489s] INFO:colcon.colcon_core.shell:Creating environment descriptor '/home/user/ros2_ws/install/diffbot_sim/share/diffbot_sim/hook/cmake_prefix_path.dsv'
[1.490s] INFO:colcon.colcon_core.shell:Creating environment hook '/home/user/ros2_ws/install/diffbot_sim/share/diffbot_sim/hook/cmake_prefix_path.sh'
[1.490s] Level 1:colcon.colcon_core.environment:checking '/home/user/ros2_ws/install/diffbot_sim/bin'
[1.491s] Level 1:colcon.colcon_core.environment:checking '/home/user/ros2_ws/install/diffbot_sim/lib/pkgconfig/diffbot_sim.pc'
[1.491s] Level 1:colcon.colcon_core.environment:checking '/home/user/ros2_ws/install/diffbot_sim/lib/python3.12/site-packages'
[1.491s] Level 1:colcon.colcon_core.environment:checking '/home/user/ros2_ws/install/diffbot_sim/bin'
[1.492s] INFO:colcon.colcon_core.shell:Creating package script '/home/user/ros2_ws/install/diffbot_sim/share/diffbot_sim/package.ps1'
[1.492s] INFO:colcon.colcon_core.shell:Creating package descriptor '/home/user/ros2_ws/install/diffbot_sim/share/diffbot_sim/package.dsv'
[1.493s] INFO:colcon.colcon_core.shell:Creating package script '/home/user/ros2_ws/install/diffbot_sim/share/diffbot_sim/package.sh'
[1.494s] INFO:colcon.colcon_core.shell:Creating package script '/home/user/ros2_ws/install/diffbot_sim/share/diffbot_sim/package.bash'
[1.494s] INFO:colcon.colcon_core.shell:Creating package script '/home/user/ros2_ws/install/diffbot_sim/share/diffbot_sim/package.zsh'
[1.495s] Level 1:colcon.colcon_core.environment:create_file_with_runtime_dependencies(/home/user/ros2_ws/install/diffbot_sim/share/colcon-core/packages/diffbot_sim)
[1.496s] Level 1:colcon.colcon_core.environment:create_environment_scripts_only(diffbot_sim)
[1.497s] Level 1:colcon.colcon_core.environment:checking '/home/user/ros2_ws/install/diffbot_sim' for CMake module files
[1.498s] Level 1:colcon.colcon_core.environment:checking '/home/user/ros2_ws/install/diffbot_sim' for CMake config files
[1.498s] Level 1:colcon.colcon_core.shell:create_environment_hook('diffbot_sim', 'cmake_prefix_path')
[1.498s] INFO:colcon.colcon_core.shell:Creating environment hook '/home/user/ros2_ws/install/diffbot_sim/share/diffbot_sim/hook/cmake_prefix_path.ps1'
[1.499s] INFO:colcon.colcon_core.shell:Creating environment descriptor '/home/user/ros2_ws/install/diffbot_sim/share/diffbot_sim/hook/cmake_prefix_path.dsv'
[1.499s] INFO:colcon.colcon_core.shell:Creating environment hook '/home/user/ros2_ws/install/diffbot_sim/share/diffbot_sim/hook/cmake_prefix_path.sh'
[1.500s] Level 1:colcon.colcon_core.environment:checking '/home/user/ros2_ws/install/diffbot_sim/bin'
[1.500s] Level 1:colcon.colcon_core.environment:checking '/home/user/ros2_ws/install/diffbot_sim/lib/pkgconfig/diffbot_sim.pc'
[1.500s] Level 1:colcon.colcon_core.environment:checking '/home/user/ros2_ws/install/diffbot_sim/lib/python3.12/site-packages'
[1.501s] Level 1:colcon.colcon_core.environment:checking '/home/user/ros2_ws/install/diffbot_sim/bin'
[1.501s] INFO:colcon.colcon_core.shell:Creating package script '/home/user/ros2_ws/install/diffbot_sim/share/diffbot_sim/package.ps1'
[1.502s] INFO:colcon.colcon_core.shell:Creating package descriptor '/home/user/ros2_ws/install/diffbot_sim/share/diffbot_sim/package.dsv'
[1.503s] INFO:colcon.colcon_core.shell:Creating package script '/home/user/ros2_ws/install/diffbot_sim/share/diffbot_sim/package.sh'
[1.504s] INFO:colcon.colcon_core.shell:Creating package script '/home/user/ros2_ws/install/diffbot_sim/share/diffbot_sim/package.bash'
[1.504s] INFO:colcon.colcon_core.shell:Creating package script '/home/user/ros2_ws/install/diffbot_sim/share/diffbot_sim/package.zsh'
[1.505s] Level 1:colcon.colcon_core.environment:create_file_with_runtime_dependencies(/home/user/ros2_ws/install/diffbot_sim/share/colcon-core/packages/diffbot_sim)
[1.506s] DEBUG:colcon.colcon_core.event_handler.log_command:Invoked command in '/home/user/ros2_ws/build/my_quadruped_bringup' returned '0': CMAKE_PREFIX_PATH=${CMAKE_PREFIX_PATH}:/home/user/ros2_ws/install/joint_trajectory_publisher:/home/user/ros2_ws/install/joint_trajectory_demo _=/usr/bin/env /usr/bin/cmake --build /home/user/ros2_ws/build/my_quadruped_bringup -- -j8 -l8
[1.507s] DEBUG:colcon.colcon_core.event_handler.log_command:Invoking command in '/home/user/ros2_ws/build/my_quadruped_bringup': CMAKE_PREFIX_PATH=${CMAKE_PREFIX_PATH}:/home/user/ros2_ws/install/joint_trajectory_publisher:/home/user/ros2_ws/install/joint_trajectory_demo _=/usr/bin/env /usr/bin/cmake --install /home/user/ros2_ws/build/my_quadruped_bringup
[1.515s] DEBUG:colcon.colcon_core.event_handler.log_command:Invoked command in '/home/user/ros2_ws/build/my_robot_bringup' returned '0': CMAKE_PREFIX_PATH=${CMAKE_PREFIX_PATH}:/home/user/ros2_ws/install/joint_trajectory_publisher:/home/user/ros2_ws/install/joint_trajectory_demo _=/usr/bin/env /usr/bin/cmake --build /home/user/ros2_ws/build/my_robot_bringup -- -j8 -l8
[1.516s] DEBUG:colcon.colcon_core.event_handler.log_command:Invoking command in '/home/user/ros2_ws/build/my_robot_bringup': CMAKE_PREFIX_PATH=${CMAKE_PREFIX_PATH}:/home/user/ros2_ws/install/joint_trajectory_publisher:/home/user/ros2_ws/install/joint_trajectory_demo _=/usr/bin/env /usr/bin/cmake --install /home/user/ros2_ws/build/my_robot_bringup
[1.526s] INFO:colcon.colcon_ros.task.ament_cmake.build:Building ROS package in '/home/user/ros2_ws/src/rrbot_controller' with build type 'ament_cmake'
[1.527s] INFO:colcon.colcon_cmake.task.cmake.build:Building CMake package in '/home/user/ros2_ws/src/rrbot_controller'
[1.527s] INFO:colcon.colcon_core.shell:Skip shell extension 'powershell' for command environment: Not usable outside of PowerShell
[1.527s] DEBUG:colcon.colcon_core.shell:Skip shell extension 'dsv' for command environment
[1.540s] Level 1:colcon.colcon_core.environment:create_environment_scripts_only(dynamixel_sdk_custom_interfaces)
[1.540s] Level 1:colcon.colcon_core.environment:checking '/home/user/ros2_ws/install/dynamixel_sdk_custom_interfaces' for CMake module files
[1.541s] Level 1:colcon.colcon_core.environment:checking '/home/user/ros2_ws/install/dynamixel_sdk_custom_interfaces' for CMake config files
[1.548s] DEBUG:colcon.colcon_core.event_handler.log_command:Invoked command in '/home/user/ros2_ws/build/dynamixel_sdk_custom_interfaces' returned '0': CMAKE_PREFIX_PATH=${CMAKE_PREFIX_PATH}:/home/user/ros2_ws/install/joint_trajectory_publisher:/home/user/ros2_ws/install/joint_trajectory_demo _=/usr/bin/env /usr/bin/cmake --install /home/user/ros2_ws/build/dynamixel_sdk_custom_interfaces
[1.548s] Level 1:colcon.colcon_core.shell:create_environment_hook('dynamixel_sdk_custom_interfaces', 'cmake_prefix_path')
[1.548s] INFO:colcon.colcon_core.shell:Creating environment hook '/home/user/ros2_ws/install/dynamixel_sdk_custom_interfaces/share/dynamixel_sdk_custom_interfaces/hook/cmake_prefix_path.ps1'
[1.549s] INFO:colcon.colcon_core.shell:Creating environment descriptor '/home/user/ros2_ws/install/dynamixel_sdk_custom_interfaces/share/dynamixel_sdk_custom_interfaces/hook/cmake_prefix_path.dsv'
[1.550s] INFO:colcon.colcon_core.shell:Creating environment hook '/home/user/ros2_ws/install/dynamixel_sdk_custom_interfaces/share/dynamixel_sdk_custom_interfaces/hook/cmake_prefix_path.sh'
[1.551s] Level 1:colcon.colcon_core.environment:checking '/home/user/ros2_ws/install/dynamixel_sdk_custom_interfaces/lib'
[1.551s] Level 1:colcon.colcon_core.shell:create_environment_hook('dynamixel_sdk_custom_interfaces', 'ld_library_path_lib')
[1.551s] INFO:colcon.colcon_core.shell:Creating environment hook '/home/user/ros2_ws/install/dynamixel_sdk_custom_interfaces/share/dynamixel_sdk_custom_interfaces/hook/ld_library_path_lib.ps1'
[1.552s] INFO:colcon.colcon_core.shell:Creating environment descriptor '/home/user/ros2_ws/install/dynamixel_sdk_custom_interfaces/share/dynamixel_sdk_custom_interfaces/hook/ld_library_path_lib.dsv'
[1.552s] INFO:colcon.colcon_core.shell:Creating environment hook '/home/user/ros2_ws/install/dynamixel_sdk_custom_interfaces/share/dynamixel_sdk_custom_interfaces/hook/ld_library_path_lib.sh'
[1.553s] Level 1:colcon.colcon_core.environment:checking '/home/user/ros2_ws/install/dynamixel_sdk_custom_interfaces/bin'
[1.553s] Level 1:colcon.colcon_core.environment:checking '/home/user/ros2_ws/install/dynamixel_sdk_custom_interfaces/lib/pkgconfig/dynamixel_sdk_custom_interfaces.pc'
[1.553s] Level 1:colcon.colcon_core.environment:checking '/home/user/ros2_ws/install/dynamixel_sdk_custom_interfaces/lib/python3.12/site-packages'
[1.553s] Level 1:colcon.colcon_core.shell:create_environment_hook('dynamixel_sdk_custom_interfaces', 'pythonpath')
[1.554s] INFO:colcon.colcon_core.shell:Creating environment hook '/home/user/ros2_ws/install/dynamixel_sdk_custom_interfaces/share/dynamixel_sdk_custom_interfaces/hook/pythonpath.ps1'
[1.554s] INFO:colcon.colcon_core.shell:Creating environment descriptor '/home/user/ros2_ws/install/dynamixel_sdk_custom_interfaces/share/dynamixel_sdk_custom_interfaces/hook/pythonpath.dsv'
[1.555s] INFO:colcon.colcon_core.shell:Creating environment hook '/home/user/ros2_ws/install/dynamixel_sdk_custom_interfaces/share/dynamixel_sdk_custom_interfaces/hook/pythonpath.sh'
[1.556s] Level 1:colcon.colcon_core.environment:checking '/home/user/ros2_ws/install/dynamixel_sdk_custom_interfaces/bin'
[1.556s] INFO:colcon.colcon_core.shell:Creating package script '/home/user/ros2_ws/install/dynamixel_sdk_custom_interfaces/share/dynamixel_sdk_custom_interfaces/package.ps1'
[1.557s] INFO:colcon.colcon_core.shell:Creating package descriptor '/home/user/ros2_ws/install/dynamixel_sdk_custom_interfaces/share/dynamixel_sdk_custom_interfaces/package.dsv'
[1.557s] INFO:colcon.colcon_core.shell:Creating package script '/home/user/ros2_ws/install/dynamixel_sdk_custom_interfaces/share/dynamixel_sdk_custom_interfaces/package.sh'
[1.558s] INFO:colcon.colcon_core.shell:Creating package script '/home/user/ros2_ws/install/dynamixel_sdk_custom_interfaces/share/dynamixel_sdk_custom_interfaces/package.bash'
[1.559s] INFO:colcon.colcon_core.shell:Creating package script '/home/user/ros2_ws/install/dynamixel_sdk_custom_interfaces/share/dynamixel_sdk_custom_interfaces/package.zsh'
[1.559s] Level 1:colcon.colcon_core.environment:create_file_with_runtime_dependencies(/home/user/ros2_ws/install/dynamixel_sdk_custom_interfaces/share/colcon-core/packages/dynamixel_sdk_custom_interfaces)
[1.560s] Level 1:colcon.colcon_core.environment:create_environment_scripts_only(dynamixel_sdk_custom_interfaces)
[1.560s] Level 1:colcon.colcon_core.environment:checking '/home/user/ros2_ws/install/dynamixel_sdk_custom_interfaces' for CMake module files
[1.560s] Level 1:colcon.colcon_core.environment:checking '/home/user/ros2_ws/install/dynamixel_sdk_custom_interfaces' for CMake config files
[1.561s] Level 1:colcon.colcon_core.shell:create_environment_hook('dynamixel_sdk_custom_interfaces', 'cmake_prefix_path')
[1.561s] INFO:colcon.colcon_core.shell:Creating environment hook '/home/user/ros2_ws/install/dynamixel_sdk_custom_interfaces/share/dynamixel_sdk_custom_interfaces/hook/cmake_prefix_path.ps1'
[1.562s] INFO:colcon.colcon_core.shell:Creating environment descriptor '/home/user/ros2_ws/install/dynamixel_sdk_custom_interfaces/share/dynamixel_sdk_custom_interfaces/hook/cmake_prefix_path.dsv'
[1.562s] INFO:colcon.colcon_core.shell:Creating environment hook '/home/user/ros2_ws/install/dynamixel_sdk_custom_interfaces/share/dynamixel_sdk_custom_interfaces/hook/cmake_prefix_path.sh'
[1.563s] Level 1:colcon.colcon_core.environment:checking '/home/user/ros2_ws/install/dynamixel_sdk_custom_interfaces/lib'
[1.563s] Level 1:colcon.colcon_core.shell:create_environment_hook('dynamixel_sdk_custom_interfaces', 'ld_library_path_lib')
[1.563s] INFO:colcon.colcon_core.shell:Creating environment hook '/home/user/ros2_ws/install/dynamixel_sdk_custom_interfaces/share/dynamixel_sdk_custom_interfaces/hook/ld_library_path_lib.ps1'
[1.564s] INFO:colcon.colcon_core.shell:Creating environment descriptor '/home/user/ros2_ws/install/dynamixel_sdk_custom_interfaces/share/dynamixel_sdk_custom_interfaces/hook/ld_library_path_lib.dsv'
[1.564s] INFO:colcon.colcon_core.shell:Creating environment hook '/home/user/ros2_ws/install/dynamixel_sdk_custom_interfaces/share/dynamixel_sdk_custom_interfaces/hook/ld_library_path_lib.sh'
[1.564s] Level 1:colcon.colcon_core.environment:checking '/home/user/ros2_ws/install/dynamixel_sdk_custom_interfaces/bin'
[1.564s] Level 1:colcon.colcon_core.environment:checking '/home/user/ros2_ws/install/dynamixel_sdk_custom_interfaces/lib/pkgconfig/dynamixel_sdk_custom_interfaces.pc'
[1.565s] Level 1:colcon.colcon_core.environment:checking '/home/user/ros2_ws/install/dynamixel_sdk_custom_interfaces/lib/python3.12/site-packages'
[1.565s] Level 1:colcon.colcon_core.shell:create_environment_hook('dynamixel_sdk_custom_interfaces', 'pythonpath')
[1.565s] INFO:colcon.colcon_core.shell:Creating environment hook '/home/user/ros2_ws/install/dynamixel_sdk_custom_interfaces/share/dynamixel_sdk_custom_interfaces/hook/pythonpath.ps1'
[1.565s] INFO:colcon.colcon_core.shell:Creating environment descriptor '/home/user/ros2_ws/install/dynamixel_sdk_custom_interfaces/share/dynamixel_sdk_custom_interfaces/hook/pythonpath.dsv'
[1.566s] INFO:colcon.colcon_core.shell:Creating environment hook '/home/user/ros2_ws/install/dynamixel_sdk_custom_interfaces/share/dynamixel_sdk_custom_interfaces/hook/pythonpath.sh'
[1.567s] Level 1:colcon.colcon_core.environment:checking '/home/user/ros2_ws/install/dynamixel_sdk_custom_interfaces/bin'
[1.567s] INFO:colcon.colcon_core.shell:Creating package script '/home/user/ros2_ws/install/dynamixel_sdk_custom_interfaces/share/dynamixel_sdk_custom_interfaces/package.ps1'
[1.568s] INFO:colcon.colcon_core.shell:Creating package descriptor '/home/user/ros2_ws/install/dynamixel_sdk_custom_interfaces/share/dynamixel_sdk_custom_interfaces/package.dsv'
[1.568s] INFO:colcon.colcon_core.shell:Creating package script '/home/user/ros2_ws/install/dynamixel_sdk_custom_interfaces/share/dynamixel_sdk_custom_interfaces/package.sh'
[1.569s] INFO:colcon.colcon_core.shell:Creating package script '/home/user/ros2_ws/install/dynamixel_sdk_custom_interfaces/share/dynamixel_sdk_custom_interfaces/package.bash'
[1.569s] INFO:colcon.colcon_core.shell:Creating package script '/home/user/ros2_ws/install/dynamixel_sdk_custom_interfaces/share/dynamixel_sdk_custom_interfaces/package.zsh'
[1.570s] Level 1:colcon.colcon_core.environment:create_file_with_runtime_dependencies(/home/user/ros2_ws/install/dynamixel_sdk_custom_interfaces/share/colcon-core/packages/dynamixel_sdk_custom_interfaces)
[1.572s] INFO:colcon.colcon_ros.task.ament_cmake.build:Building ROS package in '/home/user/ros2_ws/src/ros2_control_course/unit2/rrbot_unit2' with build type 'ament_cmake'
[1.572s] INFO:colcon.colcon_cmake.task.cmake.build:Building CMake package in '/home/user/ros2_ws/src/ros2_control_course/unit2/rrbot_unit2'
[1.572s] INFO:colcon.colcon_core.shell:Skip shell extension 'powershell' for command environment: Not usable outside of PowerShell
[1.573s] DEBUG:colcon.colcon_core.shell:Skip shell extension 'dsv' for command environment
[1.599s] DEBUG:colcon.colcon_core.event_handler.log_command:Invoking command in '/home/user/ros2_ws/build/dynamixel_workbench_toolbox': CMAKE_PREFIX_PATH=/home/user/ros2_ws/install/dynamixel_sdk:/home/user/ros2_ws/install/spawn_solo:/home/user/ros2_ws/install/spawn_robot:/home/user/ros2_ws/install/solo_description:/home/user/ros2_ws/install/rrbot_unit5:/home/user/ros2_ws/install/rrbot_unit4:/home/user/ros2_ws/install/rrbot_unit3:/home/user/ros2_ws/install/rrbot_unit2:/home/user/ros2_ws/install/rrbot_controller:/home/user/ros2_ws/install/my_robot_hardware_interface:/home/user/ros2_ws/install/my_robot_bringup:/home/user/ros2_ws/install/my_quadruped_bringup:/home/user/ros2_ws/install/dynamixel_workbench:/home/user/ros2_ws/install/dynamixel_hardware_interface:/home/user/ros2_ws/install/dynamixel_workbench_toolbox:/home/user/ros2_ws/install/dynamixel_sdk_examples:/home/user/ros2_ws/install/dynamixel_sdk_custom_interfaces:/home/user/ros2_ws/install/diffbot_sim:/home/user/ros2_ws/install/diffbot_description:/home/simulations/ros2_sims_ws/install/unit6_simulation:/home/simulations/ros2_sims_ws/install/rrbot_sim:/home/simulations/ros2_sims_ws/install/rmw_cyclonedds_cpp:/home/simulations/ros2_sims_ws/install/cyclonedds:/opt/ros/jazzy/opt/gz_sim_vendor:/opt/ros/jazzy/opt/gz_sensors_vendor:/opt/ros/jazzy/opt/gz_physics_vendor:/opt/ros/jazzy/opt/sdformat_vendor:/opt/ros/jazzy/opt/gz_gui_vendor:/opt/ros/jazzy/opt/gz_transport_vendor:/opt/ros/jazzy/opt/gz_rendering_vendor:/opt/ros/jazzy/opt/gz_plugin_vendor:/opt/ros/jazzy/opt/gz_fuel_tools_vendor:/opt/ros/jazzy/opt/gz_msgs_vendor:/opt/ros/jazzy/opt/gz_common_vendor:/opt/ros/jazzy/opt/gz_math_vendor:/opt/ros/jazzy/opt/gz_utils_vendor:/opt/ros/jazzy/opt/gz_tools_vendor:/opt/ros/jazzy/opt/gz_ogre_next_vendor:/opt/ros/jazzy/opt/gz_dartsim_vendor:/opt/ros/jazzy/opt/gz_cmake_vendor:/opt/ros/jazzy:/opt/ros/jazzy:/home/user/ros2_ws/install/joint_trajectory_publisher:/home/user/ros2_ws/install/joint_trajectory_demo LD_LIBRARY_PATH=/home/user/ros2_ws/install/dynamixel_sdk/lib:/home/user/ros2_ws/install/rrbot_controller/lib:/home/user/ros2_ws/install/my_robot_hardware_interface/lib:/home/user/ros2_ws/install/dynamixel_hardware_interface/lib:/home/user/ros2_ws/install/dynamixel_workbench_toolbox/lib:/home/user/ros2_ws/install/dynamixel_sdk_custom_interfaces/lib:/home/simulations/ros2_sims_ws/install/rmw_cyclonedds_cpp/lib:/home/simulations/ros2_sims_ws/install/cyclonedds/lib:/home/user/catkin_ws/devel/lib:/home/simulations/public_sim_ws/devel/lib:/opt/ros/jazzy/lib:/opt/ros/jazzy/lib/x86_64-linux-gnu:/usr/local/cuda-10.2/lib64:/home/user/.catkin_ws_python3/src/TensorRT-7.0.0.11/lib:/home/user/catkin_ws/devel/lib:/home/simulations/public_sim_ws/devel/lib:/opt/ros/jazzy/lib:/opt/ros/jazzy/lib/x86_64-linux-gnu:/opt/ros/jazzy/opt/gz_sim_vendor/lib:/opt/ros/jazzy/opt/gz_sensors_vendor/lib:/opt/ros/jazzy/opt/gz_physics_vendor/lib:/opt/ros/jazzy/opt/sdformat_vendor/lib:/opt/ros/jazzy/opt/rviz_ogre_vendor/lib:/opt/ros/jazzy/lib/x86_64-linux-gnu:/opt/ros/jazzy/opt/gz_gui_vendor/lib:/opt/ros/jazzy/opt/gz_transport_vendor/lib:/opt/ros/jazzy/opt/gz_rendering_vendor/lib:/opt/ros/jazzy/opt/gz_plugin_vendor/lib:/opt/ros/jazzy/opt/gz_fuel_tools_vendor/lib:/opt/ros/jazzy/opt/gz_msgs_vendor/lib:/opt/ros/jazzy/opt/gz_common_vendor/lib:/opt/ros/jazzy/opt/gz_math_vendor/lib:/opt/ros/jazzy/opt/gz_utils_vendor/lib:/opt/ros/jazzy/opt/gz_tools_vendor/lib:/opt/ros/jazzy/opt/gz_ogre_next_vendor/lib:/opt/ros/jazzy/opt/gz_dartsim_vendor/lib:/opt/ros/jazzy/opt/gz_cmake_vendor/lib:/opt/ros/jazzy/lib:/usr/local/cuda-10.2/lib64:/home/user/.catkin_ws_python3/src/TensorRT-7.0.0.11/lib _=/usr/bin/env /usr/bin/cmake --build /home/user/ros2_ws/build/dynamixel_workbench_toolbox -- -j8 -l8
[1.611s] DEBUG:colcon.colcon_core.event_handler.log_command:Invoking command in '/home/user/ros2_ws/build/my_robot_hardware_interface': CMAKE_PREFIX_PATH=${CMAKE_PREFIX_PATH}:/home/user/ros2_ws/install/joint_trajectory_publisher:/home/user/ros2_ws/install/joint_trajectory_demo _=/usr/bin/env /usr/bin/cmake --build /home/user/ros2_ws/build/my_robot_hardware_interface -- -j8 -l8
[1.626s] Level 1:colcon.colcon_core.environment:create_environment_scripts_only(my_robot_bringup)
[1.626s] Level 1:colcon.colcon_core.environment:checking '/home/user/ros2_ws/install/my_robot_bringup' for CMake module files
[1.627s] DEBUG:colcon.colcon_core.event_handler.log_command:Invoked command in '/home/user/ros2_ws/build/my_robot_bringup' returned '0': CMAKE_PREFIX_PATH=${CMAKE_PREFIX_PATH}:/home/user/ros2_ws/install/joint_trajectory_publisher:/home/user/ros2_ws/install/joint_trajectory_demo _=/usr/bin/env /usr/bin/cmake --install /home/user/ros2_ws/build/my_robot_bringup
[1.628s] Level 1:colcon.colcon_core.environment:checking '/home/user/ros2_ws/install/my_robot_bringup' for CMake config files
[1.628s] Level 1:colcon.colcon_core.shell:create_environment_hook('my_robot_bringup', 'cmake_prefix_path')
[1.628s] INFO:colcon.colcon_core.shell:Creating environment hook '/home/user/ros2_ws/install/my_robot_bringup/share/my_robot_bringup/hook/cmake_prefix_path.ps1'
[1.629s] INFO:colcon.colcon_core.shell:Creating environment descriptor '/home/user/ros2_ws/install/my_robot_bringup/share/my_robot_bringup/hook/cmake_prefix_path.dsv'
[1.630s] INFO:colcon.colcon_core.shell:Creating environment hook '/home/user/ros2_ws/install/my_robot_bringup/share/my_robot_bringup/hook/cmake_prefix_path.sh'
[1.630s] Level 1:colcon.colcon_core.environment:checking '/home/user/ros2_ws/install/my_robot_bringup/bin'
[1.631s] Level 1:colcon.colcon_core.environment:checking '/home/user/ros2_ws/install/my_robot_bringup/lib/pkgconfig/my_robot_bringup.pc'
[1.631s] Level 1:colcon.colcon_core.environment:checking '/home/user/ros2_ws/install/my_robot_bringup/lib/python3.12/site-packages'
[1.631s] Level 1:colcon.colcon_core.environment:checking '/home/user/ros2_ws/install/my_robot_bringup/bin'
[1.632s] INFO:colcon.colcon_core.shell:Creating package script '/home/user/ros2_ws/install/my_robot_bringup/share/my_robot_bringup/package.ps1'
[1.632s] INFO:colcon.colcon_core.shell:Creating package descriptor '/home/user/ros2_ws/install/my_robot_bringup/share/my_robot_bringup/package.dsv'
[1.633s] INFO:colcon.colcon_core.shell:Creating package script '/home/user/ros2_ws/install/my_robot_bringup/share/my_robot_bringup/package.sh'
[1.633s] INFO:colcon.colcon_core.shell:Creating package script '/home/user/ros2_ws/install/my_robot_bringup/share/my_robot_bringup/package.bash'
[1.634s] INFO:colcon.colcon_core.shell:Creating package script '/home/user/ros2_ws/install/my_robot_bringup/share/my_robot_bringup/package.zsh'
[1.635s] Level 1:colcon.colcon_core.environment:create_file_with_runtime_dependencies(/home/user/ros2_ws/install/my_robot_bringup/share/colcon-core/packages/my_robot_bringup)
[1.636s] Level 1:colcon.colcon_core.environment:create_environment_scripts_only(my_robot_bringup)
[1.636s] Level 1:colcon.colcon_core.environment:checking '/home/user/ros2_ws/install/my_robot_bringup' for CMake module files
[1.637s] Level 1:colcon.colcon_core.environment:checking '/home/user/ros2_ws/install/my_robot_bringup' for CMake config files
[1.638s] Level 1:colcon.colcon_core.shell:create_environment_hook('my_robot_bringup', 'cmake_prefix_path')
[1.638s] INFO:colcon.colcon_core.shell:Creating environment hook '/home/user/ros2_ws/install/my_robot_bringup/share/my_robot_bringup/hook/cmake_prefix_path.ps1'
[1.638s] INFO:colcon.colcon_core.shell:Creating environment descriptor '/home/user/ros2_ws/install/my_robot_bringup/share/my_robot_bringup/hook/cmake_prefix_path.dsv'
[1.639s] INFO:colcon.colcon_core.shell:Creating environment hook '/home/user/ros2_ws/install/my_robot_bringup/share/my_robot_bringup/hook/cmake_prefix_path.sh'
[1.640s] Level 1:colcon.colcon_core.environment:checking '/home/user/ros2_ws/install/my_robot_bringup/bin'
[1.640s] Level 1:colcon.colcon_core.environment:checking '/home/user/ros2_ws/install/my_robot_bringup/lib/pkgconfig/my_robot_bringup.pc'
[1.640s] Level 1:colcon.colcon_core.environment:checking '/home/user/ros2_ws/install/my_robot_bringup/lib/python3.12/site-packages'
[1.641s] Level 1:colcon.colcon_core.environment:checking '/home/user/ros2_ws/install/my_robot_bringup/bin'
[1.641s] INFO:colcon.colcon_core.shell:Creating package script '/home/user/ros2_ws/install/my_robot_bringup/share/my_robot_bringup/package.ps1'
[1.642s] INFO:colcon.colcon_core.shell:Creating package descriptor '/home/user/ros2_ws/install/my_robot_bringup/share/my_robot_bringup/package.dsv'
[1.643s] INFO:colcon.colcon_core.shell:Creating package script '/home/user/ros2_ws/install/my_robot_bringup/share/my_robot_bringup/package.sh'
[1.644s] INFO:colcon.colcon_core.shell:Creating package script '/home/user/ros2_ws/install/my_robot_bringup/share/my_robot_bringup/package.bash'
[1.644s] INFO:colcon.colcon_core.shell:Creating package script '/home/user/ros2_ws/install/my_robot_bringup/share/my_robot_bringup/package.zsh'
[1.645s] Level 1:colcon.colcon_core.environment:create_file_with_runtime_dependencies(/home/user/ros2_ws/install/my_robot_bringup/share/colcon-core/packages/my_robot_bringup)
[1.645s] Level 1:colcon.colcon_core.environment:create_environment_scripts_only(my_quadruped_bringup)
[1.646s] DEBUG:colcon.colcon_core.event_handler.log_command:Invoked command in '/home/user/ros2_ws/build/my_quadruped_bringup' returned '0': CMAKE_PREFIX_PATH=${CMAKE_PREFIX_PATH}:/home/user/ros2_ws/install/joint_trajectory_publisher:/home/user/ros2_ws/install/joint_trajectory_demo _=/usr/bin/env /usr/bin/cmake --install /home/user/ros2_ws/build/my_quadruped_bringup
[1.647s] Level 1:colcon.colcon_core.environment:checking '/home/user/ros2_ws/install/my_quadruped_bringup' for CMake module files
[1.648s] Level 1:colcon.colcon_core.environment:checking '/home/user/ros2_ws/install/my_quadruped_bringup' for CMake config files
[1.648s] Level 1:colcon.colcon_core.shell:create_environment_hook('my_quadruped_bringup', 'cmake_prefix_path')
[1.648s] INFO:colcon.colcon_core.shell:Creating environment hook '/home/user/ros2_ws/install/my_quadruped_bringup/share/my_quadruped_bringup/hook/cmake_prefix_path.ps1'
[1.649s] INFO:colcon.colcon_core.shell:Creating environment descriptor '/home/user/ros2_ws/install/my_quadruped_bringup/share/my_quadruped_bringup/hook/cmake_prefix_path.dsv'
[1.649s] INFO:colcon.colcon_core.shell:Creating environment hook '/home/user/ros2_ws/install/my_quadruped_bringup/share/my_quadruped_bringup/hook/cmake_prefix_path.sh'
[1.650s] Level 1:colcon.colcon_core.environment:checking '/home/user/ros2_ws/install/my_quadruped_bringup/bin'
[1.650s] Level 1:colcon.colcon_core.environment:checking '/home/user/ros2_ws/install/my_quadruped_bringup/lib/pkgconfig/my_quadruped_bringup.pc'
[1.651s] Level 1:colcon.colcon_core.environment:checking '/home/user/ros2_ws/install/my_quadruped_bringup/lib/python3.12/site-packages'
[1.651s] Level 1:colcon.colcon_core.environment:checking '/home/user/ros2_ws/install/my_quadruped_bringup/bin'
[1.651s] INFO:colcon.colcon_core.shell:Creating package script '/home/user/ros2_ws/install/my_quadruped_bringup/share/my_quadruped_bringup/package.ps1'
[1.652s] INFO:colcon.colcon_core.shell:Creating package descriptor '/home/user/ros2_ws/install/my_quadruped_bringup/share/my_quadruped_bringup/package.dsv'
[1.652s] INFO:colcon.colcon_core.shell:Creating package script '/home/user/ros2_ws/install/my_quadruped_bringup/share/my_quadruped_bringup/package.sh'
[1.653s] INFO:colcon.colcon_core.shell:Creating package script '/home/user/ros2_ws/install/my_quadruped_bringup/share/my_quadruped_bringup/package.bash'
[1.653s] INFO:colcon.colcon_core.shell:Creating package script '/home/user/ros2_ws/install/my_quadruped_bringup/share/my_quadruped_bringup/package.zsh'
[1.654s] Level 1:colcon.colcon_core.environment:create_file_with_runtime_dependencies(/home/user/ros2_ws/install/my_quadruped_bringup/share/colcon-core/packages/my_quadruped_bringup)
[1.654s] Level 1:colcon.colcon_core.environment:create_environment_scripts_only(my_quadruped_bringup)
[1.655s] Level 1:colcon.colcon_core.environment:checking '/home/user/ros2_ws/install/my_quadruped_bringup' for CMake module files
[1.655s] Level 1:colcon.colcon_core.environment:checking '/home/user/ros2_ws/install/my_quadruped_bringup' for CMake config files
[1.656s] Level 1:colcon.colcon_core.shell:create_environment_hook('my_quadruped_bringup', 'cmake_prefix_path')
[1.656s] INFO:colcon.colcon_core.shell:Creating environment hook '/home/user/ros2_ws/install/my_quadruped_bringup/share/my_quadruped_bringup/hook/cmake_prefix_path.ps1'
[1.657s] INFO:colcon.colcon_core.shell:Creating environment descriptor '/home/user/ros2_ws/install/my_quadruped_bringup/share/my_quadruped_bringup/hook/cmake_prefix_path.dsv'
[1.657s] INFO:colcon.colcon_core.shell:Creating environment hook '/home/user/ros2_ws/install/my_quadruped_bringup/share/my_quadruped_bringup/hook/cmake_prefix_path.sh'
[1.658s] Level 1:colcon.colcon_core.environment:checking '/home/user/ros2_ws/install/my_quadruped_bringup/bin'
[1.658s] Level 1:colcon.colcon_core.environment:checking '/home/user/ros2_ws/install/my_quadruped_bringup/lib/pkgconfig/my_quadruped_bringup.pc'
[1.658s] Level 1:colcon.colcon_core.environment:checking '/home/user/ros2_ws/install/my_quadruped_bringup/lib/python3.12/site-packages'
[1.659s] Level 1:colcon.colcon_core.environment:checking '/home/user/ros2_ws/install/my_quadruped_bringup/bin'
[1.659s] INFO:colcon.colcon_core.shell:Creating package script '/home/user/ros2_ws/install/my_quadruped_bringup/share/my_quadruped_bringup/package.ps1'
[1.660s] INFO:colcon.colcon_core.shell:Creating package descriptor '/home/user/ros2_ws/install/my_quadruped_bringup/share/my_quadruped_bringup/package.dsv'
[1.661s] INFO:colcon.colcon_core.shell:Creating package script '/home/user/ros2_ws/install/my_quadruped_bringup/share/my_quadruped_bringup/package.sh'
[1.662s] INFO:colcon.colcon_core.shell:Creating package script '/home/user/ros2_ws/install/my_quadruped_bringup/share/my_quadruped_bringup/package.bash'
[1.663s] INFO:colcon.colcon_core.shell:Creating package script '/home/user/ros2_ws/install/my_quadruped_bringup/share/my_quadruped_bringup/package.zsh'
[1.663s] Level 1:colcon.colcon_core.environment:create_file_with_runtime_dependencies(/home/user/ros2_ws/install/my_quadruped_bringup/share/colcon-core/packages/my_quadruped_bringup)
[1.665s] INFO:colcon.colcon_ros.task.ament_cmake.build:Building ROS package in '/home/user/ros2_ws/src/ros2_control_course/unit3/rrbot_unit3' with build type 'ament_cmake'
[1.665s] INFO:colcon.colcon_cmake.task.cmake.build:Building CMake package in '/home/user/ros2_ws/src/ros2_control_course/unit3/rrbot_unit3'
[1.666s] INFO:colcon.colcon_core.shell:Skip shell extension 'powershell' for command environment: Not usable outside of PowerShell
[1.667s] DEBUG:colcon.colcon_core.shell:Skip shell extension 'dsv' for command environment
[1.692s] INFO:colcon.colcon_ros.task.ament_cmake.build:Building ROS package in '/home/user/ros2_ws/src/ros2_control_course/unit4/rrbot_unit4' with build type 'ament_cmake'
[1.692s] INFO:colcon.colcon_cmake.task.cmake.build:Building CMake package in '/home/user/ros2_ws/src/ros2_control_course/unit4/rrbot_unit4'
[1.692s] INFO:colcon.colcon_core.shell:Skip shell extension 'powershell' for command environment: Not usable outside of PowerShell
[1.692s] DEBUG:colcon.colcon_core.shell:Skip shell extension 'dsv' for command environment
[1.714s] DEBUG:colcon.colcon_core.event_handler.log_command:Invoking command in '/home/user/ros2_ws/build/rrbot_controller': CMAKE_PREFIX_PATH=${CMAKE_PREFIX_PATH}:/home/user/ros2_ws/install/joint_trajectory_publisher:/home/user/ros2_ws/install/joint_trajectory_demo _=/usr/bin/env /usr/bin/cmake --build /home/user/ros2_ws/build/rrbot_controller -- -j8 -l8
[1.727s] DEBUG:colcon.colcon_core.event_handler.log_command:Invoking command in '/home/user/ros2_ws/build/rrbot_unit2': CMAKE_PREFIX_PATH=${CMAKE_PREFIX_PATH}:/home/user/ros2_ws/install/joint_trajectory_publisher:/home/user/ros2_ws/install/joint_trajectory_demo _=/usr/bin/env /usr/bin/cmake --build /home/user/ros2_ws/build/rrbot_unit2 -- -j8 -l8
[1.745s] DEBUG:colcon.colcon_core.event_handler.log_command:Invoking command in '/home/user/ros2_ws/build/rrbot_unit3': CMAKE_PREFIX_PATH=${CMAKE_PREFIX_PATH}:/home/user/ros2_ws/install/joint_trajectory_publisher:/home/user/ros2_ws/install/joint_trajectory_demo _=/usr/bin/env /usr/bin/cmake --build /home/user/ros2_ws/build/rrbot_unit3 -- -j8 -l8
[1.758s] DEBUG:colcon.colcon_core.event_handler.log_command:Invoking command in '/home/user/ros2_ws/build/rrbot_unit4': CMAKE_PREFIX_PATH=${CMAKE_PREFIX_PATH}:/home/user/ros2_ws/install/joint_trajectory_publisher:/home/user/ros2_ws/install/joint_trajectory_demo _=/usr/bin/env /usr/bin/cmake --build /home/user/ros2_ws/build/rrbot_unit4 -- -j8 -l8
[1.793s] DEBUG:colcon.colcon_core.event_handler.log_command:Invoked command in '/home/user/ros2_ws/build/dynamixel_workbench_toolbox' returned '0': CMAKE_PREFIX_PATH=/home/user/ros2_ws/install/dynamixel_sdk:/home/user/ros2_ws/install/spawn_solo:/home/user/ros2_ws/install/spawn_robot:/home/user/ros2_ws/install/solo_description:/home/user/ros2_ws/install/rrbot_unit5:/home/user/ros2_ws/install/rrbot_unit4:/home/user/ros2_ws/install/rrbot_unit3:/home/user/ros2_ws/install/rrbot_unit2:/home/user/ros2_ws/install/rrbot_controller:/home/user/ros2_ws/install/my_robot_hardware_interface:/home/user/ros2_ws/install/my_robot_bringup:/home/user/ros2_ws/install/my_quadruped_bringup:/home/user/ros2_ws/install/dynamixel_workbench:/home/user/ros2_ws/install/dynamixel_hardware_interface:/home/user/ros2_ws/install/dynamixel_workbench_toolbox:/home/user/ros2_ws/install/dynamixel_sdk_examples:/home/user/ros2_ws/install/dynamixel_sdk_custom_interfaces:/home/user/ros2_ws/install/diffbot_sim:/home/user/ros2_ws/install/diffbot_description:/home/simulations/ros2_sims_ws/install/unit6_simulation:/home/simulations/ros2_sims_ws/install/rrbot_sim:/home/simulations/ros2_sims_ws/install/rmw_cyclonedds_cpp:/home/simulations/ros2_sims_ws/install/cyclonedds:/opt/ros/jazzy/opt/gz_sim_vendor:/opt/ros/jazzy/opt/gz_sensors_vendor:/opt/ros/jazzy/opt/gz_physics_vendor:/opt/ros/jazzy/opt/sdformat_vendor:/opt/ros/jazzy/opt/gz_gui_vendor:/opt/ros/jazzy/opt/gz_transport_vendor:/opt/ros/jazzy/opt/gz_rendering_vendor:/opt/ros/jazzy/opt/gz_plugin_vendor:/opt/ros/jazzy/opt/gz_fuel_tools_vendor:/opt/ros/jazzy/opt/gz_msgs_vendor:/opt/ros/jazzy/opt/gz_common_vendor:/opt/ros/jazzy/opt/gz_math_vendor:/opt/ros/jazzy/opt/gz_utils_vendor:/opt/ros/jazzy/opt/gz_tools_vendor:/opt/ros/jazzy/opt/gz_ogre_next_vendor:/opt/ros/jazzy/opt/gz_dartsim_vendor:/opt/ros/jazzy/opt/gz_cmake_vendor:/opt/ros/jazzy:/opt/ros/jazzy:/home/user/ros2_ws/install/joint_trajectory_publisher:/home/user/ros2_ws/install/joint_trajectory_demo LD_LIBRARY_PATH=/home/user/ros2_ws/install/dynamixel_sdk/lib:/home/user/ros2_ws/install/rrbot_controller/lib:/home/user/ros2_ws/install/my_robot_hardware_interface/lib:/home/user/ros2_ws/install/dynamixel_hardware_interface/lib:/home/user/ros2_ws/install/dynamixel_workbench_toolbox/lib:/home/user/ros2_ws/install/dynamixel_sdk_custom_interfaces/lib:/home/simulations/ros2_sims_ws/install/rmw_cyclonedds_cpp/lib:/home/simulations/ros2_sims_ws/install/cyclonedds/lib:/home/user/catkin_ws/devel/lib:/home/simulations/public_sim_ws/devel/lib:/opt/ros/jazzy/lib:/opt/ros/jazzy/lib/x86_64-linux-gnu:/usr/local/cuda-10.2/lib64:/home/user/.catkin_ws_python3/src/TensorRT-7.0.0.11/lib:/home/user/catkin_ws/devel/lib:/home/simulations/public_sim_ws/devel/lib:/opt/ros/jazzy/lib:/opt/ros/jazzy/lib/x86_64-linux-gnu:/opt/ros/jazzy/opt/gz_sim_vendor/lib:/opt/ros/jazzy/opt/gz_sensors_vendor/lib:/opt/ros/jazzy/opt/gz_physics_vendor/lib:/opt/ros/jazzy/opt/sdformat_vendor/lib:/opt/ros/jazzy/opt/rviz_ogre_vendor/lib:/opt/ros/jazzy/lib/x86_64-linux-gnu:/opt/ros/jazzy/opt/gz_gui_vendor/lib:/opt/ros/jazzy/opt/gz_transport_vendor/lib:/opt/ros/jazzy/opt/gz_rendering_vendor/lib:/opt/ros/jazzy/opt/gz_plugin_vendor/lib:/opt/ros/jazzy/opt/gz_fuel_tools_vendor/lib:/opt/ros/jazzy/opt/gz_msgs_vendor/lib:/opt/ros/jazzy/opt/gz_common_vendor/lib:/opt/ros/jazzy/opt/gz_math_vendor/lib:/opt/ros/jazzy/opt/gz_utils_vendor/lib:/opt/ros/jazzy/opt/gz_tools_vendor/lib:/opt/ros/jazzy/opt/gz_ogre_next_vendor/lib:/opt/ros/jazzy/opt/gz_dartsim_vendor/lib:/opt/ros/jazzy/opt/gz_cmake_vendor/lib:/opt/ros/jazzy/lib:/usr/local/cuda-10.2/lib64:/home/user/.catkin_ws_python3/src/TensorRT-7.0.0.11/lib _=/usr/bin/env /usr/bin/cmake --build /home/user/ros2_ws/build/dynamixel_workbench_toolbox -- -j8 -l8
[1.794s] DEBUG:colcon.colcon_core.event_handler.log_command:Invoking command in '/home/user/ros2_ws/build/dynamixel_workbench_toolbox': CMAKE_PREFIX_PATH=/home/user/ros2_ws/install/dynamixel_sdk:/home/user/ros2_ws/install/spawn_solo:/home/user/ros2_ws/install/spawn_robot:/home/user/ros2_ws/install/solo_description:/home/user/ros2_ws/install/rrbot_unit5:/home/user/ros2_ws/install/rrbot_unit4:/home/user/ros2_ws/install/rrbot_unit3:/home/user/ros2_ws/install/rrbot_unit2:/home/user/ros2_ws/install/rrbot_controller:/home/user/ros2_ws/install/my_robot_hardware_interface:/home/user/ros2_ws/install/my_robot_bringup:/home/user/ros2_ws/install/my_quadruped_bringup:/home/user/ros2_ws/install/dynamixel_workbench:/home/user/ros2_ws/install/dynamixel_hardware_interface:/home/user/ros2_ws/install/dynamixel_workbench_toolbox:/home/user/ros2_ws/install/dynamixel_sdk_examples:/home/user/ros2_ws/install/dynamixel_sdk_custom_interfaces:/home/user/ros2_ws/install/diffbot_sim:/home/user/ros2_ws/install/diffbot_description:/home/simulations/ros2_sims_ws/install/unit6_simulation:/home/simulations/ros2_sims_ws/install/rrbot_sim:/home/simulations/ros2_sims_ws/install/rmw_cyclonedds_cpp:/home/simulations/ros2_sims_ws/install/cyclonedds:/opt/ros/jazzy/opt/gz_sim_vendor:/opt/ros/jazzy/opt/gz_sensors_vendor:/opt/ros/jazzy/opt/gz_physics_vendor:/opt/ros/jazzy/opt/sdformat_vendor:/opt/ros/jazzy/opt/gz_gui_vendor:/opt/ros/jazzy/opt/gz_transport_vendor:/opt/ros/jazzy/opt/gz_rendering_vendor:/opt/ros/jazzy/opt/gz_plugin_vendor:/opt/ros/jazzy/opt/gz_fuel_tools_vendor:/opt/ros/jazzy/opt/gz_msgs_vendor:/opt/ros/jazzy/opt/gz_common_vendor:/opt/ros/jazzy/opt/gz_math_vendor:/opt/ros/jazzy/opt/gz_utils_vendor:/opt/ros/jazzy/opt/gz_tools_vendor:/opt/ros/jazzy/opt/gz_ogre_next_vendor:/opt/ros/jazzy/opt/gz_dartsim_vendor:/opt/ros/jazzy/opt/gz_cmake_vendor:/opt/ros/jazzy:/opt/ros/jazzy:/home/user/ros2_ws/install/joint_trajectory_publisher:/home/user/ros2_ws/install/joint_trajectory_demo LD_LIBRARY_PATH=/home/user/ros2_ws/install/dynamixel_sdk/lib:/home/user/ros2_ws/install/rrbot_controller/lib:/home/user/ros2_ws/install/my_robot_hardware_interface/lib:/home/user/ros2_ws/install/dynamixel_hardware_interface/lib:/home/user/ros2_ws/install/dynamixel_workbench_toolbox/lib:/home/user/ros2_ws/install/dynamixel_sdk_custom_interfaces/lib:/home/simulations/ros2_sims_ws/install/rmw_cyclonedds_cpp/lib:/home/simulations/ros2_sims_ws/install/cyclonedds/lib:/home/user/catkin_ws/devel/lib:/home/simulations/public_sim_ws/devel/lib:/opt/ros/jazzy/lib:/opt/ros/jazzy/lib/x86_64-linux-gnu:/usr/local/cuda-10.2/lib64:/home/user/.catkin_ws_python3/src/TensorRT-7.0.0.11/lib:/home/user/catkin_ws/devel/lib:/home/simulations/public_sim_ws/devel/lib:/opt/ros/jazzy/lib:/opt/ros/jazzy/lib/x86_64-linux-gnu:/opt/ros/jazzy/opt/gz_sim_vendor/lib:/opt/ros/jazzy/opt/gz_sensors_vendor/lib:/opt/ros/jazzy/opt/gz_physics_vendor/lib:/opt/ros/jazzy/opt/sdformat_vendor/lib:/opt/ros/jazzy/opt/rviz_ogre_vendor/lib:/opt/ros/jazzy/lib/x86_64-linux-gnu:/opt/ros/jazzy/opt/gz_gui_vendor/lib:/opt/ros/jazzy/opt/gz_transport_vendor/lib:/opt/ros/jazzy/opt/gz_rendering_vendor/lib:/opt/ros/jazzy/opt/gz_plugin_vendor/lib:/opt/ros/jazzy/opt/gz_fuel_tools_vendor/lib:/opt/ros/jazzy/opt/gz_msgs_vendor/lib:/opt/ros/jazzy/opt/gz_common_vendor/lib:/opt/ros/jazzy/opt/gz_math_vendor/lib:/opt/ros/jazzy/opt/gz_utils_vendor/lib:/opt/ros/jazzy/opt/gz_tools_vendor/lib:/opt/ros/jazzy/opt/gz_ogre_next_vendor/lib:/opt/ros/jazzy/opt/gz_dartsim_vendor/lib:/opt/ros/jazzy/opt/gz_cmake_vendor/lib:/opt/ros/jazzy/lib:/usr/local/cuda-10.2/lib64:/home/user/.catkin_ws_python3/src/TensorRT-7.0.0.11/lib _=/usr/bin/env /usr/bin/cmake --install /home/user/ros2_ws/build/dynamixel_workbench_toolbox
[1.825s] DEBUG:colcon.colcon_core.event_handler.log_command:Invoked command in '/home/user/ros2_ws/build/my_robot_hardware_interface' returned '0': CMAKE_PREFIX_PATH=${CMAKE_PREFIX_PATH}:/home/user/ros2_ws/install/joint_trajectory_publisher:/home/user/ros2_ws/install/joint_trajectory_demo _=/usr/bin/env /usr/bin/cmake --build /home/user/ros2_ws/build/my_robot_hardware_interface -- -j8 -l8
[1.826s] DEBUG:colcon.colcon_core.event_handler.log_command:Invoking command in '/home/user/ros2_ws/build/my_robot_hardware_interface': CMAKE_PREFIX_PATH=${CMAKE_PREFIX_PATH}:/home/user/ros2_ws/install/joint_trajectory_publisher:/home/user/ros2_ws/install/joint_trajectory_demo _=/usr/bin/env /usr/bin/cmake --install /home/user/ros2_ws/build/my_robot_hardware_interface
[1.849s] Level 1:colcon.colcon_core.environment:create_environment_scripts_only(dynamixel_workbench_toolbox)
[1.850s] Level 1:colcon.colcon_core.environment:checking '/home/user/ros2_ws/install/dynamixel_workbench_toolbox' for CMake module files
[1.851s] Level 1:colcon.colcon_core.environment:checking '/home/user/ros2_ws/install/dynamixel_workbench_toolbox' for CMake config files
[1.851s] Level 1:colcon.colcon_core.shell:create_environment_hook('dynamixel_workbench_toolbox', 'cmake_prefix_path')
[1.851s] INFO:colcon.colcon_core.shell:Creating environment hook '/home/user/ros2_ws/install/dynamixel_workbench_toolbox/share/dynamixel_workbench_toolbox/hook/cmake_prefix_path.ps1'
[1.852s] INFO:colcon.colcon_core.shell:Creating environment descriptor '/home/user/ros2_ws/install/dynamixel_workbench_toolbox/share/dynamixel_workbench_toolbox/hook/cmake_prefix_path.dsv'
[1.853s] INFO:colcon.colcon_core.shell:Creating environment hook '/home/user/ros2_ws/install/dynamixel_workbench_toolbox/share/dynamixel_workbench_toolbox/hook/cmake_prefix_path.sh'
[1.854s] Level 1:colcon.colcon_core.environment:checking '/home/user/ros2_ws/install/dynamixel_workbench_toolbox/lib'
[1.854s] Level 1:colcon.colcon_core.shell:create_environment_hook('dynamixel_workbench_toolbox', 'ld_library_path_lib')
[1.854s] INFO:colcon.colcon_core.shell:Creating environment hook '/home/user/ros2_ws/install/dynamixel_workbench_toolbox/share/dynamixel_workbench_toolbox/hook/ld_library_path_lib.ps1'
[1.855s] INFO:colcon.colcon_core.shell:Creating environment descriptor '/home/user/ros2_ws/install/dynamixel_workbench_toolbox/share/dynamixel_workbench_toolbox/hook/ld_library_path_lib.dsv'
[1.855s] INFO:colcon.colcon_core.shell:Creating environment hook '/home/user/ros2_ws/install/dynamixel_workbench_toolbox/share/dynamixel_workbench_toolbox/hook/ld_library_path_lib.sh'
[1.856s] Level 1:colcon.colcon_core.environment:checking '/home/user/ros2_ws/install/dynamixel_workbench_toolbox/bin'
[1.856s] Level 1:colcon.colcon_core.environment:checking '/home/user/ros2_ws/install/dynamixel_workbench_toolbox/lib/pkgconfig/dynamixel_workbench_toolbox.pc'
[1.857s] Level 1:colcon.colcon_core.environment:checking '/home/user/ros2_ws/install/dynamixel_workbench_toolbox/lib/python3.12/site-packages'
[1.857s] Level 1:colcon.colcon_core.environment:checking '/home/user/ros2_ws/install/dynamixel_workbench_toolbox/bin'
[1.857s] INFO:colcon.colcon_core.shell:Creating package script '/home/user/ros2_ws/install/dynamixel_workbench_toolbox/share/dynamixel_workbench_toolbox/package.ps1'
[1.858s] INFO:colcon.colcon_core.shell:Creating package descriptor '/home/user/ros2_ws/install/dynamixel_workbench_toolbox/share/dynamixel_workbench_toolbox/package.dsv'
[1.859s] INFO:colcon.colcon_core.shell:Creating package script '/home/user/ros2_ws/install/dynamixel_workbench_toolbox/share/dynamixel_workbench_toolbox/package.sh'
[1.860s] DEBUG:colcon.colcon_core.event_handler.log_command:Invoked command in '/home/user/ros2_ws/build/dynamixel_workbench_toolbox' returned '0': CMAKE_PREFIX_PATH=/home/user/ros2_ws/install/dynamixel_sdk:/home/user/ros2_ws/install/spawn_solo:/home/user/ros2_ws/install/spawn_robot:/home/user/ros2_ws/install/solo_description:/home/user/ros2_ws/install/rrbot_unit5:/home/user/ros2_ws/install/rrbot_unit4:/home/user/ros2_ws/install/rrbot_unit3:/home/user/ros2_ws/install/rrbot_unit2:/home/user/ros2_ws/install/rrbot_controller:/home/user/ros2_ws/install/my_robot_hardware_interface:/home/user/ros2_ws/install/my_robot_bringup:/home/user/ros2_ws/install/my_quadruped_bringup:/home/user/ros2_ws/install/dynamixel_workbench:/home/user/ros2_ws/install/dynamixel_hardware_interface:/home/user/ros2_ws/install/dynamixel_workbench_toolbox:/home/user/ros2_ws/install/dynamixel_sdk_examples:/home/user/ros2_ws/install/dynamixel_sdk_custom_interfaces:/home/user/ros2_ws/install/diffbot_sim:/home/user/ros2_ws/install/diffbot_description:/home/simulations/ros2_sims_ws/install/unit6_simulation:/home/simulations/ros2_sims_ws/install/rrbot_sim:/home/simulations/ros2_sims_ws/install/rmw_cyclonedds_cpp:/home/simulations/ros2_sims_ws/install/cyclonedds:/opt/ros/jazzy/opt/gz_sim_vendor:/opt/ros/jazzy/opt/gz_sensors_vendor:/opt/ros/jazzy/opt/gz_physics_vendor:/opt/ros/jazzy/opt/sdformat_vendor:/opt/ros/jazzy/opt/gz_gui_vendor:/opt/ros/jazzy/opt/gz_transport_vendor:/opt/ros/jazzy/opt/gz_rendering_vendor:/opt/ros/jazzy/opt/gz_plugin_vendor:/opt/ros/jazzy/opt/gz_fuel_tools_vendor:/opt/ros/jazzy/opt/gz_msgs_vendor:/opt/ros/jazzy/opt/gz_common_vendor:/opt/ros/jazzy/opt/gz_math_vendor:/opt/ros/jazzy/opt/gz_utils_vendor:/opt/ros/jazzy/opt/gz_tools_vendor:/opt/ros/jazzy/opt/gz_ogre_next_vendor:/opt/ros/jazzy/opt/gz_dartsim_vendor:/opt/ros/jazzy/opt/gz_cmake_vendor:/opt/ros/jazzy:/opt/ros/jazzy:/home/user/ros2_ws/install/joint_trajectory_publisher:/home/user/ros2_ws/install/joint_trajectory_demo LD_LIBRARY_PATH=/home/user/ros2_ws/install/dynamixel_sdk/lib:/home/user/ros2_ws/install/rrbot_controller/lib:/home/user/ros2_ws/install/my_robot_hardware_interface/lib:/home/user/ros2_ws/install/dynamixel_hardware_interface/lib:/home/user/ros2_ws/install/dynamixel_workbench_toolbox/lib:/home/user/ros2_ws/install/dynamixel_sdk_custom_interfaces/lib:/home/simulations/ros2_sims_ws/install/rmw_cyclonedds_cpp/lib:/home/simulations/ros2_sims_ws/install/cyclonedds/lib:/home/user/catkin_ws/devel/lib:/home/simulations/public_sim_ws/devel/lib:/opt/ros/jazzy/lib:/opt/ros/jazzy/lib/x86_64-linux-gnu:/usr/local/cuda-10.2/lib64:/home/user/.catkin_ws_python3/src/TensorRT-7.0.0.11/lib:/home/user/catkin_ws/devel/lib:/home/simulations/public_sim_ws/devel/lib:/opt/ros/jazzy/lib:/opt/ros/jazzy/lib/x86_64-linux-gnu:/opt/ros/jazzy/opt/gz_sim_vendor/lib:/opt/ros/jazzy/opt/gz_sensors_vendor/lib:/opt/ros/jazzy/opt/gz_physics_vendor/lib:/opt/ros/jazzy/opt/sdformat_vendor/lib:/opt/ros/jazzy/opt/rviz_ogre_vendor/lib:/opt/ros/jazzy/lib/x86_64-linux-gnu:/opt/ros/jazzy/opt/gz_gui_vendor/lib:/opt/ros/jazzy/opt/gz_transport_vendor/lib:/opt/ros/jazzy/opt/gz_rendering_vendor/lib:/opt/ros/jazzy/opt/gz_plugin_vendor/lib:/opt/ros/jazzy/opt/gz_fuel_tools_vendor/lib:/opt/ros/jazzy/opt/gz_msgs_vendor/lib:/opt/ros/jazzy/opt/gz_common_vendor/lib:/opt/ros/jazzy/opt/gz_math_vendor/lib:/opt/ros/jazzy/opt/gz_utils_vendor/lib:/opt/ros/jazzy/opt/gz_tools_vendor/lib:/opt/ros/jazzy/opt/gz_ogre_next_vendor/lib:/opt/ros/jazzy/opt/gz_dartsim_vendor/lib:/opt/ros/jazzy/opt/gz_cmake_vendor/lib:/opt/ros/jazzy/lib:/usr/local/cuda-10.2/lib64:/home/user/.catkin_ws_python3/src/TensorRT-7.0.0.11/lib _=/usr/bin/env /usr/bin/cmake --install /home/user/ros2_ws/build/dynamixel_workbench_toolbox
[1.861s] INFO:colcon.colcon_core.shell:Creating package script '/home/user/ros2_ws/install/dynamixel_workbench_toolbox/share/dynamixel_workbench_toolbox/package.bash'
[1.862s] INFO:colcon.colcon_core.shell:Creating package script '/home/user/ros2_ws/install/dynamixel_workbench_toolbox/share/dynamixel_workbench_toolbox/package.zsh'
[1.862s] Level 1:colcon.colcon_core.environment:create_file_with_runtime_dependencies(/home/user/ros2_ws/install/dynamixel_workbench_toolbox/share/colcon-core/packages/dynamixel_workbench_toolbox)
[1.863s] Level 1:colcon.colcon_core.environment:create_environment_scripts_only(dynamixel_workbench_toolbox)
[1.863s] Level 1:colcon.colcon_core.environment:checking '/home/user/ros2_ws/install/dynamixel_workbench_toolbox' for CMake module files
[1.864s] Level 1:colcon.colcon_core.environment:checking '/home/user/ros2_ws/install/dynamixel_workbench_toolbox' for CMake config files
[1.864s] Level 1:colcon.colcon_core.shell:create_environment_hook('dynamixel_workbench_toolbox', 'cmake_prefix_path')
[1.865s] INFO:colcon.colcon_core.shell:Creating environment hook '/home/user/ros2_ws/install/dynamixel_workbench_toolbox/share/dynamixel_workbench_toolbox/hook/cmake_prefix_path.ps1'
[1.865s] INFO:colcon.colcon_core.shell:Creating environment descriptor '/home/user/ros2_ws/install/dynamixel_workbench_toolbox/share/dynamixel_workbench_toolbox/hook/cmake_prefix_path.dsv'
[1.866s] INFO:colcon.colcon_core.shell:Creating environment hook '/home/user/ros2_ws/install/dynamixel_workbench_toolbox/share/dynamixel_workbench_toolbox/hook/cmake_prefix_path.sh'
[1.866s] Level 1:colcon.colcon_core.environment:checking '/home/user/ros2_ws/install/dynamixel_workbench_toolbox/lib'
[1.870s] Level 1:colcon.colcon_core.shell:create_environment_hook('dynamixel_workbench_toolbox', 'ld_library_path_lib')
[1.871s] INFO:colcon.colcon_core.shell:Creating environment hook '/home/user/ros2_ws/install/dynamixel_workbench_toolbox/share/dynamixel_workbench_toolbox/hook/ld_library_path_lib.ps1'
[1.871s] INFO:colcon.colcon_core.shell:Creating environment descriptor '/home/user/ros2_ws/install/dynamixel_workbench_toolbox/share/dynamixel_workbench_toolbox/hook/ld_library_path_lib.dsv'
[1.872s] INFO:colcon.colcon_core.shell:Creating environment hook '/home/user/ros2_ws/install/dynamixel_workbench_toolbox/share/dynamixel_workbench_toolbox/hook/ld_library_path_lib.sh'
[1.872s] Level 1:colcon.colcon_core.environment:checking '/home/user/ros2_ws/install/dynamixel_workbench_toolbox/bin'
[1.872s] Level 1:colcon.colcon_core.environment:checking '/home/user/ros2_ws/install/dynamixel_workbench_toolbox/lib/pkgconfig/dynamixel_workbench_toolbox.pc'
[1.873s] Level 1:colcon.colcon_core.environment:checking '/home/user/ros2_ws/install/dynamixel_workbench_toolbox/lib/python3.12/site-packages'
[1.873s] Level 1:colcon.colcon_core.environment:checking '/home/user/ros2_ws/install/dynamixel_workbench_toolbox/bin'
[1.874s] INFO:colcon.colcon_core.shell:Creating package script '/home/user/ros2_ws/install/dynamixel_workbench_toolbox/share/dynamixel_workbench_toolbox/package.ps1'
[1.874s] INFO:colcon.colcon_core.shell:Creating package descriptor '/home/user/ros2_ws/install/dynamixel_workbench_toolbox/share/dynamixel_workbench_toolbox/package.dsv'
[1.875s] INFO:colcon.colcon_core.shell:Creating package script '/home/user/ros2_ws/install/dynamixel_workbench_toolbox/share/dynamixel_workbench_toolbox/package.sh'
[1.876s] INFO:colcon.colcon_core.shell:Creating package script '/home/user/ros2_ws/install/dynamixel_workbench_toolbox/share/dynamixel_workbench_toolbox/package.bash'
[1.877s] INFO:colcon.colcon_core.shell:Creating package script '/home/user/ros2_ws/install/dynamixel_workbench_toolbox/share/dynamixel_workbench_toolbox/package.zsh'
[1.877s] Level 1:colcon.colcon_core.environment:create_file_with_runtime_dependencies(/home/user/ros2_ws/install/dynamixel_workbench_toolbox/share/colcon-core/packages/dynamixel_workbench_toolbox)
[1.878s] INFO:colcon.colcon_ros.task.ament_cmake.build:Building ROS package in '/home/user/ros2_ws/src/ros2_control_course/unit5/rrbot_unit5' with build type 'ament_cmake'
[1.879s] INFO:colcon.colcon_cmake.task.cmake.build:Building CMake package in '/home/user/ros2_ws/src/ros2_control_course/unit5/rrbot_unit5'
[1.879s] INFO:colcon.colcon_core.shell:Skip shell extension 'powershell' for command environment: Not usable outside of PowerShell
[1.879s] DEBUG:colcon.colcon_core.shell:Skip shell extension 'dsv' for command environment
[1.896s] Level 1:colcon.colcon_core.environment:create_environment_scripts_only(my_robot_hardware_interface)
[1.899s] DEBUG:colcon.colcon_core.event_handler.log_command:Invoked command in '/home/user/ros2_ws/build/my_robot_hardware_interface' returned '0': CMAKE_PREFIX_PATH=${CMAKE_PREFIX_PATH}:/home/user/ros2_ws/install/joint_trajectory_publisher:/home/user/ros2_ws/install/joint_trajectory_demo _=/usr/bin/env /usr/bin/cmake --install /home/user/ros2_ws/build/my_robot_hardware_interface
[1.901s] Level 1:colcon.colcon_core.environment:checking '/home/user/ros2_ws/install/my_robot_hardware_interface' for CMake module files
[1.907s] Level 1:colcon.colcon_core.environment:checking '/home/user/ros2_ws/install/my_robot_hardware_interface' for CMake config files
[1.908s] Level 1:colcon.colcon_core.shell:create_environment_hook('my_robot_hardware_interface', 'cmake_prefix_path')
[1.908s] INFO:colcon.colcon_core.shell:Creating environment hook '/home/user/ros2_ws/install/my_robot_hardware_interface/share/my_robot_hardware_interface/hook/cmake_prefix_path.ps1'
[1.909s] INFO:colcon.colcon_core.shell:Creating environment descriptor '/home/user/ros2_ws/install/my_robot_hardware_interface/share/my_robot_hardware_interface/hook/cmake_prefix_path.dsv'
[1.909s] INFO:colcon.colcon_core.shell:Creating environment hook '/home/user/ros2_ws/install/my_robot_hardware_interface/share/my_robot_hardware_interface/hook/cmake_prefix_path.sh'
[1.910s] Level 1:colcon.colcon_core.environment:checking '/home/user/ros2_ws/install/my_robot_hardware_interface/lib'
[1.910s] Level 1:colcon.colcon_core.shell:create_environment_hook('my_robot_hardware_interface', 'ld_library_path_lib')
[1.911s] INFO:colcon.colcon_core.shell:Creating environment hook '/home/user/ros2_ws/install/my_robot_hardware_interface/share/my_robot_hardware_interface/hook/ld_library_path_lib.ps1'
[1.911s] INFO:colcon.colcon_core.shell:Creating environment descriptor '/home/user/ros2_ws/install/my_robot_hardware_interface/share/my_robot_hardware_interface/hook/ld_library_path_lib.dsv'
[1.912s] INFO:colcon.colcon_core.shell:Creating environment hook '/home/user/ros2_ws/install/my_robot_hardware_interface/share/my_robot_hardware_interface/hook/ld_library_path_lib.sh'
[1.912s] Level 1:colcon.colcon_core.environment:checking '/home/user/ros2_ws/install/my_robot_hardware_interface/bin'
[1.912s] Level 1:colcon.colcon_core.environment:checking '/home/user/ros2_ws/install/my_robot_hardware_interface/lib/pkgconfig/my_robot_hardware_interface.pc'
[1.913s] Level 1:colcon.colcon_core.environment:checking '/home/user/ros2_ws/install/my_robot_hardware_interface/lib/python3.12/site-packages'
[1.913s] Level 1:colcon.colcon_core.environment:checking '/home/user/ros2_ws/install/my_robot_hardware_interface/bin'
[1.913s] INFO:colcon.colcon_core.shell:Creating package script '/home/user/ros2_ws/install/my_robot_hardware_interface/share/my_robot_hardware_interface/package.ps1'
[1.914s] INFO:colcon.colcon_core.shell:Creating package descriptor '/home/user/ros2_ws/install/my_robot_hardware_interface/share/my_robot_hardware_interface/package.dsv'
[1.915s] INFO:colcon.colcon_core.shell:Creating package script '/home/user/ros2_ws/install/my_robot_hardware_interface/share/my_robot_hardware_interface/package.sh'
[1.915s] INFO:colcon.colcon_core.shell:Creating package script '/home/user/ros2_ws/install/my_robot_hardware_interface/share/my_robot_hardware_interface/package.bash'
[1.916s] INFO:colcon.colcon_core.shell:Creating package script '/home/user/ros2_ws/install/my_robot_hardware_interface/share/my_robot_hardware_interface/package.zsh'
[1.917s] Level 1:colcon.colcon_core.environment:create_file_with_runtime_dependencies(/home/user/ros2_ws/install/my_robot_hardware_interface/share/colcon-core/packages/my_robot_hardware_interface)
[1.917s] Level 1:colcon.colcon_core.environment:create_environment_scripts_only(my_robot_hardware_interface)
[1.917s] Level 1:colcon.colcon_core.environment:checking '/home/user/ros2_ws/install/my_robot_hardware_interface' for CMake module files
[1.918s] Level 1:colcon.colcon_core.environment:checking '/home/user/ros2_ws/install/my_robot_hardware_interface' for CMake config files
[1.918s] Level 1:colcon.colcon_core.shell:create_environment_hook('my_robot_hardware_interface', 'cmake_prefix_path')
[1.918s] INFO:colcon.colcon_core.shell:Creating environment hook '/home/user/ros2_ws/install/my_robot_hardware_interface/share/my_robot_hardware_interface/hook/cmake_prefix_path.ps1'
[1.919s] INFO:colcon.colcon_core.shell:Creating environment descriptor '/home/user/ros2_ws/install/my_robot_hardware_interface/share/my_robot_hardware_interface/hook/cmake_prefix_path.dsv'
[1.919s] INFO:colcon.colcon_core.shell:Creating environment hook '/home/user/ros2_ws/install/my_robot_hardware_interface/share/my_robot_hardware_interface/hook/cmake_prefix_path.sh'
[1.920s] Level 1:colcon.colcon_core.environment:checking '/home/user/ros2_ws/install/my_robot_hardware_interface/lib'
[1.920s] Level 1:colcon.colcon_core.shell:create_environment_hook('my_robot_hardware_interface', 'ld_library_path_lib')
[1.920s] INFO:colcon.colcon_core.shell:Creating environment hook '/home/user/ros2_ws/install/my_robot_hardware_interface/share/my_robot_hardware_interface/hook/ld_library_path_lib.ps1'
[1.921s] INFO:colcon.colcon_core.shell:Creating environment descriptor '/home/user/ros2_ws/install/my_robot_hardware_interface/share/my_robot_hardware_interface/hook/ld_library_path_lib.dsv'
[1.921s] INFO:colcon.colcon_core.shell:Creating environment hook '/home/user/ros2_ws/install/my_robot_hardware_interface/share/my_robot_hardware_interface/hook/ld_library_path_lib.sh'
[1.922s] Level 1:colcon.colcon_core.environment:checking '/home/user/ros2_ws/install/my_robot_hardware_interface/bin'
[1.922s] Level 1:colcon.colcon_core.environment:checking '/home/user/ros2_ws/install/my_robot_hardware_interface/lib/pkgconfig/my_robot_hardware_interface.pc'
[1.922s] Level 1:colcon.colcon_core.environment:checking '/home/user/ros2_ws/install/my_robot_hardware_interface/lib/python3.12/site-packages'
[1.922s] Level 1:colcon.colcon_core.environment:checking '/home/user/ros2_ws/install/my_robot_hardware_interface/bin'
[1.923s] INFO:colcon.colcon_core.shell:Creating package script '/home/user/ros2_ws/install/my_robot_hardware_interface/share/my_robot_hardware_interface/package.ps1'
[1.923s] INFO:colcon.colcon_core.shell:Creating package descriptor '/home/user/ros2_ws/install/my_robot_hardware_interface/share/my_robot_hardware_interface/package.dsv'
[1.924s] INFO:colcon.colcon_core.shell:Creating package script '/home/user/ros2_ws/install/my_robot_hardware_interface/share/my_robot_hardware_interface/package.sh'
[1.924s] INFO:colcon.colcon_core.shell:Creating package script '/home/user/ros2_ws/install/my_robot_hardware_interface/share/my_robot_hardware_interface/package.bash'
[1.925s] INFO:colcon.colcon_core.shell:Creating package script '/home/user/ros2_ws/install/my_robot_hardware_interface/share/my_robot_hardware_interface/package.zsh'
[1.926s] Level 1:colcon.colcon_core.environment:create_file_with_runtime_dependencies(/home/user/ros2_ws/install/my_robot_hardware_interface/share/colcon-core/packages/my_robot_hardware_interface)
[1.927s] INFO:colcon.colcon_ros.task.ament_cmake.build:Building ROS package in '/home/user/ros2_ws/src/ros2_control_course/unit6/solo_description' with build type 'ament_cmake'
[1.927s] INFO:colcon.colcon_cmake.task.cmake.build:Building CMake package in '/home/user/ros2_ws/src/ros2_control_course/unit6/solo_description'
[1.928s] INFO:colcon.colcon_core.shell:Skip shell extension 'powershell' for command environment: Not usable outside of PowerShell
[1.928s] DEBUG:colcon.colcon_core.shell:Skip shell extension 'dsv' for command environment
[1.941s] DEBUG:colcon.colcon_core.event_handler.log_command:Invoked command in '/home/user/ros2_ws/build/rrbot_unit2' returned '0': CMAKE_PREFIX_PATH=${CMAKE_PREFIX_PATH}:/home/user/ros2_ws/install/joint_trajectory_publisher:/home/user/ros2_ws/install/joint_trajectory_demo _=/usr/bin/env /usr/bin/cmake --build /home/user/ros2_ws/build/rrbot_unit2 -- -j8 -l8
[1.943s] DEBUG:colcon.colcon_core.event_handler.log_command:Invoking command in '/home/user/ros2_ws/build/rrbot_unit2': CMAKE_PREFIX_PATH=${CMAKE_PREFIX_PATH}:/home/user/ros2_ws/install/joint_trajectory_publisher:/home/user/ros2_ws/install/joint_trajectory_demo _=/usr/bin/env /usr/bin/cmake --install /home/user/ros2_ws/build/rrbot_unit2
[1.945s] DEBUG:colcon.colcon_core.event_handler.log_command:Invoked command in '/home/user/ros2_ws/build/rrbot_unit3' returned '0': CMAKE_PREFIX_PATH=${CMAKE_PREFIX_PATH}:/home/user/ros2_ws/install/joint_trajectory_publisher:/home/user/ros2_ws/install/joint_trajectory_demo _=/usr/bin/env /usr/bin/cmake --build /home/user/ros2_ws/build/rrbot_unit3 -- -j8 -l8
[1.947s] DEBUG:colcon.colcon_core.event_handler.log_command:Invoking command in '/home/user/ros2_ws/build/rrbot_unit3': CMAKE_PREFIX_PATH=${CMAKE_PREFIX_PATH}:/home/user/ros2_ws/install/joint_trajectory_publisher:/home/user/ros2_ws/install/joint_trajectory_demo _=/usr/bin/env /usr/bin/cmake --install /home/user/ros2_ws/build/rrbot_unit3
[1.953s] DEBUG:colcon.colcon_core.event_handler.log_command:Invoking command in '/home/user/ros2_ws/build/rrbot_unit5': CMAKE_PREFIX_PATH=${CMAKE_PREFIX_PATH}:/home/user/ros2_ws/install/joint_trajectory_publisher:/home/user/ros2_ws/install/joint_trajectory_demo _=/usr/bin/env /usr/bin/cmake --build /home/user/ros2_ws/build/rrbot_unit5 -- -j8 -l8
[2.000s] DEBUG:colcon.colcon_core.event_handler.log_command:Invoked command in '/home/user/ros2_ws/build/rrbot_controller' returned '0': CMAKE_PREFIX_PATH=${CMAKE_PREFIX_PATH}:/home/user/ros2_ws/install/joint_trajectory_publisher:/home/user/ros2_ws/install/joint_trajectory_demo _=/usr/bin/env /usr/bin/cmake --build /home/user/ros2_ws/build/rrbot_controller -- -j8 -l8
[2.006s] DEBUG:colcon.colcon_core.event_handler.log_command:Invoking command in '/home/user/ros2_ws/build/rrbot_controller': CMAKE_PREFIX_PATH=${CMAKE_PREFIX_PATH}:/home/user/ros2_ws/install/joint_trajectory_publisher:/home/user/ros2_ws/install/joint_trajectory_demo _=/usr/bin/env /usr/bin/cmake --install /home/user/ros2_ws/build/rrbot_controller
[2.031s] DEBUG:colcon.colcon_core.event_handler.log_command:Invoked command in '/home/user/ros2_ws/build/rrbot_unit4' returned '0': CMAKE_PREFIX_PATH=${CMAKE_PREFIX_PATH}:/home/user/ros2_ws/install/joint_trajectory_publisher:/home/user/ros2_ws/install/joint_trajectory_demo _=/usr/bin/env /usr/bin/cmake --build /home/user/ros2_ws/build/rrbot_unit4 -- -j8 -l8
[2.032s] DEBUG:colcon.colcon_core.event_handler.log_command:Invoking command in '/home/user/ros2_ws/build/rrbot_unit4': CMAKE_PREFIX_PATH=${CMAKE_PREFIX_PATH}:/home/user/ros2_ws/install/joint_trajectory_publisher:/home/user/ros2_ws/install/joint_trajectory_demo _=/usr/bin/env /usr/bin/cmake --install /home/user/ros2_ws/build/rrbot_unit4
[2.046s] DEBUG:colcon.colcon_core.event_handler.log_command:Invoking command in '/home/user/ros2_ws/build/solo_description': CMAKE_PREFIX_PATH=${CMAKE_PREFIX_PATH}:/home/user/ros2_ws/install/joint_trajectory_publisher:/home/user/ros2_ws/install/joint_trajectory_demo _=/usr/bin/env /usr/bin/cmake --build /home/user/ros2_ws/build/solo_description -- -j8 -l8
[2.053s] Level 1:colcon.colcon_core.environment:create_environment_scripts_only(rrbot_unit2)
[2.053s] Level 1:colcon.colcon_core.environment:checking '/home/user/ros2_ws/install/rrbot_unit2' for CMake module files
[2.055s] Level 1:colcon.colcon_core.environment:checking '/home/user/ros2_ws/install/rrbot_unit2' for CMake config files
[2.055s] Level 1:colcon.colcon_core.shell:create_environment_hook('rrbot_unit2', 'cmake_prefix_path')
[2.055s] INFO:colcon.colcon_core.shell:Creating environment hook '/home/user/ros2_ws/install/rrbot_unit2/share/rrbot_unit2/hook/cmake_prefix_path.ps1'
[2.056s] INFO:colcon.colcon_core.shell:Creating environment descriptor '/home/user/ros2_ws/install/rrbot_unit2/share/rrbot_unit2/hook/cmake_prefix_path.dsv'
[2.057s] INFO:colcon.colcon_core.shell:Creating environment hook '/home/user/ros2_ws/install/rrbot_unit2/share/rrbot_unit2/hook/cmake_prefix_path.sh'
[2.058s] Level 1:colcon.colcon_core.environment:checking '/home/user/ros2_ws/install/rrbot_unit2/bin'
[2.058s] Level 1:colcon.colcon_core.environment:checking '/home/user/ros2_ws/install/rrbot_unit2/lib/pkgconfig/rrbot_unit2.pc'
[2.058s] Level 1:colcon.colcon_core.environment:checking '/home/user/ros2_ws/install/rrbot_unit2/lib/python3.12/site-packages'
[2.059s] Level 1:colcon.colcon_core.environment:checking '/home/user/ros2_ws/install/rrbot_unit2/bin'
[2.059s] INFO:colcon.colcon_core.shell:Creating package script '/home/user/ros2_ws/install/rrbot_unit2/share/rrbot_unit2/package.ps1'
[2.062s] DEBUG:colcon.colcon_core.event_handler.log_command:Invoked command in '/home/user/ros2_ws/build/rrbot_unit2' returned '0': CMAKE_PREFIX_PATH=${CMAKE_PREFIX_PATH}:/home/user/ros2_ws/install/joint_trajectory_publisher:/home/user/ros2_ws/install/joint_trajectory_demo _=/usr/bin/env /usr/bin/cmake --install /home/user/ros2_ws/build/rrbot_unit2
[2.063s] INFO:colcon.colcon_core.shell:Creating package descriptor '/home/user/ros2_ws/install/rrbot_unit2/share/rrbot_unit2/package.dsv'
[2.063s] INFO:colcon.colcon_core.shell:Creating package script '/home/user/ros2_ws/install/rrbot_unit2/share/rrbot_unit2/package.sh'
[2.064s] INFO:colcon.colcon_core.shell:Creating package script '/home/user/ros2_ws/install/rrbot_unit2/share/rrbot_unit2/package.bash'
[2.064s] INFO:colcon.colcon_core.shell:Creating package script '/home/user/ros2_ws/install/rrbot_unit2/share/rrbot_unit2/package.zsh'
[2.065s] Level 1:colcon.colcon_core.environment:create_file_with_runtime_dependencies(/home/user/ros2_ws/install/rrbot_unit2/share/colcon-core/packages/rrbot_unit2)
[2.065s] Level 1:colcon.colcon_core.environment:create_environment_scripts_only(rrbot_unit2)
[2.066s] Level 1:colcon.colcon_core.environment:checking '/home/user/ros2_ws/install/rrbot_unit2' for CMake module files
[2.066s] Level 1:colcon.colcon_core.environment:checking '/home/user/ros2_ws/install/rrbot_unit2' for CMake config files
[2.067s] Level 1:colcon.colcon_core.shell:create_environment_hook('rrbot_unit2', 'cmake_prefix_path')
[2.067s] INFO:colcon.colcon_core.shell:Creating environment hook '/home/user/ros2_ws/install/rrbot_unit2/share/rrbot_unit2/hook/cmake_prefix_path.ps1'
[2.068s] INFO:colcon.colcon_core.shell:Creating environment descriptor '/home/user/ros2_ws/install/rrbot_unit2/share/rrbot_unit2/hook/cmake_prefix_path.dsv'
[2.068s] INFO:colcon.colcon_core.shell:Creating environment hook '/home/user/ros2_ws/install/rrbot_unit2/share/rrbot_unit2/hook/cmake_prefix_path.sh'
[2.069s] Level 1:colcon.colcon_core.environment:checking '/home/user/ros2_ws/install/rrbot_unit2/bin'
[2.069s] Level 1:colcon.colcon_core.environment:checking '/home/user/ros2_ws/install/rrbot_unit2/lib/pkgconfig/rrbot_unit2.pc'
[2.069s] Level 1:colcon.colcon_core.environment:checking '/home/user/ros2_ws/install/rrbot_unit2/lib/python3.12/site-packages'
[2.070s] Level 1:colcon.colcon_core.environment:checking '/home/user/ros2_ws/install/rrbot_unit2/bin'
[2.070s] INFO:colcon.colcon_core.shell:Creating package script '/home/user/ros2_ws/install/rrbot_unit2/share/rrbot_unit2/package.ps1'
[2.071s] INFO:colcon.colcon_core.shell:Creating package descriptor '/home/user/ros2_ws/install/rrbot_unit2/share/rrbot_unit2/package.dsv'
[2.071s] INFO:colcon.colcon_core.shell:Creating package script '/home/user/ros2_ws/install/rrbot_unit2/share/rrbot_unit2/package.sh'
[2.073s] INFO:colcon.colcon_core.shell:Creating package script '/home/user/ros2_ws/install/rrbot_unit2/share/rrbot_unit2/package.bash'
[2.073s] INFO:colcon.colcon_core.shell:Creating package script '/home/user/ros2_ws/install/rrbot_unit2/share/rrbot_unit2/package.zsh'
[2.074s] Level 1:colcon.colcon_core.environment:create_file_with_runtime_dependencies(/home/user/ros2_ws/install/rrbot_unit2/share/colcon-core/packages/rrbot_unit2)
[2.075s] Level 1:colcon.colcon_core.environment:create_environment_scripts_only(rrbot_unit3)
[2.075s] Level 1:colcon.colcon_core.environment:checking '/home/user/ros2_ws/install/rrbot_unit3' for CMake module files
[2.076s] Level 1:colcon.colcon_core.environment:checking '/home/user/ros2_ws/install/rrbot_unit3' for CMake config files
[2.076s] Level 1:colcon.colcon_core.shell:create_environment_hook('rrbot_unit3', 'cmake_prefix_path')
[2.076s] INFO:colcon.colcon_core.shell:Creating environment hook '/home/user/ros2_ws/install/rrbot_unit3/share/rrbot_unit3/hook/cmake_prefix_path.ps1'
[2.077s] INFO:colcon.colcon_core.shell:Creating environment descriptor '/home/user/ros2_ws/install/rrbot_unit3/share/rrbot_unit3/hook/cmake_prefix_path.dsv'
[2.077s] INFO:colcon.colcon_core.shell:Creating environment hook '/home/user/ros2_ws/install/rrbot_unit3/share/rrbot_unit3/hook/cmake_prefix_path.sh'
[2.078s] Level 1:colcon.colcon_core.environment:checking '/home/user/ros2_ws/install/rrbot_unit3/bin'
[2.078s] Level 1:colcon.colcon_core.environment:checking '/home/user/ros2_ws/install/rrbot_unit3/lib/pkgconfig/rrbot_unit3.pc'
[2.078s] Level 1:colcon.colcon_core.environment:checking '/home/user/ros2_ws/install/rrbot_unit3/lib/python3.12/site-packages'
[2.079s] Level 1:colcon.colcon_core.environment:checking '/home/user/ros2_ws/install/rrbot_unit3/bin'
[2.079s] INFO:colcon.colcon_core.shell:Creating package script '/home/user/ros2_ws/install/rrbot_unit3/share/rrbot_unit3/package.ps1'
[2.080s] INFO:colcon.colcon_core.shell:Creating package descriptor '/home/user/ros2_ws/install/rrbot_unit3/share/rrbot_unit3/package.dsv'
[2.080s] INFO:colcon.colcon_core.shell:Creating package script '/home/user/ros2_ws/install/rrbot_unit3/share/rrbot_unit3/package.sh'
[2.081s] INFO:colcon.colcon_core.shell:Creating package script '/home/user/ros2_ws/install/rrbot_unit3/share/rrbot_unit3/package.bash'
[2.081s] INFO:colcon.colcon_core.shell:Creating package script '/home/user/ros2_ws/install/rrbot_unit3/share/rrbot_unit3/package.zsh'
[2.082s] Level 1:colcon.colcon_core.environment:create_file_with_runtime_dependencies(/home/user/ros2_ws/install/rrbot_unit3/share/colcon-core/packages/rrbot_unit3)
[2.082s] Level 1:colcon.colcon_core.environment:create_environment_scripts_only(rrbot_unit3)
[2.082s] Level 1:colcon.colcon_core.environment:checking '/home/user/ros2_ws/install/rrbot_unit3' for CMake module files
[2.083s] Level 1:colcon.colcon_core.environment:checking '/home/user/ros2_ws/install/rrbot_unit3' for CMake config files
[2.083s] Level 1:colcon.colcon_core.shell:create_environment_hook('rrbot_unit3', 'cmake_prefix_path')
[2.084s] INFO:colcon.colcon_core.shell:Creating environment hook '/home/user/ros2_ws/install/rrbot_unit3/share/rrbot_unit3/hook/cmake_prefix_path.ps1'
[2.084s] INFO:colcon.colcon_core.shell:Creating environment descriptor '/home/user/ros2_ws/install/rrbot_unit3/share/rrbot_unit3/hook/cmake_prefix_path.dsv'
[2.085s] INFO:colcon.colcon_core.shell:Creating environment hook '/home/user/ros2_ws/install/rrbot_unit3/share/rrbot_unit3/hook/cmake_prefix_path.sh'
[2.086s] Level 1:colcon.colcon_core.environment:checking '/home/user/ros2_ws/install/rrbot_unit3/bin'
[2.087s] Level 1:colcon.colcon_core.environment:checking '/home/user/ros2_ws/install/rrbot_unit3/lib/pkgconfig/rrbot_unit3.pc'
[2.087s] Level 1:colcon.colcon_core.environment:checking '/home/user/ros2_ws/install/rrbot_unit3/lib/python3.12/site-packages'
[2.087s] Level 1:colcon.colcon_core.environment:checking '/home/user/ros2_ws/install/rrbot_unit3/bin'
[2.087s] INFO:colcon.colcon_core.shell:Creating package script '/home/user/ros2_ws/install/rrbot_unit3/share/rrbot_unit3/package.ps1'
[2.088s] INFO:colcon.colcon_core.shell:Creating package descriptor '/home/user/ros2_ws/install/rrbot_unit3/share/rrbot_unit3/package.dsv'
[2.089s] INFO:colcon.colcon_core.shell:Creating package script '/home/user/ros2_ws/install/rrbot_unit3/share/rrbot_unit3/package.sh'
[2.089s] INFO:colcon.colcon_core.shell:Creating package script '/home/user/ros2_ws/install/rrbot_unit3/share/rrbot_unit3/package.bash'
[2.090s] INFO:colcon.colcon_core.shell:Creating package script '/home/user/ros2_ws/install/rrbot_unit3/share/rrbot_unit3/package.zsh'
[2.091s] Level 1:colcon.colcon_core.environment:create_file_with_runtime_dependencies(/home/user/ros2_ws/install/rrbot_unit3/share/colcon-core/packages/rrbot_unit3)
[2.091s] INFO:colcon.colcon_ros.task.ament_cmake.build:Building ROS package in '/home/user/ros2_ws/src/ros2_control_course/unit5/spawn_robot' with build type 'ament_cmake'
[2.091s] INFO:colcon.colcon_cmake.task.cmake.build:Building CMake package in '/home/user/ros2_ws/src/ros2_control_course/unit5/spawn_robot'
[2.092s] INFO:colcon.colcon_core.shell:Skip shell extension 'powershell' for command environment: Not usable outside of PowerShell
[2.092s] DEBUG:colcon.colcon_core.shell:Skip shell extension 'dsv' for command environment
[2.098s] DEBUG:colcon.colcon_core.event_handler.log_command:Invoked command in '/home/user/ros2_ws/build/rrbot_unit3' returned '0': CMAKE_PREFIX_PATH=${CMAKE_PREFIX_PATH}:/home/user/ros2_ws/install/joint_trajectory_publisher:/home/user/ros2_ws/install/joint_trajectory_demo _=/usr/bin/env /usr/bin/cmake --install /home/user/ros2_ws/build/rrbot_unit3
[2.108s] INFO:colcon.colcon_ros.task.ament_cmake.build:Building ROS package in '/home/user/ros2_ws/src/ros2_control_course/unit6/spawn_solo' with build type 'ament_cmake'
[2.108s] INFO:colcon.colcon_cmake.task.cmake.build:Building CMake package in '/home/user/ros2_ws/src/ros2_control_course/unit6/spawn_solo'
[2.109s] INFO:colcon.colcon_core.shell:Skip shell extension 'powershell' for command environment: Not usable outside of PowerShell
[2.109s] DEBUG:colcon.colcon_core.shell:Skip shell extension 'dsv' for command environment
[2.135s] Level 1:colcon.colcon_core.environment:create_environment_scripts_only(rrbot_controller)
[2.135s] Level 1:colcon.colcon_core.environment:checking '/home/user/ros2_ws/install/rrbot_controller' for CMake module files
[2.136s] DEBUG:colcon.colcon_core.event_handler.log_command:Invoked command in '/home/user/ros2_ws/build/rrbot_controller' returned '0': CMAKE_PREFIX_PATH=${CMAKE_PREFIX_PATH}:/home/user/ros2_ws/install/joint_trajectory_publisher:/home/user/ros2_ws/install/joint_trajectory_demo _=/usr/bin/env /usr/bin/cmake --install /home/user/ros2_ws/build/rrbot_controller
[2.137s] Level 1:colcon.colcon_core.environment:checking '/home/user/ros2_ws/install/rrbot_controller' for CMake config files
[2.137s] Level 1:colcon.colcon_core.shell:create_environment_hook('rrbot_controller', 'cmake_prefix_path')
[2.138s] INFO:colcon.colcon_core.shell:Creating environment hook '/home/user/ros2_ws/install/rrbot_controller/share/rrbot_controller/hook/cmake_prefix_path.ps1'
[2.138s] INFO:colcon.colcon_core.shell:Creating environment descriptor '/home/user/ros2_ws/install/rrbot_controller/share/rrbot_controller/hook/cmake_prefix_path.dsv'
[2.138s] INFO:colcon.colcon_core.shell:Creating environment hook '/home/user/ros2_ws/install/rrbot_controller/share/rrbot_controller/hook/cmake_prefix_path.sh'
[2.139s] Level 1:colcon.colcon_core.environment:checking '/home/user/ros2_ws/install/rrbot_controller/lib'
[2.139s] Level 1:colcon.colcon_core.shell:create_environment_hook('rrbot_controller', 'ld_library_path_lib')
[2.139s] INFO:colcon.colcon_core.shell:Creating environment hook '/home/user/ros2_ws/install/rrbot_controller/share/rrbot_controller/hook/ld_library_path_lib.ps1'
[2.140s] INFO:colcon.colcon_core.shell:Creating environment descriptor '/home/user/ros2_ws/install/rrbot_controller/share/rrbot_controller/hook/ld_library_path_lib.dsv'
[2.140s] INFO:colcon.colcon_core.shell:Creating environment hook '/home/user/ros2_ws/install/rrbot_controller/share/rrbot_controller/hook/ld_library_path_lib.sh'
[2.141s] Level 1:colcon.colcon_core.environment:checking '/home/user/ros2_ws/install/rrbot_controller/bin'
[2.141s] Level 1:colcon.colcon_core.environment:checking '/home/user/ros2_ws/install/rrbot_controller/lib/pkgconfig/rrbot_controller.pc'
[2.141s] Level 1:colcon.colcon_core.environment:checking '/home/user/ros2_ws/install/rrbot_controller/lib/python3.12/site-packages'
[2.141s] Level 1:colcon.colcon_core.environment:checking '/home/user/ros2_ws/install/rrbot_controller/bin'
[2.141s] INFO:colcon.colcon_core.shell:Creating package script '/home/user/ros2_ws/install/rrbot_controller/share/rrbot_controller/package.ps1'
[2.142s] INFO:colcon.colcon_core.shell:Creating package descriptor '/home/user/ros2_ws/install/rrbot_controller/share/rrbot_controller/package.dsv'
[2.143s] INFO:colcon.colcon_core.shell:Creating package script '/home/user/ros2_ws/install/rrbot_controller/share/rrbot_controller/package.sh'
[2.143s] INFO:colcon.colcon_core.shell:Creating package script '/home/user/ros2_ws/install/rrbot_controller/share/rrbot_controller/package.bash'
[2.143s] INFO:colcon.colcon_core.shell:Creating package script '/home/user/ros2_ws/install/rrbot_controller/share/rrbot_controller/package.zsh'
[2.144s] Level 1:colcon.colcon_core.environment:create_file_with_runtime_dependencies(/home/user/ros2_ws/install/rrbot_controller/share/colcon-core/packages/rrbot_controller)
[2.144s] Level 1:colcon.colcon_core.environment:create_environment_scripts_only(rrbot_controller)
[2.144s] Level 1:colcon.colcon_core.environment:checking '/home/user/ros2_ws/install/rrbot_controller' for CMake module files
[2.145s] Level 1:colcon.colcon_core.environment:checking '/home/user/ros2_ws/install/rrbot_controller' for CMake config files
[2.146s] Level 1:colcon.colcon_core.shell:create_environment_hook('rrbot_controller', 'cmake_prefix_path')
[2.146s] INFO:colcon.colcon_core.shell:Creating environment hook '/home/user/ros2_ws/install/rrbot_controller/share/rrbot_controller/hook/cmake_prefix_path.ps1'
[2.146s] INFO:colcon.colcon_core.shell:Creating environment descriptor '/home/user/ros2_ws/install/rrbot_controller/share/rrbot_controller/hook/cmake_prefix_path.dsv'
[2.147s] INFO:colcon.colcon_core.shell:Creating environment hook '/home/user/ros2_ws/install/rrbot_controller/share/rrbot_controller/hook/cmake_prefix_path.sh'
[2.147s] Level 1:colcon.colcon_core.environment:checking '/home/user/ros2_ws/install/rrbot_controller/lib'
[2.147s] Level 1:colcon.colcon_core.shell:create_environment_hook('rrbot_controller', 'ld_library_path_lib')
[2.147s] INFO:colcon.colcon_core.shell:Creating environment hook '/home/user/ros2_ws/install/rrbot_controller/share/rrbot_controller/hook/ld_library_path_lib.ps1'
[2.148s] INFO:colcon.colcon_core.shell:Creating environment descriptor '/home/user/ros2_ws/install/rrbot_controller/share/rrbot_controller/hook/ld_library_path_lib.dsv'
[2.148s] INFO:colcon.colcon_core.shell:Creating environment hook '/home/user/ros2_ws/install/rrbot_controller/share/rrbot_controller/hook/ld_library_path_lib.sh'
[2.149s] Level 1:colcon.colcon_core.environment:checking '/home/user/ros2_ws/install/rrbot_controller/bin'
[2.149s] Level 1:colcon.colcon_core.environment:checking '/home/user/ros2_ws/install/rrbot_controller/lib/pkgconfig/rrbot_controller.pc'
[2.149s] Level 1:colcon.colcon_core.environment:checking '/home/user/ros2_ws/install/rrbot_controller/lib/python3.12/site-packages'
[2.149s] Level 1:colcon.colcon_core.environment:checking '/home/user/ros2_ws/install/rrbot_controller/bin'
[2.150s] INFO:colcon.colcon_core.shell:Creating package script '/home/user/ros2_ws/install/rrbot_controller/share/rrbot_controller/package.ps1'
[2.150s] INFO:colcon.colcon_core.shell:Creating package descriptor '/home/user/ros2_ws/install/rrbot_controller/share/rrbot_controller/package.dsv'
[2.151s] INFO:colcon.colcon_core.shell:Creating package script '/home/user/ros2_ws/install/rrbot_controller/share/rrbot_controller/package.sh'
[2.152s] INFO:colcon.colcon_core.shell:Creating package script '/home/user/ros2_ws/install/rrbot_controller/share/rrbot_controller/package.bash'
[2.152s] INFO:colcon.colcon_core.shell:Creating package script '/home/user/ros2_ws/install/rrbot_controller/share/rrbot_controller/package.zsh'
[2.153s] Level 1:colcon.colcon_core.environment:create_file_with_runtime_dependencies(/home/user/ros2_ws/install/rrbot_controller/share/colcon-core/packages/rrbot_controller)
[2.153s] Level 1:colcon.colcon_core.environment:create_environment_scripts_only(rrbot_unit4)
[2.154s] DEBUG:colcon.colcon_core.event_handler.log_command:Invoked command in '/home/user/ros2_ws/build/rrbot_unit4' returned '0': CMAKE_PREFIX_PATH=${CMAKE_PREFIX_PATH}:/home/user/ros2_ws/install/joint_trajectory_publisher:/home/user/ros2_ws/install/joint_trajectory_demo _=/usr/bin/env /usr/bin/cmake --install /home/user/ros2_ws/build/rrbot_unit4
[2.154s] Level 1:colcon.colcon_core.environment:checking '/home/user/ros2_ws/install/rrbot_unit4' for CMake module files
[2.155s] Level 1:colcon.colcon_core.environment:checking '/home/user/ros2_ws/install/rrbot_unit4' for CMake config files
[2.155s] Level 1:colcon.colcon_core.shell:create_environment_hook('rrbot_unit4', 'cmake_prefix_path')
[2.155s] INFO:colcon.colcon_core.shell:Creating environment hook '/home/user/ros2_ws/install/rrbot_unit4/share/rrbot_unit4/hook/cmake_prefix_path.ps1'
[2.156s] INFO:colcon.colcon_core.shell:Creating environment descriptor '/home/user/ros2_ws/install/rrbot_unit4/share/rrbot_unit4/hook/cmake_prefix_path.dsv'
[2.156s] INFO:colcon.colcon_core.shell:Creating environment hook '/home/user/ros2_ws/install/rrbot_unit4/share/rrbot_unit4/hook/cmake_prefix_path.sh'
[2.157s] Level 1:colcon.colcon_core.environment:checking '/home/user/ros2_ws/install/rrbot_unit4/bin'
[2.157s] Level 1:colcon.colcon_core.environment:checking '/home/user/ros2_ws/install/rrbot_unit4/lib/pkgconfig/rrbot_unit4.pc'
[2.157s] Level 1:colcon.colcon_core.environment:checking '/home/user/ros2_ws/install/rrbot_unit4/lib/python3.12/site-packages'
[2.158s] Level 1:colcon.colcon_core.environment:checking '/home/user/ros2_ws/install/rrbot_unit4/bin'
[2.158s] INFO:colcon.colcon_core.shell:Creating package script '/home/user/ros2_ws/install/rrbot_unit4/share/rrbot_unit4/package.ps1'
[2.158s] INFO:colcon.colcon_core.shell:Creating package descriptor '/home/user/ros2_ws/install/rrbot_unit4/share/rrbot_unit4/package.dsv'
[2.159s] INFO:colcon.colcon_core.shell:Creating package script '/home/user/ros2_ws/install/rrbot_unit4/share/rrbot_unit4/package.sh'
[2.160s] INFO:colcon.colcon_core.shell:Creating package script '/home/user/ros2_ws/install/rrbot_unit4/share/rrbot_unit4/package.bash'
[2.161s] INFO:colcon.colcon_core.shell:Creating package script '/home/user/ros2_ws/install/rrbot_unit4/share/rrbot_unit4/package.zsh'
[2.161s] Level 1:colcon.colcon_core.environment:create_file_with_runtime_dependencies(/home/user/ros2_ws/install/rrbot_unit4/share/colcon-core/packages/rrbot_unit4)
[2.162s] Level 1:colcon.colcon_core.environment:create_environment_scripts_only(rrbot_unit4)
[2.162s] Level 1:colcon.colcon_core.environment:checking '/home/user/ros2_ws/install/rrbot_unit4' for CMake module files
[2.163s] Level 1:colcon.colcon_core.environment:checking '/home/user/ros2_ws/install/rrbot_unit4' for CMake config files
[2.163s] Level 1:colcon.colcon_core.shell:create_environment_hook('rrbot_unit4', 'cmake_prefix_path')
[2.164s] INFO:colcon.colcon_core.shell:Creating environment hook '/home/user/ros2_ws/install/rrbot_unit4/share/rrbot_unit4/hook/cmake_prefix_path.ps1'
[2.164s] INFO:colcon.colcon_core.shell:Creating environment descriptor '/home/user/ros2_ws/install/rrbot_unit4/share/rrbot_unit4/hook/cmake_prefix_path.dsv'
[2.165s] INFO:colcon.colcon_core.shell:Creating environment hook '/home/user/ros2_ws/install/rrbot_unit4/share/rrbot_unit4/hook/cmake_prefix_path.sh'
[2.165s] Level 1:colcon.colcon_core.environment:checking '/home/user/ros2_ws/install/rrbot_unit4/bin'
[2.166s] Level 1:colcon.colcon_core.environment:checking '/home/user/ros2_ws/install/rrbot_unit4/lib/pkgconfig/rrbot_unit4.pc'
[2.166s] Level 1:colcon.colcon_core.environment:checking '/home/user/ros2_ws/install/rrbot_unit4/lib/python3.12/site-packages'
[2.166s] Level 1:colcon.colcon_core.environment:checking '/home/user/ros2_ws/install/rrbot_unit4/bin'
[2.167s] INFO:colcon.colcon_core.shell:Creating package script '/home/user/ros2_ws/install/rrbot_unit4/share/rrbot_unit4/package.ps1'
[2.167s] INFO:colcon.colcon_core.shell:Creating package descriptor '/home/user/ros2_ws/install/rrbot_unit4/share/rrbot_unit4/package.dsv'
[2.168s] INFO:colcon.colcon_core.shell:Creating package script '/home/user/ros2_ws/install/rrbot_unit4/share/rrbot_unit4/package.sh'
[2.169s] INFO:colcon.colcon_core.shell:Creating package script '/home/user/ros2_ws/install/rrbot_unit4/share/rrbot_unit4/package.bash'
[2.169s] INFO:colcon.colcon_core.shell:Creating package script '/home/user/ros2_ws/install/rrbot_unit4/share/rrbot_unit4/package.zsh'
[2.170s] Level 1:colcon.colcon_core.environment:create_file_with_runtime_dependencies(/home/user/ros2_ws/install/rrbot_unit4/share/colcon-core/packages/rrbot_unit4)
[2.171s] INFO:colcon.colcon_ros.task.ament_cmake.build:Building ROS package in '/home/user/ros2_ws/src/DynamixelSDK/dynamixel_sdk_examples' with build type 'ament_cmake'
[2.172s] INFO:colcon.colcon_cmake.task.cmake.build:Building CMake package in '/home/user/ros2_ws/src/DynamixelSDK/dynamixel_sdk_examples'
[2.172s] INFO:colcon.colcon_core.shell:Skip shell extension 'powershell' for command environment: Not usable outside of PowerShell
[2.172s] DEBUG:colcon.colcon_core.shell:Skip shell extension 'dsv' for command environment
[2.183s] INFO:colcon.colcon_ros.task.ament_cmake.build:Building ROS package in '/home/user/ros2_ws/src/dynamixel_hardware_interface' with build type 'ament_cmake'
[2.183s] INFO:colcon.colcon_cmake.task.cmake.build:Building CMake package in '/home/user/ros2_ws/src/dynamixel_hardware_interface'
[2.183s] INFO:colcon.colcon_core.shell:Skip shell extension 'powershell' for command environment: Not usable outside of PowerShell
[2.183s] DEBUG:colcon.colcon_core.shell:Skip shell extension 'dsv' for command environment
[2.191s] DEBUG:colcon.colcon_core.event_handler.log_command:Invoked command in '/home/user/ros2_ws/build/rrbot_unit5' returned '0': CMAKE_PREFIX_PATH=${CMAKE_PREFIX_PATH}:/home/user/ros2_ws/install/joint_trajectory_publisher:/home/user/ros2_ws/install/joint_trajectory_demo _=/usr/bin/env /usr/bin/cmake --build /home/user/ros2_ws/build/rrbot_unit5 -- -j8 -l8
[2.194s] DEBUG:colcon.colcon_core.event_handler.log_command:Invoking command in '/home/user/ros2_ws/build/rrbot_unit5': CMAKE_PREFIX_PATH=${CMAKE_PREFIX_PATH}:/home/user/ros2_ws/install/joint_trajectory_publisher:/home/user/ros2_ws/install/joint_trajectory_demo _=/usr/bin/env /usr/bin/cmake --install /home/user/ros2_ws/build/rrbot_unit5
[2.207s] DEBUG:colcon.colcon_core.event_handler.log_command:Invoking command in '/home/user/ros2_ws/build/spawn_robot': CMAKE_PREFIX_PATH=${CMAKE_PREFIX_PATH}:/home/user/ros2_ws/install/joint_trajectory_publisher:/home/user/ros2_ws/install/joint_trajectory_demo _=/usr/bin/env /usr/bin/cmake --build /home/user/ros2_ws/build/spawn_robot -- -j8 -l8
[2.230s] DEBUG:colcon.colcon_core.event_handler.log_command:Invoking command in '/home/user/ros2_ws/build/spawn_solo': CMAKE_PREFIX_PATH=${CMAKE_PREFIX_PATH}:/home/user/ros2_ws/install/joint_trajectory_publisher:/home/user/ros2_ws/install/joint_trajectory_demo _=/usr/bin/env /usr/bin/cmake --build /home/user/ros2_ws/build/spawn_solo -- -j8 -l8
[2.237s] DEBUG:colcon.colcon_core.event_handler.log_command:Invoked command in '/home/user/ros2_ws/build/solo_description' returned '0': CMAKE_PREFIX_PATH=${CMAKE_PREFIX_PATH}:/home/user/ros2_ws/install/joint_trajectory_publisher:/home/user/ros2_ws/install/joint_trajectory_demo _=/usr/bin/env /usr/bin/cmake --build /home/user/ros2_ws/build/solo_description -- -j8 -l8
[2.247s] DEBUG:colcon.colcon_core.event_handler.log_command:Invoking command in '/home/user/ros2_ws/build/solo_description': CMAKE_PREFIX_PATH=${CMAKE_PREFIX_PATH}:/home/user/ros2_ws/install/joint_trajectory_publisher:/home/user/ros2_ws/install/joint_trajectory_demo _=/usr/bin/env /usr/bin/cmake --install /home/user/ros2_ws/build/solo_description
[2.259s] DEBUG:colcon.colcon_core.event_handler.log_command:Invoking command in '/home/user/ros2_ws/build/dynamixel_hardware_interface': CMAKE_PREFIX_PATH=/home/user/ros2_ws/install/dynamixel_workbench_toolbox:/home/user/ros2_ws/install/dynamixel_sdk:/home/user/ros2_ws/install/spawn_solo:/home/user/ros2_ws/install/spawn_robot:/home/user/ros2_ws/install/solo_description:/home/user/ros2_ws/install/rrbot_unit5:/home/user/ros2_ws/install/rrbot_unit4:/home/user/ros2_ws/install/rrbot_unit3:/home/user/ros2_ws/install/rrbot_unit2:/home/user/ros2_ws/install/rrbot_controller:/home/user/ros2_ws/install/my_robot_hardware_interface:/home/user/ros2_ws/install/my_robot_bringup:/home/user/ros2_ws/install/my_quadruped_bringup:/home/user/ros2_ws/install/dynamixel_workbench:/home/user/ros2_ws/install/dynamixel_hardware_interface:/home/user/ros2_ws/install/dynamixel_sdk_examples:/home/user/ros2_ws/install/dynamixel_sdk_custom_interfaces:/home/user/ros2_ws/install/diffbot_sim:/home/user/ros2_ws/install/diffbot_description:/home/simulations/ros2_sims_ws/install/unit6_simulation:/home/simulations/ros2_sims_ws/install/rrbot_sim:/home/simulations/ros2_sims_ws/install/rmw_cyclonedds_cpp:/home/simulations/ros2_sims_ws/install/cyclonedds:/opt/ros/jazzy/opt/gz_sim_vendor:/opt/ros/jazzy/opt/gz_sensors_vendor:/opt/ros/jazzy/opt/gz_physics_vendor:/opt/ros/jazzy/opt/sdformat_vendor:/opt/ros/jazzy/opt/gz_gui_vendor:/opt/ros/jazzy/opt/gz_transport_vendor:/opt/ros/jazzy/opt/gz_rendering_vendor:/opt/ros/jazzy/opt/gz_plugin_vendor:/opt/ros/jazzy/opt/gz_fuel_tools_vendor:/opt/ros/jazzy/opt/gz_msgs_vendor:/opt/ros/jazzy/opt/gz_common_vendor:/opt/ros/jazzy/opt/gz_math_vendor:/opt/ros/jazzy/opt/gz_utils_vendor:/opt/ros/jazzy/opt/gz_tools_vendor:/opt/ros/jazzy/opt/gz_ogre_next_vendor:/opt/ros/jazzy/opt/gz_dartsim_vendor:/opt/ros/jazzy/opt/gz_cmake_vendor:/opt/ros/jazzy:/opt/ros/jazzy:/home/user/ros2_ws/install/joint_trajectory_publisher:/home/user/ros2_ws/install/joint_trajectory_demo LD_LIBRARY_PATH=/home/user/ros2_ws/install/dynamixel_workbench_toolbox/lib:/home/user/ros2_ws/install/dynamixel_sdk/lib:/home/user/ros2_ws/install/rrbot_controller/lib:/home/user/ros2_ws/install/my_robot_hardware_interface/lib:/home/user/ros2_ws/install/dynamixel_hardware_interface/lib:/home/user/ros2_ws/install/dynamixel_sdk_custom_interfaces/lib:/home/simulations/ros2_sims_ws/install/rmw_cyclonedds_cpp/lib:/home/simulations/ros2_sims_ws/install/cyclonedds/lib:/home/user/catkin_ws/devel/lib:/home/simulations/public_sim_ws/devel/lib:/opt/ros/jazzy/lib:/opt/ros/jazzy/lib/x86_64-linux-gnu:/usr/local/cuda-10.2/lib64:/home/user/.catkin_ws_python3/src/TensorRT-7.0.0.11/lib:/home/user/catkin_ws/devel/lib:/home/simulations/public_sim_ws/devel/lib:/opt/ros/jazzy/lib:/opt/ros/jazzy/lib/x86_64-linux-gnu:/opt/ros/jazzy/opt/gz_sim_vendor/lib:/opt/ros/jazzy/opt/gz_sensors_vendor/lib:/opt/ros/jazzy/opt/gz_physics_vendor/lib:/opt/ros/jazzy/opt/sdformat_vendor/lib:/opt/ros/jazzy/opt/rviz_ogre_vendor/lib:/opt/ros/jazzy/lib/x86_64-linux-gnu:/opt/ros/jazzy/opt/gz_gui_vendor/lib:/opt/ros/jazzy/opt/gz_transport_vendor/lib:/opt/ros/jazzy/opt/gz_rendering_vendor/lib:/opt/ros/jazzy/opt/gz_plugin_vendor/lib:/opt/ros/jazzy/opt/gz_fuel_tools_vendor/lib:/opt/ros/jazzy/opt/gz_msgs_vendor/lib:/opt/ros/jazzy/opt/gz_common_vendor/lib:/opt/ros/jazzy/opt/gz_math_vendor/lib:/opt/ros/jazzy/opt/gz_utils_vendor/lib:/opt/ros/jazzy/opt/gz_tools_vendor/lib:/opt/ros/jazzy/opt/gz_ogre_next_vendor/lib:/opt/ros/jazzy/opt/gz_dartsim_vendor/lib:/opt/ros/jazzy/opt/gz_cmake_vendor/lib:/opt/ros/jazzy/lib:/usr/local/cuda-10.2/lib64:/home/user/.catkin_ws_python3/src/TensorRT-7.0.0.11/lib _=/usr/bin/env /usr/bin/cmake --build /home/user/ros2_ws/build/dynamixel_hardware_interface -- -j8 -l8
[2.296s] DEBUG:colcon.colcon_core.event_handler.log_command:Invoking command in '/home/user/ros2_ws/build/dynamixel_sdk_examples': CMAKE_PREFIX_PATH=/home/user/ros2_ws/install/dynamixel_sdk_custom_interfaces:/home/user/ros2_ws/install/dynamixel_sdk:/home/user/ros2_ws/install/spawn_solo:/home/user/ros2_ws/install/spawn_robot:/home/user/ros2_ws/install/solo_description:/home/user/ros2_ws/install/rrbot_unit5:/home/user/ros2_ws/install/rrbot_unit4:/home/user/ros2_ws/install/rrbot_unit3:/home/user/ros2_ws/install/rrbot_unit2:/home/user/ros2_ws/install/rrbot_controller:/home/user/ros2_ws/install/my_robot_hardware_interface:/home/user/ros2_ws/install/my_robot_bringup:/home/user/ros2_ws/install/my_quadruped_bringup:/home/user/ros2_ws/install/dynamixel_workbench:/home/user/ros2_ws/install/dynamixel_hardware_interface:/home/user/ros2_ws/install/dynamixel_workbench_toolbox:/home/user/ros2_ws/install/dynamixel_sdk_examples:/home/user/ros2_ws/install/diffbot_sim:/home/user/ros2_ws/install/diffbot_description:/home/simulations/ros2_sims_ws/install/unit6_simulation:/home/simulations/ros2_sims_ws/install/rrbot_sim:/home/simulations/ros2_sims_ws/install/rmw_cyclonedds_cpp:/home/simulations/ros2_sims_ws/install/cyclonedds:/opt/ros/jazzy/opt/gz_sim_vendor:/opt/ros/jazzy/opt/gz_sensors_vendor:/opt/ros/jazzy/opt/gz_physics_vendor:/opt/ros/jazzy/opt/sdformat_vendor:/opt/ros/jazzy/opt/gz_gui_vendor:/opt/ros/jazzy/opt/gz_transport_vendor:/opt/ros/jazzy/opt/gz_rendering_vendor:/opt/ros/jazzy/opt/gz_plugin_vendor:/opt/ros/jazzy/opt/gz_fuel_tools_vendor:/opt/ros/jazzy/opt/gz_msgs_vendor:/opt/ros/jazzy/opt/gz_common_vendor:/opt/ros/jazzy/opt/gz_math_vendor:/opt/ros/jazzy/opt/gz_utils_vendor:/opt/ros/jazzy/opt/gz_tools_vendor:/opt/ros/jazzy/opt/gz_ogre_next_vendor:/opt/ros/jazzy/opt/gz_dartsim_vendor:/opt/ros/jazzy/opt/gz_cmake_vendor:/opt/ros/jazzy:/opt/ros/jazzy:/home/user/ros2_ws/install/joint_trajectory_publisher:/home/user/ros2_ws/install/joint_trajectory_demo LD_LIBRARY_PATH=/home/user/ros2_ws/install/dynamixel_sdk_custom_interfaces/lib:/home/user/ros2_ws/install/dynamixel_sdk/lib:/home/user/ros2_ws/install/rrbot_controller/lib:/home/user/ros2_ws/install/my_robot_hardware_interface/lib:/home/user/ros2_ws/install/dynamixel_hardware_interface/lib:/home/user/ros2_ws/install/dynamixel_workbench_toolbox/lib:/home/simulations/ros2_sims_ws/install/rmw_cyclonedds_cpp/lib:/home/simulations/ros2_sims_ws/install/cyclonedds/lib:/home/user/catkin_ws/devel/lib:/home/simulations/public_sim_ws/devel/lib:/opt/ros/jazzy/lib:/opt/ros/jazzy/lib/x86_64-linux-gnu:/usr/local/cuda-10.2/lib64:/home/user/.catkin_ws_python3/src/TensorRT-7.0.0.11/lib:/home/user/catkin_ws/devel/lib:/home/simulations/public_sim_ws/devel/lib:/opt/ros/jazzy/lib:/opt/ros/jazzy/lib/x86_64-linux-gnu:/opt/ros/jazzy/opt/gz_sim_vendor/lib:/opt/ros/jazzy/opt/gz_sensors_vendor/lib:/opt/ros/jazzy/opt/gz_physics_vendor/lib:/opt/ros/jazzy/opt/sdformat_vendor/lib:/opt/ros/jazzy/opt/rviz_ogre_vendor/lib:/opt/ros/jazzy/lib/x86_64-linux-gnu:/opt/ros/jazzy/opt/gz_gui_vendor/lib:/opt/ros/jazzy/opt/gz_transport_vendor/lib:/opt/ros/jazzy/opt/gz_rendering_vendor/lib:/opt/ros/jazzy/opt/gz_plugin_vendor/lib:/opt/ros/jazzy/opt/gz_fuel_tools_vendor/lib:/opt/ros/jazzy/opt/gz_msgs_vendor/lib:/opt/ros/jazzy/opt/gz_common_vendor/lib:/opt/ros/jazzy/opt/gz_math_vendor/lib:/opt/ros/jazzy/opt/gz_utils_vendor/lib:/opt/ros/jazzy/opt/gz_tools_vendor/lib:/opt/ros/jazzy/opt/gz_ogre_next_vendor/lib:/opt/ros/jazzy/opt/gz_dartsim_vendor/lib:/opt/ros/jazzy/opt/gz_cmake_vendor/lib:/opt/ros/jazzy/lib:/usr/local/cuda-10.2/lib64:/home/user/.catkin_ws_python3/src/TensorRT-7.0.0.11/lib PYTHONPATH=/home/user/ros2_ws/install/dynamixel_sdk_custom_interfaces/lib/python3.12/site-packages:/home/user/ros2_ws/install/joint_trajectory_publisher/lib/python3.12/site-packages:/home/user/ros2_ws/install/joint_trajectory_demo/lib/python3.12/site-packages:/opt/ros/jazzy/lib/python3.12/site-packages:/home/simulations/public_sim_ws/src/all/ros_basics_examples/python_course_class:/home/simulations/public_sim_ws/src/ros_basics_examples/python_course_class:/home/simulations/public_sim_ws/src/all/kinematics_course_utils/kinematics _=/usr/bin/env /usr/bin/cmake --build /home/user/ros2_ws/build/dynamixel_sdk_examples -- -j8 -l8
[2.297s] Level 1:colcon.colcon_core.environment:create_environment_scripts_only(rrbot_unit5)
[2.297s] Level 1:colcon.colcon_core.environment:checking '/home/user/ros2_ws/install/rrbot_unit5' for CMake module files
[2.298s] DEBUG:colcon.colcon_core.event_handler.log_command:Invoked command in '/home/user/ros2_ws/build/rrbot_unit5' returned '0': CMAKE_PREFIX_PATH=${CMAKE_PREFIX_PATH}:/home/user/ros2_ws/install/joint_trajectory_publisher:/home/user/ros2_ws/install/joint_trajectory_demo _=/usr/bin/env /usr/bin/cmake --install /home/user/ros2_ws/build/rrbot_unit5
[2.298s] Level 1:colcon.colcon_core.environment:checking '/home/user/ros2_ws/install/rrbot_unit5' for CMake config files
[2.299s] Level 1:colcon.colcon_core.shell:create_environment_hook('rrbot_unit5', 'cmake_prefix_path')
[2.299s] INFO:colcon.colcon_core.shell:Creating environment hook '/home/user/ros2_ws/install/rrbot_unit5/share/rrbot_unit5/hook/cmake_prefix_path.ps1'
[2.300s] INFO:colcon.colcon_core.shell:Creating environment descriptor '/home/user/ros2_ws/install/rrbot_unit5/share/rrbot_unit5/hook/cmake_prefix_path.dsv'
[2.300s] INFO:colcon.colcon_core.shell:Creating environment hook '/home/user/ros2_ws/install/rrbot_unit5/share/rrbot_unit5/hook/cmake_prefix_path.sh'
[2.301s] Level 1:colcon.colcon_core.environment:checking '/home/user/ros2_ws/install/rrbot_unit5/bin'
[2.301s] Level 1:colcon.colcon_core.environment:checking '/home/user/ros2_ws/install/rrbot_unit5/lib/pkgconfig/rrbot_unit5.pc'
[2.301s] Level 1:colcon.colcon_core.environment:checking '/home/user/ros2_ws/install/rrbot_unit5/lib/python3.12/site-packages'
[2.302s] Level 1:colcon.colcon_core.environment:checking '/home/user/ros2_ws/install/rrbot_unit5/bin'
[2.302s] INFO:colcon.colcon_core.shell:Creating package script '/home/user/ros2_ws/install/rrbot_unit5/share/rrbot_unit5/package.ps1'
[2.303s] INFO:colcon.colcon_core.shell:Creating package descriptor '/home/user/ros2_ws/install/rrbot_unit5/share/rrbot_unit5/package.dsv'
[2.304s] INFO:colcon.colcon_core.shell:Creating package script '/home/user/ros2_ws/install/rrbot_unit5/share/rrbot_unit5/package.sh'
[2.304s] INFO:colcon.colcon_core.shell:Creating package script '/home/user/ros2_ws/install/rrbot_unit5/share/rrbot_unit5/package.bash'
[2.305s] INFO:colcon.colcon_core.shell:Creating package script '/home/user/ros2_ws/install/rrbot_unit5/share/rrbot_unit5/package.zsh'
[2.307s] Level 1:colcon.colcon_core.environment:create_file_with_runtime_dependencies(/home/user/ros2_ws/install/rrbot_unit5/share/colcon-core/packages/rrbot_unit5)
[2.308s] Level 1:colcon.colcon_core.environment:create_environment_scripts_only(rrbot_unit5)
[2.308s] Level 1:colcon.colcon_core.environment:checking '/home/user/ros2_ws/install/rrbot_unit5' for CMake module files
[2.309s] Level 1:colcon.colcon_core.environment:checking '/home/user/ros2_ws/install/rrbot_unit5' for CMake config files
[2.309s] Level 1:colcon.colcon_core.shell:create_environment_hook('rrbot_unit5', 'cmake_prefix_path')
[2.309s] INFO:colcon.colcon_core.shell:Creating environment hook '/home/user/ros2_ws/install/rrbot_unit5/share/rrbot_unit5/hook/cmake_prefix_path.ps1'
[2.310s] INFO:colcon.colcon_core.shell:Creating environment descriptor '/home/user/ros2_ws/install/rrbot_unit5/share/rrbot_unit5/hook/cmake_prefix_path.dsv'
[2.310s] INFO:colcon.colcon_core.shell:Creating environment hook '/home/user/ros2_ws/install/rrbot_unit5/share/rrbot_unit5/hook/cmake_prefix_path.sh'
[2.311s] Level 1:colcon.colcon_core.environment:checking '/home/user/ros2_ws/install/rrbot_unit5/bin'
[2.311s] Level 1:colcon.colcon_core.environment:checking '/home/user/ros2_ws/install/rrbot_unit5/lib/pkgconfig/rrbot_unit5.pc'
[2.311s] Level 1:colcon.colcon_core.environment:checking '/home/user/ros2_ws/install/rrbot_unit5/lib/python3.12/site-packages'
[2.312s] Level 1:colcon.colcon_core.environment:checking '/home/user/ros2_ws/install/rrbot_unit5/bin'
[2.312s] INFO:colcon.colcon_core.shell:Creating package script '/home/user/ros2_ws/install/rrbot_unit5/share/rrbot_unit5/package.ps1'
[2.312s] INFO:colcon.colcon_core.shell:Creating package descriptor '/home/user/ros2_ws/install/rrbot_unit5/share/rrbot_unit5/package.dsv'
[2.313s] INFO:colcon.colcon_core.shell:Creating package script '/home/user/ros2_ws/install/rrbot_unit5/share/rrbot_unit5/package.sh'
[2.313s] INFO:colcon.colcon_core.shell:Creating package script '/home/user/ros2_ws/install/rrbot_unit5/share/rrbot_unit5/package.bash'
[2.314s] INFO:colcon.colcon_core.shell:Creating package script '/home/user/ros2_ws/install/rrbot_unit5/share/rrbot_unit5/package.zsh'
[2.315s] Level 1:colcon.colcon_core.environment:create_file_with_runtime_dependencies(/home/user/ros2_ws/install/rrbot_unit5/share/colcon-core/packages/rrbot_unit5)
[2.316s] INFO:colcon.colcon_ros.task.ament_cmake.build:Building ROS package in '/home/user/ros2_ws/src/dynamixel-workbench/dynamixel_workbench' with build type 'ament_cmake'
[2.316s] INFO:colcon.colcon_cmake.task.cmake.build:Building CMake package in '/home/user/ros2_ws/src/dynamixel-workbench/dynamixel_workbench'
[2.316s] INFO:colcon.colcon_core.shell:Skip shell extension 'powershell' for command environment: Not usable outside of PowerShell
[2.317s] DEBUG:colcon.colcon_core.shell:Skip shell extension 'dsv' for command environment
[2.355s] Level 1:colcon.colcon_core.environment:create_environment_scripts_only(solo_description)
[2.356s] DEBUG:colcon.colcon_core.event_handler.log_command:Invoked command in '/home/user/ros2_ws/build/solo_description' returned '0': CMAKE_PREFIX_PATH=${CMAKE_PREFIX_PATH}:/home/user/ros2_ws/install/joint_trajectory_publisher:/home/user/ros2_ws/install/joint_trajectory_demo _=/usr/bin/env /usr/bin/cmake --install /home/user/ros2_ws/build/solo_description
[2.356s] Level 1:colcon.colcon_core.environment:checking '/home/user/ros2_ws/install/solo_description' for CMake module files
[2.357s] Level 1:colcon.colcon_core.environment:checking '/home/user/ros2_ws/install/solo_description' for CMake config files
[2.358s] Level 1:colcon.colcon_core.shell:create_environment_hook('solo_description', 'cmake_prefix_path')
[2.358s] INFO:colcon.colcon_core.shell:Creating environment hook '/home/user/ros2_ws/install/solo_description/share/solo_description/hook/cmake_prefix_path.ps1'
[2.359s] INFO:colcon.colcon_core.shell:Creating environment descriptor '/home/user/ros2_ws/install/solo_description/share/solo_description/hook/cmake_prefix_path.dsv'
[2.359s] INFO:colcon.colcon_core.shell:Creating environment hook '/home/user/ros2_ws/install/solo_description/share/solo_description/hook/cmake_prefix_path.sh'
[2.360s] Level 1:colcon.colcon_core.environment:checking '/home/user/ros2_ws/install/solo_description/bin'
[2.360s] Level 1:colcon.colcon_core.environment:checking '/home/user/ros2_ws/install/solo_description/lib/pkgconfig/solo_description.pc'
[2.361s] Level 1:colcon.colcon_core.environment:checking '/home/user/ros2_ws/install/solo_description/lib/python3.12/site-packages'
[2.361s] Level 1:colcon.colcon_core.environment:checking '/home/user/ros2_ws/install/solo_description/bin'
[2.361s] INFO:colcon.colcon_core.shell:Creating package script '/home/user/ros2_ws/install/solo_description/share/solo_description/package.ps1'
[2.362s] INFO:colcon.colcon_core.shell:Creating package descriptor '/home/user/ros2_ws/install/solo_description/share/solo_description/package.dsv'
[2.363s] INFO:colcon.colcon_core.shell:Creating package script '/home/user/ros2_ws/install/solo_description/share/solo_description/package.sh'
[2.363s] INFO:colcon.colcon_core.shell:Creating package script '/home/user/ros2_ws/install/solo_description/share/solo_description/package.bash'
[2.364s] INFO:colcon.colcon_core.shell:Creating package script '/home/user/ros2_ws/install/solo_description/share/solo_description/package.zsh'
[2.364s] Level 1:colcon.colcon_core.environment:create_file_with_runtime_dependencies(/home/user/ros2_ws/install/solo_description/share/colcon-core/packages/solo_description)
[2.365s] Level 1:colcon.colcon_core.environment:create_environment_scripts_only(solo_description)
[2.365s] Level 1:colcon.colcon_core.environment:checking '/home/user/ros2_ws/install/solo_description' for CMake module files
[2.366s] Level 1:colcon.colcon_core.environment:checking '/home/user/ros2_ws/install/solo_description' for CMake config files
[2.367s] Level 1:colcon.colcon_core.shell:create_environment_hook('solo_description', 'cmake_prefix_path')
[2.367s] INFO:colcon.colcon_core.shell:Creating environment hook '/home/user/ros2_ws/install/solo_description/share/solo_description/hook/cmake_prefix_path.ps1'
[2.368s] INFO:colcon.colcon_core.shell:Creating environment descriptor '/home/user/ros2_ws/install/solo_description/share/solo_description/hook/cmake_prefix_path.dsv'
[2.368s] INFO:colcon.colcon_core.shell:Creating environment hook '/home/user/ros2_ws/install/solo_description/share/solo_description/hook/cmake_prefix_path.sh'
[2.369s] Level 1:colcon.colcon_core.environment:checking '/home/user/ros2_ws/install/solo_description/bin'
[2.369s] Level 1:colcon.colcon_core.environment:checking '/home/user/ros2_ws/install/solo_description/lib/pkgconfig/solo_description.pc'
[2.369s] Level 1:colcon.colcon_core.environment:checking '/home/user/ros2_ws/install/solo_description/lib/python3.12/site-packages'
[2.370s] Level 1:colcon.colcon_core.environment:checking '/home/user/ros2_ws/install/solo_description/bin'
[2.370s] INFO:colcon.colcon_core.shell:Creating package script '/home/user/ros2_ws/install/solo_description/share/solo_description/package.ps1'
[2.371s] INFO:colcon.colcon_core.shell:Creating package descriptor '/home/user/ros2_ws/install/solo_description/share/solo_description/package.dsv'
[2.372s] INFO:colcon.colcon_core.shell:Creating package script '/home/user/ros2_ws/install/solo_description/share/solo_description/package.sh'
[2.372s] INFO:colcon.colcon_core.shell:Creating package script '/home/user/ros2_ws/install/solo_description/share/solo_description/package.bash'
[2.373s] INFO:colcon.colcon_core.shell:Creating package script '/home/user/ros2_ws/install/solo_description/share/solo_description/package.zsh'
[2.373s] Level 1:colcon.colcon_core.environment:create_file_with_runtime_dependencies(/home/user/ros2_ws/install/solo_description/share/colcon-core/packages/solo_description)
[2.377s] DEBUG:colcon.colcon_core.event_handler.log_command:Invoking command in '/home/user/ros2_ws/src/ros2_control_course/common/joint_trajectory_publisher': PYTHONPATH=/home/user/ros2_ws/build/joint_trajectory_publisher/prefix_override:/usr/lib/python3/dist-packages/colcon_core/task/python/colcon_distutils_commands:/home/user/ros2_ws/install/joint_trajectory_publisher/lib/python3.12/site-packages:${PYTHONPATH} _=/usr/bin/env /usr/bin/python3 -W ignore:setup.py install is deprecated -W ignore:easy_install command is deprecated setup.py egg_info --egg-base ../../../../build/joint_trajectory_publisher build --build-base /home/user/ros2_ws/build/joint_trajectory_publisher/build install --record /home/user/ros2_ws/build/joint_trajectory_publisher/install.log --single-version-externally-managed install_data
[2.396s] DEBUG:colcon.colcon_core.event_handler.log_command:Invoked command in '/home/user/ros2_ws/build/spawn_robot' returned '0': CMAKE_PREFIX_PATH=${CMAKE_PREFIX_PATH}:/home/user/ros2_ws/install/joint_trajectory_publisher:/home/user/ros2_ws/install/joint_trajectory_demo _=/usr/bin/env /usr/bin/cmake --build /home/user/ros2_ws/build/spawn_robot -- -j8 -l8
[2.397s] DEBUG:colcon.colcon_core.event_handler.log_command:Invoking command in '/home/user/ros2_ws/build/spawn_robot': CMAKE_PREFIX_PATH=${CMAKE_PREFIX_PATH}:/home/user/ros2_ws/install/joint_trajectory_publisher:/home/user/ros2_ws/install/joint_trajectory_demo _=/usr/bin/env /usr/bin/cmake --install /home/user/ros2_ws/build/spawn_robot
[2.430s] DEBUG:colcon.colcon_core.event_handler.log_command:Invoking command in '/home/user/ros2_ws/src/ros2_control_course/unit1/joint_trajectory_demo': PYTHONPATH=/home/user/ros2_ws/build/joint_trajectory_demo/prefix_override:/usr/lib/python3/dist-packages/colcon_core/task/python/colcon_distutils_commands:/home/user/ros2_ws/install/joint_trajectory_demo/lib/python3.12/site-packages:${PYTHONPATH} _=/usr/bin/env /usr/bin/python3 -W ignore:setup.py install is deprecated -W ignore:easy_install command is deprecated setup.py egg_info --egg-base ../../../../build/joint_trajectory_demo build --build-base /home/user/ros2_ws/build/joint_trajectory_demo/build install --record /home/user/ros2_ws/build/joint_trajectory_demo/install.log --single-version-externally-managed install_data
[2.450s] Level 1:colcon.colcon_core.environment:create_environment_scripts_only(spawn_robot)
[2.450s] DEBUG:colcon.colcon_core.event_handler.log_command:Invoked command in '/home/user/ros2_ws/build/spawn_robot' returned '0': CMAKE_PREFIX_PATH=${CMAKE_PREFIX_PATH}:/home/user/ros2_ws/install/joint_trajectory_publisher:/home/user/ros2_ws/install/joint_trajectory_demo _=/usr/bin/env /usr/bin/cmake --install /home/user/ros2_ws/build/spawn_robot
[2.450s] Level 1:colcon.colcon_core.environment:checking '/home/user/ros2_ws/install/spawn_robot' for CMake module files
[2.452s] Level 1:colcon.colcon_core.environment:checking '/home/user/ros2_ws/install/spawn_robot' for CMake config files
[2.452s] Level 1:colcon.colcon_core.shell:create_environment_hook('spawn_robot', 'cmake_prefix_path')
[2.453s] INFO:colcon.colcon_core.shell:Creating environment hook '/home/user/ros2_ws/install/spawn_robot/share/spawn_robot/hook/cmake_prefix_path.ps1'
[2.453s] INFO:colcon.colcon_core.shell:Creating environment descriptor '/home/user/ros2_ws/install/spawn_robot/share/spawn_robot/hook/cmake_prefix_path.dsv'
[2.454s] INFO:colcon.colcon_core.shell:Creating environment hook '/home/user/ros2_ws/install/spawn_robot/share/spawn_robot/hook/cmake_prefix_path.sh'
[2.455s] Level 1:colcon.colcon_core.environment:checking '/home/user/ros2_ws/install/spawn_robot/lib'
[2.455s] Level 1:colcon.colcon_core.environment:checking '/home/user/ros2_ws/install/spawn_robot/bin'
[2.455s] Level 1:colcon.colcon_core.environment:checking '/home/user/ros2_ws/install/spawn_robot/lib/pkgconfig/spawn_robot.pc'
[2.455s] Level 1:colcon.colcon_core.environment:checking '/home/user/ros2_ws/install/spawn_robot/lib/python3.12/site-packages'
[2.456s] Level 1:colcon.colcon_core.environment:checking '/home/user/ros2_ws/install/spawn_robot/bin'
[2.456s] INFO:colcon.colcon_core.shell:Creating package script '/home/user/ros2_ws/install/spawn_robot/share/spawn_robot/package.ps1'
[2.456s] INFO:colcon.colcon_core.shell:Creating package descriptor '/home/user/ros2_ws/install/spawn_robot/share/spawn_robot/package.dsv'
[2.457s] INFO:colcon.colcon_core.shell:Creating package script '/home/user/ros2_ws/install/spawn_robot/share/spawn_robot/package.sh'
[2.458s] INFO:colcon.colcon_core.shell:Creating package script '/home/user/ros2_ws/install/spawn_robot/share/spawn_robot/package.bash'
[2.458s] INFO:colcon.colcon_core.shell:Creating package script '/home/user/ros2_ws/install/spawn_robot/share/spawn_robot/package.zsh'
[2.459s] Level 1:colcon.colcon_core.environment:create_file_with_runtime_dependencies(/home/user/ros2_ws/install/spawn_robot/share/colcon-core/packages/spawn_robot)
[2.459s] Level 1:colcon.colcon_core.environment:create_environment_scripts_only(spawn_robot)
[2.460s] Level 1:colcon.colcon_core.environment:checking '/home/user/ros2_ws/install/spawn_robot' for CMake module files
[2.460s] Level 1:colcon.colcon_core.environment:checking '/home/user/ros2_ws/install/spawn_robot' for CMake config files
[2.461s] Level 1:colcon.colcon_core.shell:create_environment_hook('spawn_robot', 'cmake_prefix_path')
[2.461s] INFO:colcon.colcon_core.shell:Creating environment hook '/home/user/ros2_ws/install/spawn_robot/share/spawn_robot/hook/cmake_prefix_path.ps1'
[2.462s] INFO:colcon.colcon_core.shell:Creating environment descriptor '/home/user/ros2_ws/install/spawn_robot/share/spawn_robot/hook/cmake_prefix_path.dsv'
[2.462s] INFO:colcon.colcon_core.shell:Creating environment hook '/home/user/ros2_ws/install/spawn_robot/share/spawn_robot/hook/cmake_prefix_path.sh'
[2.463s] Level 1:colcon.colcon_core.environment:checking '/home/user/ros2_ws/install/spawn_robot/lib'
[2.463s] Level 1:colcon.colcon_core.environment:checking '/home/user/ros2_ws/install/spawn_robot/bin'
[2.463s] Level 1:colcon.colcon_core.environment:checking '/home/user/ros2_ws/install/spawn_robot/lib/pkgconfig/spawn_robot.pc'
[2.464s] Level 1:colcon.colcon_core.environment:checking '/home/user/ros2_ws/install/spawn_robot/lib/python3.12/site-packages'
[2.464s] Level 1:colcon.colcon_core.environment:checking '/home/user/ros2_ws/install/spawn_robot/bin'
[2.465s] INFO:colcon.colcon_core.shell:Creating package script '/home/user/ros2_ws/install/spawn_robot/share/spawn_robot/package.ps1'
[2.465s] INFO:colcon.colcon_core.shell:Creating package descriptor '/home/user/ros2_ws/install/spawn_robot/share/spawn_robot/package.dsv'
[2.466s] INFO:colcon.colcon_core.shell:Creating package script '/home/user/ros2_ws/install/spawn_robot/share/spawn_robot/package.sh'
[2.466s] INFO:colcon.colcon_core.shell:Creating package script '/home/user/ros2_ws/install/spawn_robot/share/spawn_robot/package.bash'
[2.473s] INFO:colcon.colcon_core.shell:Creating package script '/home/user/ros2_ws/install/spawn_robot/share/spawn_robot/package.zsh'
[2.473s] Level 1:colcon.colcon_core.environment:create_file_with_runtime_dependencies(/home/user/ros2_ws/install/spawn_robot/share/colcon-core/packages/spawn_robot)
[2.475s] DEBUG:colcon.colcon_core.event_handler.log_command:Invoked command in '/home/user/ros2_ws/build/spawn_solo' returned '0': CMAKE_PREFIX_PATH=${CMAKE_PREFIX_PATH}:/home/user/ros2_ws/install/joint_trajectory_publisher:/home/user/ros2_ws/install/joint_trajectory_demo _=/usr/bin/env /usr/bin/cmake --build /home/user/ros2_ws/build/spawn_solo -- -j8 -l8
[2.487s] DEBUG:colcon.colcon_core.event_handler.log_command:Invoking command in '/home/user/ros2_ws/build/spawn_solo': CMAKE_PREFIX_PATH=${CMAKE_PREFIX_PATH}:/home/user/ros2_ws/install/joint_trajectory_publisher:/home/user/ros2_ws/install/joint_trajectory_demo _=/usr/bin/env /usr/bin/cmake --install /home/user/ros2_ws/build/spawn_solo
[2.497s] DEBUG:colcon.colcon_core.event_handler.log_command:Invoking command in '/home/user/ros2_ws/build/dynamixel_workbench': CMAKE_PREFIX_PATH=/home/user/ros2_ws/install/dynamixel_workbench_toolbox:/home/user/ros2_ws/install/dynamixel_sdk:/home/user/ros2_ws/install/spawn_solo:/home/user/ros2_ws/install/spawn_robot:/home/user/ros2_ws/install/solo_description:/home/user/ros2_ws/install/rrbot_unit5:/home/user/ros2_ws/install/rrbot_unit4:/home/user/ros2_ws/install/rrbot_unit3:/home/user/ros2_ws/install/rrbot_unit2:/home/user/ros2_ws/install/rrbot_controller:/home/user/ros2_ws/install/my_robot_hardware_interface:/home/user/ros2_ws/install/my_robot_bringup:/home/user/ros2_ws/install/my_quadruped_bringup:/home/user/ros2_ws/install/dynamixel_workbench:/home/user/ros2_ws/install/dynamixel_hardware_interface:/home/user/ros2_ws/install/dynamixel_sdk_examples:/home/user/ros2_ws/install/dynamixel_sdk_custom_interfaces:/home/user/ros2_ws/install/diffbot_sim:/home/user/ros2_ws/install/diffbot_description:/home/simulations/ros2_sims_ws/install/unit6_simulation:/home/simulations/ros2_sims_ws/install/rrbot_sim:/home/simulations/ros2_sims_ws/install/rmw_cyclonedds_cpp:/home/simulations/ros2_sims_ws/install/cyclonedds:/opt/ros/jazzy/opt/gz_sim_vendor:/opt/ros/jazzy/opt/gz_sensors_vendor:/opt/ros/jazzy/opt/gz_physics_vendor:/opt/ros/jazzy/opt/sdformat_vendor:/opt/ros/jazzy/opt/gz_gui_vendor:/opt/ros/jazzy/opt/gz_transport_vendor:/opt/ros/jazzy/opt/gz_rendering_vendor:/opt/ros/jazzy/opt/gz_plugin_vendor:/opt/ros/jazzy/opt/gz_fuel_tools_vendor:/opt/ros/jazzy/opt/gz_msgs_vendor:/opt/ros/jazzy/opt/gz_common_vendor:/opt/ros/jazzy/opt/gz_math_vendor:/opt/ros/jazzy/opt/gz_utils_vendor:/opt/ros/jazzy/opt/gz_tools_vendor:/opt/ros/jazzy/opt/gz_ogre_next_vendor:/opt/ros/jazzy/opt/gz_dartsim_vendor:/opt/ros/jazzy/opt/gz_cmake_vendor:/opt/ros/jazzy:/opt/ros/jazzy:/home/user/ros2_ws/install/joint_trajectory_publisher:/home/user/ros2_ws/install/joint_trajectory_demo LD_LIBRARY_PATH=/home/user/ros2_ws/install/dynamixel_workbench_toolbox/lib:/home/user/ros2_ws/install/dynamixel_sdk/lib:/home/user/ros2_ws/install/rrbot_controller/lib:/home/user/ros2_ws/install/my_robot_hardware_interface/lib:/home/user/ros2_ws/install/dynamixel_hardware_interface/lib:/home/user/ros2_ws/install/dynamixel_sdk_custom_interfaces/lib:/home/simulations/ros2_sims_ws/install/rmw_cyclonedds_cpp/lib:/home/simulations/ros2_sims_ws/install/cyclonedds/lib:/home/user/catkin_ws/devel/lib:/home/simulations/public_sim_ws/devel/lib:/opt/ros/jazzy/lib:/opt/ros/jazzy/lib/x86_64-linux-gnu:/usr/local/cuda-10.2/lib64:/home/user/.catkin_ws_python3/src/TensorRT-7.0.0.11/lib:/home/user/catkin_ws/devel/lib:/home/simulations/public_sim_ws/devel/lib:/opt/ros/jazzy/lib:/opt/ros/jazzy/lib/x86_64-linux-gnu:/opt/ros/jazzy/opt/gz_sim_vendor/lib:/opt/ros/jazzy/opt/gz_sensors_vendor/lib:/opt/ros/jazzy/opt/gz_physics_vendor/lib:/opt/ros/jazzy/opt/sdformat_vendor/lib:/opt/ros/jazzy/opt/rviz_ogre_vendor/lib:/opt/ros/jazzy/lib/x86_64-linux-gnu:/opt/ros/jazzy/opt/gz_gui_vendor/lib:/opt/ros/jazzy/opt/gz_transport_vendor/lib:/opt/ros/jazzy/opt/gz_rendering_vendor/lib:/opt/ros/jazzy/opt/gz_plugin_vendor/lib:/opt/ros/jazzy/opt/gz_fuel_tools_vendor/lib:/opt/ros/jazzy/opt/gz_msgs_vendor/lib:/opt/ros/jazzy/opt/gz_common_vendor/lib:/opt/ros/jazzy/opt/gz_math_vendor/lib:/opt/ros/jazzy/opt/gz_utils_vendor/lib:/opt/ros/jazzy/opt/gz_tools_vendor/lib:/opt/ros/jazzy/opt/gz_ogre_next_vendor/lib:/opt/ros/jazzy/opt/gz_dartsim_vendor/lib:/opt/ros/jazzy/opt/gz_cmake_vendor/lib:/opt/ros/jazzy/lib:/usr/local/cuda-10.2/lib64:/home/user/.catkin_ws_python3/src/TensorRT-7.0.0.11/lib _=/usr/bin/env /usr/bin/cmake --build /home/user/ros2_ws/build/dynamixel_workbench -- -j8 -l8
[2.519s] Level 1:colcon.colcon_core.environment:create_environment_scripts_only(spawn_solo)
[2.520s] Level 1:colcon.colcon_core.environment:checking '/home/user/ros2_ws/install/spawn_solo' for CMake module files
[2.521s] Level 1:colcon.colcon_core.environment:checking '/home/user/ros2_ws/install/spawn_solo' for CMake config files
[2.521s] Level 1:colcon.colcon_core.shell:create_environment_hook('spawn_solo', 'cmake_prefix_path')
[2.521s] INFO:colcon.colcon_core.shell:Creating environment hook '/home/user/ros2_ws/install/spawn_solo/share/spawn_solo/hook/cmake_prefix_path.ps1'
[2.522s] INFO:colcon.colcon_core.shell:Creating environment descriptor '/home/user/ros2_ws/install/spawn_solo/share/spawn_solo/hook/cmake_prefix_path.dsv'
[2.523s] DEBUG:colcon.colcon_core.event_handler.log_command:Invoked command in '/home/user/ros2_ws/build/spawn_solo' returned '0': CMAKE_PREFIX_PATH=${CMAKE_PREFIX_PATH}:/home/user/ros2_ws/install/joint_trajectory_publisher:/home/user/ros2_ws/install/joint_trajectory_demo _=/usr/bin/env /usr/bin/cmake --install /home/user/ros2_ws/build/spawn_solo
[2.523s] INFO:colcon.colcon_core.shell:Creating environment hook '/home/user/ros2_ws/install/spawn_solo/share/spawn_solo/hook/cmake_prefix_path.sh'
[2.524s] Level 1:colcon.colcon_core.environment:checking '/home/user/ros2_ws/install/spawn_solo/lib'
[2.524s] Level 1:colcon.colcon_core.environment:checking '/home/user/ros2_ws/install/spawn_solo/bin'
[2.524s] Level 1:colcon.colcon_core.environment:checking '/home/user/ros2_ws/install/spawn_solo/lib/pkgconfig/spawn_solo.pc'
[2.525s] Level 1:colcon.colcon_core.environment:checking '/home/user/ros2_ws/install/spawn_solo/lib/python3.12/site-packages'
[2.525s] Level 1:colcon.colcon_core.environment:checking '/home/user/ros2_ws/install/spawn_solo/bin'
[2.526s] INFO:colcon.colcon_core.shell:Creating package script '/home/user/ros2_ws/install/spawn_solo/share/spawn_solo/package.ps1'
[2.538s] INFO:colcon.colcon_core.shell:Creating package descriptor '/home/user/ros2_ws/install/spawn_solo/share/spawn_solo/package.dsv'
[2.539s] INFO:colcon.colcon_core.shell:Creating package script '/home/user/ros2_ws/install/spawn_solo/share/spawn_solo/package.sh'
[2.540s] INFO:colcon.colcon_core.shell:Creating package script '/home/user/ros2_ws/install/spawn_solo/share/spawn_solo/package.bash'
[2.540s] INFO:colcon.colcon_core.shell:Creating package script '/home/user/ros2_ws/install/spawn_solo/share/spawn_solo/package.zsh'
[2.541s] Level 1:colcon.colcon_core.environment:create_file_with_runtime_dependencies(/home/user/ros2_ws/install/spawn_solo/share/colcon-core/packages/spawn_solo)
[2.541s] Level 1:colcon.colcon_core.environment:create_environment_scripts_only(spawn_solo)
[2.542s] Level 1:colcon.colcon_core.environment:checking '/home/user/ros2_ws/install/spawn_solo' for CMake module files
[2.542s] Level 1:colcon.colcon_core.environment:checking '/home/user/ros2_ws/install/spawn_solo' for CMake config files
[2.543s] Level 1:colcon.colcon_core.shell:create_environment_hook('spawn_solo', 'cmake_prefix_path')
[2.543s] INFO:colcon.colcon_core.shell:Creating environment hook '/home/user/ros2_ws/install/spawn_solo/share/spawn_solo/hook/cmake_prefix_path.ps1'
[2.544s] INFO:colcon.colcon_core.shell:Creating environment descriptor '/home/user/ros2_ws/install/spawn_solo/share/spawn_solo/hook/cmake_prefix_path.dsv'
[2.544s] INFO:colcon.colcon_core.shell:Creating environment hook '/home/user/ros2_ws/install/spawn_solo/share/spawn_solo/hook/cmake_prefix_path.sh'
[2.545s] Level 1:colcon.colcon_core.environment:checking '/home/user/ros2_ws/install/spawn_solo/lib'
[2.545s] Level 1:colcon.colcon_core.environment:checking '/home/user/ros2_ws/install/spawn_solo/bin'
[2.545s] Level 1:colcon.colcon_core.environment:checking '/home/user/ros2_ws/install/spawn_solo/lib/pkgconfig/spawn_solo.pc'
[2.545s] Level 1:colcon.colcon_core.environment:checking '/home/user/ros2_ws/install/spawn_solo/lib/python3.12/site-packages'
[2.546s] Level 1:colcon.colcon_core.environment:checking '/home/user/ros2_ws/install/spawn_solo/bin'
[2.546s] INFO:colcon.colcon_core.shell:Creating package script '/home/user/ros2_ws/install/spawn_solo/share/spawn_solo/package.ps1'
[2.547s] INFO:colcon.colcon_core.shell:Creating package descriptor '/home/user/ros2_ws/install/spawn_solo/share/spawn_solo/package.dsv'
[2.547s] INFO:colcon.colcon_core.shell:Creating package script '/home/user/ros2_ws/install/spawn_solo/share/spawn_solo/package.sh'
[2.548s] INFO:colcon.colcon_core.shell:Creating package script '/home/user/ros2_ws/install/spawn_solo/share/spawn_solo/package.bash'
[2.549s] INFO:colcon.colcon_core.shell:Creating package script '/home/user/ros2_ws/install/spawn_solo/share/spawn_solo/package.zsh'
[2.549s] Level 1:colcon.colcon_core.environment:create_file_with_runtime_dependencies(/home/user/ros2_ws/install/spawn_solo/share/colcon-core/packages/spawn_solo)
[2.552s] DEBUG:colcon.colcon_core.event_handler.log_command:Invoked command in '/home/user/ros2_ws/build/dynamixel_sdk_examples' returned '0': CMAKE_PREFIX_PATH=/home/user/ros2_ws/install/dynamixel_sdk_custom_interfaces:/home/user/ros2_ws/install/dynamixel_sdk:/home/user/ros2_ws/install/spawn_solo:/home/user/ros2_ws/install/spawn_robot:/home/user/ros2_ws/install/solo_description:/home/user/ros2_ws/install/rrbot_unit5:/home/user/ros2_ws/install/rrbot_unit4:/home/user/ros2_ws/install/rrbot_unit3:/home/user/ros2_ws/install/rrbot_unit2:/home/user/ros2_ws/install/rrbot_controller:/home/user/ros2_ws/install/my_robot_hardware_interface:/home/user/ros2_ws/install/my_robot_bringup:/home/user/ros2_ws/install/my_quadruped_bringup:/home/user/ros2_ws/install/dynamixel_workbench:/home/user/ros2_ws/install/dynamixel_hardware_interface:/home/user/ros2_ws/install/dynamixel_workbench_toolbox:/home/user/ros2_ws/install/dynamixel_sdk_examples:/home/user/ros2_ws/install/diffbot_sim:/home/user/ros2_ws/install/diffbot_description:/home/simulations/ros2_sims_ws/install/unit6_simulation:/home/simulations/ros2_sims_ws/install/rrbot_sim:/home/simulations/ros2_sims_ws/install/rmw_cyclonedds_cpp:/home/simulations/ros2_sims_ws/install/cyclonedds:/opt/ros/jazzy/opt/gz_sim_vendor:/opt/ros/jazzy/opt/gz_sensors_vendor:/opt/ros/jazzy/opt/gz_physics_vendor:/opt/ros/jazzy/opt/sdformat_vendor:/opt/ros/jazzy/opt/gz_gui_vendor:/opt/ros/jazzy/opt/gz_transport_vendor:/opt/ros/jazzy/opt/gz_rendering_vendor:/opt/ros/jazzy/opt/gz_plugin_vendor:/opt/ros/jazzy/opt/gz_fuel_tools_vendor:/opt/ros/jazzy/opt/gz_msgs_vendor:/opt/ros/jazzy/opt/gz_common_vendor:/opt/ros/jazzy/opt/gz_math_vendor:/opt/ros/jazzy/opt/gz_utils_vendor:/opt/ros/jazzy/opt/gz_tools_vendor:/opt/ros/jazzy/opt/gz_ogre_next_vendor:/opt/ros/jazzy/opt/gz_dartsim_vendor:/opt/ros/jazzy/opt/gz_cmake_vendor:/opt/ros/jazzy:/opt/ros/jazzy:/home/user/ros2_ws/install/joint_trajectory_publisher:/home/user/ros2_ws/install/joint_trajectory_demo LD_LIBRARY_PATH=/home/user/ros2_ws/install/dynamixel_sdk_custom_interfaces/lib:/home/user/ros2_ws/install/dynamixel_sdk/lib:/home/user/ros2_ws/install/rrbot_controller/lib:/home/user/ros2_ws/install/my_robot_hardware_interface/lib:/home/user/ros2_ws/install/dynamixel_hardware_interface/lib:/home/user/ros2_ws/install/dynamixel_workbench_toolbox/lib:/home/simulations/ros2_sims_ws/install/rmw_cyclonedds_cpp/lib:/home/simulations/ros2_sims_ws/install/cyclonedds/lib:/home/user/catkin_ws/devel/lib:/home/simulations/public_sim_ws/devel/lib:/opt/ros/jazzy/lib:/opt/ros/jazzy/lib/x86_64-linux-gnu:/usr/local/cuda-10.2/lib64:/home/user/.catkin_ws_python3/src/TensorRT-7.0.0.11/lib:/home/user/catkin_ws/devel/lib:/home/simulations/public_sim_ws/devel/lib:/opt/ros/jazzy/lib:/opt/ros/jazzy/lib/x86_64-linux-gnu:/opt/ros/jazzy/opt/gz_sim_vendor/lib:/opt/ros/jazzy/opt/gz_sensors_vendor/lib:/opt/ros/jazzy/opt/gz_physics_vendor/lib:/opt/ros/jazzy/opt/sdformat_vendor/lib:/opt/ros/jazzy/opt/rviz_ogre_vendor/lib:/opt/ros/jazzy/lib/x86_64-linux-gnu:/opt/ros/jazzy/opt/gz_gui_vendor/lib:/opt/ros/jazzy/opt/gz_transport_vendor/lib:/opt/ros/jazzy/opt/gz_rendering_vendor/lib:/opt/ros/jazzy/opt/gz_plugin_vendor/lib:/opt/ros/jazzy/opt/gz_fuel_tools_vendor/lib:/opt/ros/jazzy/opt/gz_msgs_vendor/lib:/opt/ros/jazzy/opt/gz_common_vendor/lib:/opt/ros/jazzy/opt/gz_math_vendor/lib:/opt/ros/jazzy/opt/gz_utils_vendor/lib:/opt/ros/jazzy/opt/gz_tools_vendor/lib:/opt/ros/jazzy/opt/gz_ogre_next_vendor/lib:/opt/ros/jazzy/opt/gz_dartsim_vendor/lib:/opt/ros/jazzy/opt/gz_cmake_vendor/lib:/opt/ros/jazzy/lib:/usr/local/cuda-10.2/lib64:/home/user/.catkin_ws_python3/src/TensorRT-7.0.0.11/lib PYTHONPATH=/home/user/ros2_ws/install/dynamixel_sdk_custom_interfaces/lib/python3.12/site-packages:/home/user/ros2_ws/install/joint_trajectory_publisher/lib/python3.12/site-packages:/home/user/ros2_ws/install/joint_trajectory_demo/lib/python3.12/site-packages:/opt/ros/jazzy/lib/python3.12/site-packages:/home/simulations/public_sim_ws/src/all/ros_basics_examples/python_course_class:/home/simulations/public_sim_ws/src/ros_basics_examples/python_course_class:/home/simulations/public_sim_ws/src/all/kinematics_course_utils/kinematics _=/usr/bin/env /usr/bin/cmake --build /home/user/ros2_ws/build/dynamixel_sdk_examples -- -j8 -l8
[2.562s] DEBUG:colcon.colcon_core.event_handler.log_command:Invoking command in '/home/user/ros2_ws/build/dynamixel_sdk_examples': CMAKE_PREFIX_PATH=/home/user/ros2_ws/install/dynamixel_sdk_custom_interfaces:/home/user/ros2_ws/install/dynamixel_sdk:/home/user/ros2_ws/install/spawn_solo:/home/user/ros2_ws/install/spawn_robot:/home/user/ros2_ws/install/solo_description:/home/user/ros2_ws/install/rrbot_unit5:/home/user/ros2_ws/install/rrbot_unit4:/home/user/ros2_ws/install/rrbot_unit3:/home/user/ros2_ws/install/rrbot_unit2:/home/user/ros2_ws/install/rrbot_controller:/home/user/ros2_ws/install/my_robot_hardware_interface:/home/user/ros2_ws/install/my_robot_bringup:/home/user/ros2_ws/install/my_quadruped_bringup:/home/user/ros2_ws/install/dynamixel_workbench:/home/user/ros2_ws/install/dynamixel_hardware_interface:/home/user/ros2_ws/install/dynamixel_workbench_toolbox:/home/user/ros2_ws/install/dynamixel_sdk_examples:/home/user/ros2_ws/install/diffbot_sim:/home/user/ros2_ws/install/diffbot_description:/home/simulations/ros2_sims_ws/install/unit6_simulation:/home/simulations/ros2_sims_ws/install/rrbot_sim:/home/simulations/ros2_sims_ws/install/rmw_cyclonedds_cpp:/home/simulations/ros2_sims_ws/install/cyclonedds:/opt/ros/jazzy/opt/gz_sim_vendor:/opt/ros/jazzy/opt/gz_sensors_vendor:/opt/ros/jazzy/opt/gz_physics_vendor:/opt/ros/jazzy/opt/sdformat_vendor:/opt/ros/jazzy/opt/gz_gui_vendor:/opt/ros/jazzy/opt/gz_transport_vendor:/opt/ros/jazzy/opt/gz_rendering_vendor:/opt/ros/jazzy/opt/gz_plugin_vendor:/opt/ros/jazzy/opt/gz_fuel_tools_vendor:/opt/ros/jazzy/opt/gz_msgs_vendor:/opt/ros/jazzy/opt/gz_common_vendor:/opt/ros/jazzy/opt/gz_math_vendor:/opt/ros/jazzy/opt/gz_utils_vendor:/opt/ros/jazzy/opt/gz_tools_vendor:/opt/ros/jazzy/opt/gz_ogre_next_vendor:/opt/ros/jazzy/opt/gz_dartsim_vendor:/opt/ros/jazzy/opt/gz_cmake_vendor:/opt/ros/jazzy:/opt/ros/jazzy:/home/user/ros2_ws/install/joint_trajectory_publisher:/home/user/ros2_ws/install/joint_trajectory_demo LD_LIBRARY_PATH=/home/user/ros2_ws/install/dynamixel_sdk_custom_interfaces/lib:/home/user/ros2_ws/install/dynamixel_sdk/lib:/home/user/ros2_ws/install/rrbot_controller/lib:/home/user/ros2_ws/install/my_robot_hardware_interface/lib:/home/user/ros2_ws/install/dynamixel_hardware_interface/lib:/home/user/ros2_ws/install/dynamixel_workbench_toolbox/lib:/home/simulations/ros2_sims_ws/install/rmw_cyclonedds_cpp/lib:/home/simulations/ros2_sims_ws/install/cyclonedds/lib:/home/user/catkin_ws/devel/lib:/home/simulations/public_sim_ws/devel/lib:/opt/ros/jazzy/lib:/opt/ros/jazzy/lib/x86_64-linux-gnu:/usr/local/cuda-10.2/lib64:/home/user/.catkin_ws_python3/src/TensorRT-7.0.0.11/lib:/home/user/catkin_ws/devel/lib:/home/simulations/public_sim_ws/devel/lib:/opt/ros/jazzy/lib:/opt/ros/jazzy/lib/x86_64-linux-gnu:/opt/ros/jazzy/opt/gz_sim_vendor/lib:/opt/ros/jazzy/opt/gz_sensors_vendor/lib:/opt/ros/jazzy/opt/gz_physics_vendor/lib:/opt/ros/jazzy/opt/sdformat_vendor/lib:/opt/ros/jazzy/opt/rviz_ogre_vendor/lib:/opt/ros/jazzy/lib/x86_64-linux-gnu:/opt/ros/jazzy/opt/gz_gui_vendor/lib:/opt/ros/jazzy/opt/gz_transport_vendor/lib:/opt/ros/jazzy/opt/gz_rendering_vendor/lib:/opt/ros/jazzy/opt/gz_plugin_vendor/lib:/opt/ros/jazzy/opt/gz_fuel_tools_vendor/lib:/opt/ros/jazzy/opt/gz_msgs_vendor/lib:/opt/ros/jazzy/opt/gz_common_vendor/lib:/opt/ros/jazzy/opt/gz_math_vendor/lib:/opt/ros/jazzy/opt/gz_utils_vendor/lib:/opt/ros/jazzy/opt/gz_tools_vendor/lib:/opt/ros/jazzy/opt/gz_ogre_next_vendor/lib:/opt/ros/jazzy/opt/gz_dartsim_vendor/lib:/opt/ros/jazzy/opt/gz_cmake_vendor/lib:/opt/ros/jazzy/lib:/usr/local/cuda-10.2/lib64:/home/user/.catkin_ws_python3/src/TensorRT-7.0.0.11/lib PYTHONPATH=/home/user/ros2_ws/install/dynamixel_sdk_custom_interfaces/lib/python3.12/site-packages:/home/user/ros2_ws/install/joint_trajectory_publisher/lib/python3.12/site-packages:/home/user/ros2_ws/install/joint_trajectory_demo/lib/python3.12/site-packages:/opt/ros/jazzy/lib/python3.12/site-packages:/home/simulations/public_sim_ws/src/all/ros_basics_examples/python_course_class:/home/simulations/public_sim_ws/src/ros_basics_examples/python_course_class:/home/simulations/public_sim_ws/src/all/kinematics_course_utils/kinematics _=/usr/bin/env /usr/bin/cmake --install /home/user/ros2_ws/build/dynamixel_sdk_examples
[2.577s] DEBUG:colcon.colcon_core.event_handler.log_command:Invoked command in '/home/user/ros2_ws/build/dynamixel_hardware_interface' returned '0': CMAKE_PREFIX_PATH=/home/user/ros2_ws/install/dynamixel_workbench_toolbox:/home/user/ros2_ws/install/dynamixel_sdk:/home/user/ros2_ws/install/spawn_solo:/home/user/ros2_ws/install/spawn_robot:/home/user/ros2_ws/install/solo_description:/home/user/ros2_ws/install/rrbot_unit5:/home/user/ros2_ws/install/rrbot_unit4:/home/user/ros2_ws/install/rrbot_unit3:/home/user/ros2_ws/install/rrbot_unit2:/home/user/ros2_ws/install/rrbot_controller:/home/user/ros2_ws/install/my_robot_hardware_interface:/home/user/ros2_ws/install/my_robot_bringup:/home/user/ros2_ws/install/my_quadruped_bringup:/home/user/ros2_ws/install/dynamixel_workbench:/home/user/ros2_ws/install/dynamixel_hardware_interface:/home/user/ros2_ws/install/dynamixel_sdk_examples:/home/user/ros2_ws/install/dynamixel_sdk_custom_interfaces:/home/user/ros2_ws/install/diffbot_sim:/home/user/ros2_ws/install/diffbot_description:/home/simulations/ros2_sims_ws/install/unit6_simulation:/home/simulations/ros2_sims_ws/install/rrbot_sim:/home/simulations/ros2_sims_ws/install/rmw_cyclonedds_cpp:/home/simulations/ros2_sims_ws/install/cyclonedds:/opt/ros/jazzy/opt/gz_sim_vendor:/opt/ros/jazzy/opt/gz_sensors_vendor:/opt/ros/jazzy/opt/gz_physics_vendor:/opt/ros/jazzy/opt/sdformat_vendor:/opt/ros/jazzy/opt/gz_gui_vendor:/opt/ros/jazzy/opt/gz_transport_vendor:/opt/ros/jazzy/opt/gz_rendering_vendor:/opt/ros/jazzy/opt/gz_plugin_vendor:/opt/ros/jazzy/opt/gz_fuel_tools_vendor:/opt/ros/jazzy/opt/gz_msgs_vendor:/opt/ros/jazzy/opt/gz_common_vendor:/opt/ros/jazzy/opt/gz_math_vendor:/opt/ros/jazzy/opt/gz_utils_vendor:/opt/ros/jazzy/opt/gz_tools_vendor:/opt/ros/jazzy/opt/gz_ogre_next_vendor:/opt/ros/jazzy/opt/gz_dartsim_vendor:/opt/ros/jazzy/opt/gz_cmake_vendor:/opt/ros/jazzy:/opt/ros/jazzy:/home/user/ros2_ws/install/joint_trajectory_publisher:/home/user/ros2_ws/install/joint_trajectory_demo LD_LIBRARY_PATH=/home/user/ros2_ws/install/dynamixel_workbench_toolbox/lib:/home/user/ros2_ws/install/dynamixel_sdk/lib:/home/user/ros2_ws/install/rrbot_controller/lib:/home/user/ros2_ws/install/my_robot_hardware_interface/lib:/home/user/ros2_ws/install/dynamixel_hardware_interface/lib:/home/user/ros2_ws/install/dynamixel_sdk_custom_interfaces/lib:/home/simulations/ros2_sims_ws/install/rmw_cyclonedds_cpp/lib:/home/simulations/ros2_sims_ws/install/cyclonedds/lib:/home/user/catkin_ws/devel/lib:/home/simulations/public_sim_ws/devel/lib:/opt/ros/jazzy/lib:/opt/ros/jazzy/lib/x86_64-linux-gnu:/usr/local/cuda-10.2/lib64:/home/user/.catkin_ws_python3/src/TensorRT-7.0.0.11/lib:/home/user/catkin_ws/devel/lib:/home/simulations/public_sim_ws/devel/lib:/opt/ros/jazzy/lib:/opt/ros/jazzy/lib/x86_64-linux-gnu:/opt/ros/jazzy/opt/gz_sim_vendor/lib:/opt/ros/jazzy/opt/gz_sensors_vendor/lib:/opt/ros/jazzy/opt/gz_physics_vendor/lib:/opt/ros/jazzy/opt/sdformat_vendor/lib:/opt/ros/jazzy/opt/rviz_ogre_vendor/lib:/opt/ros/jazzy/lib/x86_64-linux-gnu:/opt/ros/jazzy/opt/gz_gui_vendor/lib:/opt/ros/jazzy/opt/gz_transport_vendor/lib:/opt/ros/jazzy/opt/gz_rendering_vendor/lib:/opt/ros/jazzy/opt/gz_plugin_vendor/lib:/opt/ros/jazzy/opt/gz_fuel_tools_vendor/lib:/opt/ros/jazzy/opt/gz_msgs_vendor/lib:/opt/ros/jazzy/opt/gz_common_vendor/lib:/opt/ros/jazzy/opt/gz_math_vendor/lib:/opt/ros/jazzy/opt/gz_utils_vendor/lib:/opt/ros/jazzy/opt/gz_tools_vendor/lib:/opt/ros/jazzy/opt/gz_ogre_next_vendor/lib:/opt/ros/jazzy/opt/gz_dartsim_vendor/lib:/opt/ros/jazzy/opt/gz_cmake_vendor/lib:/opt/ros/jazzy/lib:/usr/local/cuda-10.2/lib64:/home/user/.catkin_ws_python3/src/TensorRT-7.0.0.11/lib _=/usr/bin/env /usr/bin/cmake --build /home/user/ros2_ws/build/dynamixel_hardware_interface -- -j8 -l8
[2.577s] DEBUG:colcon.colcon_core.event_handler.log_command:Invoking command in '/home/user/ros2_ws/build/dynamixel_hardware_interface': CMAKE_PREFIX_PATH=/home/user/ros2_ws/install/dynamixel_workbench_toolbox:/home/user/ros2_ws/install/dynamixel_sdk:/home/user/ros2_ws/install/spawn_solo:/home/user/ros2_ws/install/spawn_robot:/home/user/ros2_ws/install/solo_description:/home/user/ros2_ws/install/rrbot_unit5:/home/user/ros2_ws/install/rrbot_unit4:/home/user/ros2_ws/install/rrbot_unit3:/home/user/ros2_ws/install/rrbot_unit2:/home/user/ros2_ws/install/rrbot_controller:/home/user/ros2_ws/install/my_robot_hardware_interface:/home/user/ros2_ws/install/my_robot_bringup:/home/user/ros2_ws/install/my_quadruped_bringup:/home/user/ros2_ws/install/dynamixel_workbench:/home/user/ros2_ws/install/dynamixel_hardware_interface:/home/user/ros2_ws/install/dynamixel_sdk_examples:/home/user/ros2_ws/install/dynamixel_sdk_custom_interfaces:/home/user/ros2_ws/install/diffbot_sim:/home/user/ros2_ws/install/diffbot_description:/home/simulations/ros2_sims_ws/install/unit6_simulation:/home/simulations/ros2_sims_ws/install/rrbot_sim:/home/simulations/ros2_sims_ws/install/rmw_cyclonedds_cpp:/home/simulations/ros2_sims_ws/install/cyclonedds:/opt/ros/jazzy/opt/gz_sim_vendor:/opt/ros/jazzy/opt/gz_sensors_vendor:/opt/ros/jazzy/opt/gz_physics_vendor:/opt/ros/jazzy/opt/sdformat_vendor:/opt/ros/jazzy/opt/gz_gui_vendor:/opt/ros/jazzy/opt/gz_transport_vendor:/opt/ros/jazzy/opt/gz_rendering_vendor:/opt/ros/jazzy/opt/gz_plugin_vendor:/opt/ros/jazzy/opt/gz_fuel_tools_vendor:/opt/ros/jazzy/opt/gz_msgs_vendor:/opt/ros/jazzy/opt/gz_common_vendor:/opt/ros/jazzy/opt/gz_math_vendor:/opt/ros/jazzy/opt/gz_utils_vendor:/opt/ros/jazzy/opt/gz_tools_vendor:/opt/ros/jazzy/opt/gz_ogre_next_vendor:/opt/ros/jazzy/opt/gz_dartsim_vendor:/opt/ros/jazzy/opt/gz_cmake_vendor:/opt/ros/jazzy:/opt/ros/jazzy:/home/user/ros2_ws/install/joint_trajectory_publisher:/home/user/ros2_ws/install/joint_trajectory_demo LD_LIBRARY_PATH=/home/user/ros2_ws/install/dynamixel_workbench_toolbox/lib:/home/user/ros2_ws/install/dynamixel_sdk/lib:/home/user/ros2_ws/install/rrbot_controller/lib:/home/user/ros2_ws/install/my_robot_hardware_interface/lib:/home/user/ros2_ws/install/dynamixel_hardware_interface/lib:/home/user/ros2_ws/install/dynamixel_sdk_custom_interfaces/lib:/home/simulations/ros2_sims_ws/install/rmw_cyclonedds_cpp/lib:/home/simulations/ros2_sims_ws/install/cyclonedds/lib:/home/user/catkin_ws/devel/lib:/home/simulations/public_sim_ws/devel/lib:/opt/ros/jazzy/lib:/opt/ros/jazzy/lib/x86_64-linux-gnu:/usr/local/cuda-10.2/lib64:/home/user/.catkin_ws_python3/src/TensorRT-7.0.0.11/lib:/home/user/catkin_ws/devel/lib:/home/simulations/public_sim_ws/devel/lib:/opt/ros/jazzy/lib:/opt/ros/jazzy/lib/x86_64-linux-gnu:/opt/ros/jazzy/opt/gz_sim_vendor/lib:/opt/ros/jazzy/opt/gz_sensors_vendor/lib:/opt/ros/jazzy/opt/gz_physics_vendor/lib:/opt/ros/jazzy/opt/sdformat_vendor/lib:/opt/ros/jazzy/opt/rviz_ogre_vendor/lib:/opt/ros/jazzy/lib/x86_64-linux-gnu:/opt/ros/jazzy/opt/gz_gui_vendor/lib:/opt/ros/jazzy/opt/gz_transport_vendor/lib:/opt/ros/jazzy/opt/gz_rendering_vendor/lib:/opt/ros/jazzy/opt/gz_plugin_vendor/lib:/opt/ros/jazzy/opt/gz_fuel_tools_vendor/lib:/opt/ros/jazzy/opt/gz_msgs_vendor/lib:/opt/ros/jazzy/opt/gz_common_vendor/lib:/opt/ros/jazzy/opt/gz_math_vendor/lib:/opt/ros/jazzy/opt/gz_utils_vendor/lib:/opt/ros/jazzy/opt/gz_tools_vendor/lib:/opt/ros/jazzy/opt/gz_ogre_next_vendor/lib:/opt/ros/jazzy/opt/gz_dartsim_vendor/lib:/opt/ros/jazzy/opt/gz_cmake_vendor/lib:/opt/ros/jazzy/lib:/usr/local/cuda-10.2/lib64:/home/user/.catkin_ws_python3/src/TensorRT-7.0.0.11/lib _=/usr/bin/env /usr/bin/cmake --install /home/user/ros2_ws/build/dynamixel_hardware_interface
[2.595s] DEBUG:colcon.colcon_core.event_handler.log_command:Invoked command in '/home/user/ros2_ws/build/dynamixel_workbench' returned '0': CMAKE_PREFIX_PATH=/home/user/ros2_ws/install/dynamixel_workbench_toolbox:/home/user/ros2_ws/install/dynamixel_sdk:/home/user/ros2_ws/install/spawn_solo:/home/user/ros2_ws/install/spawn_robot:/home/user/ros2_ws/install/solo_description:/home/user/ros2_ws/install/rrbot_unit5:/home/user/ros2_ws/install/rrbot_unit4:/home/user/ros2_ws/install/rrbot_unit3:/home/user/ros2_ws/install/rrbot_unit2:/home/user/ros2_ws/install/rrbot_controller:/home/user/ros2_ws/install/my_robot_hardware_interface:/home/user/ros2_ws/install/my_robot_bringup:/home/user/ros2_ws/install/my_quadruped_bringup:/home/user/ros2_ws/install/dynamixel_workbench:/home/user/ros2_ws/install/dynamixel_hardware_interface:/home/user/ros2_ws/install/dynamixel_sdk_examples:/home/user/ros2_ws/install/dynamixel_sdk_custom_interfaces:/home/user/ros2_ws/install/diffbot_sim:/home/user/ros2_ws/install/diffbot_description:/home/simulations/ros2_sims_ws/install/unit6_simulation:/home/simulations/ros2_sims_ws/install/rrbot_sim:/home/simulations/ros2_sims_ws/install/rmw_cyclonedds_cpp:/home/simulations/ros2_sims_ws/install/cyclonedds:/opt/ros/jazzy/opt/gz_sim_vendor:/opt/ros/jazzy/opt/gz_sensors_vendor:/opt/ros/jazzy/opt/gz_physics_vendor:/opt/ros/jazzy/opt/sdformat_vendor:/opt/ros/jazzy/opt/gz_gui_vendor:/opt/ros/jazzy/opt/gz_transport_vendor:/opt/ros/jazzy/opt/gz_rendering_vendor:/opt/ros/jazzy/opt/gz_plugin_vendor:/opt/ros/jazzy/opt/gz_fuel_tools_vendor:/opt/ros/jazzy/opt/gz_msgs_vendor:/opt/ros/jazzy/opt/gz_common_vendor:/opt/ros/jazzy/opt/gz_math_vendor:/opt/ros/jazzy/opt/gz_utils_vendor:/opt/ros/jazzy/opt/gz_tools_vendor:/opt/ros/jazzy/opt/gz_ogre_next_vendor:/opt/ros/jazzy/opt/gz_dartsim_vendor:/opt/ros/jazzy/opt/gz_cmake_vendor:/opt/ros/jazzy:/opt/ros/jazzy:/home/user/ros2_ws/install/joint_trajectory_publisher:/home/user/ros2_ws/install/joint_trajectory_demo LD_LIBRARY_PATH=/home/user/ros2_ws/install/dynamixel_workbench_toolbox/lib:/home/user/ros2_ws/install/dynamixel_sdk/lib:/home/user/ros2_ws/install/rrbot_controller/lib:/home/user/ros2_ws/install/my_robot_hardware_interface/lib:/home/user/ros2_ws/install/dynamixel_hardware_interface/lib:/home/user/ros2_ws/install/dynamixel_sdk_custom_interfaces/lib:/home/simulations/ros2_sims_ws/install/rmw_cyclonedds_cpp/lib:/home/simulations/ros2_sims_ws/install/cyclonedds/lib:/home/user/catkin_ws/devel/lib:/home/simulations/public_sim_ws/devel/lib:/opt/ros/jazzy/lib:/opt/ros/jazzy/lib/x86_64-linux-gnu:/usr/local/cuda-10.2/lib64:/home/user/.catkin_ws_python3/src/TensorRT-7.0.0.11/lib:/home/user/catkin_ws/devel/lib:/home/simulations/public_sim_ws/devel/lib:/opt/ros/jazzy/lib:/opt/ros/jazzy/lib/x86_64-linux-gnu:/opt/ros/jazzy/opt/gz_sim_vendor/lib:/opt/ros/jazzy/opt/gz_sensors_vendor/lib:/opt/ros/jazzy/opt/gz_physics_vendor/lib:/opt/ros/jazzy/opt/sdformat_vendor/lib:/opt/ros/jazzy/opt/rviz_ogre_vendor/lib:/opt/ros/jazzy/lib/x86_64-linux-gnu:/opt/ros/jazzy/opt/gz_gui_vendor/lib:/opt/ros/jazzy/opt/gz_transport_vendor/lib:/opt/ros/jazzy/opt/gz_rendering_vendor/lib:/opt/ros/jazzy/opt/gz_plugin_vendor/lib:/opt/ros/jazzy/opt/gz_fuel_tools_vendor/lib:/opt/ros/jazzy/opt/gz_msgs_vendor/lib:/opt/ros/jazzy/opt/gz_common_vendor/lib:/opt/ros/jazzy/opt/gz_math_vendor/lib:/opt/ros/jazzy/opt/gz_utils_vendor/lib:/opt/ros/jazzy/opt/gz_tools_vendor/lib:/opt/ros/jazzy/opt/gz_ogre_next_vendor/lib:/opt/ros/jazzy/opt/gz_dartsim_vendor/lib:/opt/ros/jazzy/opt/gz_cmake_vendor/lib:/opt/ros/jazzy/lib:/usr/local/cuda-10.2/lib64:/home/user/.catkin_ws_python3/src/TensorRT-7.0.0.11/lib _=/usr/bin/env /usr/bin/cmake --build /home/user/ros2_ws/build/dynamixel_workbench -- -j8 -l8
[2.596s] DEBUG:colcon.colcon_core.event_handler.log_command:Invoking command in '/home/user/ros2_ws/build/dynamixel_workbench': CMAKE_PREFIX_PATH=/home/user/ros2_ws/install/dynamixel_workbench_toolbox:/home/user/ros2_ws/install/dynamixel_sdk:/home/user/ros2_ws/install/spawn_solo:/home/user/ros2_ws/install/spawn_robot:/home/user/ros2_ws/install/solo_description:/home/user/ros2_ws/install/rrbot_unit5:/home/user/ros2_ws/install/rrbot_unit4:/home/user/ros2_ws/install/rrbot_unit3:/home/user/ros2_ws/install/rrbot_unit2:/home/user/ros2_ws/install/rrbot_controller:/home/user/ros2_ws/install/my_robot_hardware_interface:/home/user/ros2_ws/install/my_robot_bringup:/home/user/ros2_ws/install/my_quadruped_bringup:/home/user/ros2_ws/install/dynamixel_workbench:/home/user/ros2_ws/install/dynamixel_hardware_interface:/home/user/ros2_ws/install/dynamixel_sdk_examples:/home/user/ros2_ws/install/dynamixel_sdk_custom_interfaces:/home/user/ros2_ws/install/diffbot_sim:/home/user/ros2_ws/install/diffbot_description:/home/simulations/ros2_sims_ws/install/unit6_simulation:/home/simulations/ros2_sims_ws/install/rrbot_sim:/home/simulations/ros2_sims_ws/install/rmw_cyclonedds_cpp:/home/simulations/ros2_sims_ws/install/cyclonedds:/opt/ros/jazzy/opt/gz_sim_vendor:/opt/ros/jazzy/opt/gz_sensors_vendor:/opt/ros/jazzy/opt/gz_physics_vendor:/opt/ros/jazzy/opt/sdformat_vendor:/opt/ros/jazzy/opt/gz_gui_vendor:/opt/ros/jazzy/opt/gz_transport_vendor:/opt/ros/jazzy/opt/gz_rendering_vendor:/opt/ros/jazzy/opt/gz_plugin_vendor:/opt/ros/jazzy/opt/gz_fuel_tools_vendor:/opt/ros/jazzy/opt/gz_msgs_vendor:/opt/ros/jazzy/opt/gz_common_vendor:/opt/ros/jazzy/opt/gz_math_vendor:/opt/ros/jazzy/opt/gz_utils_vendor:/opt/ros/jazzy/opt/gz_tools_vendor:/opt/ros/jazzy/opt/gz_ogre_next_vendor:/opt/ros/jazzy/opt/gz_dartsim_vendor:/opt/ros/jazzy/opt/gz_cmake_vendor:/opt/ros/jazzy:/opt/ros/jazzy:/home/user/ros2_ws/install/joint_trajectory_publisher:/home/user/ros2_ws/install/joint_trajectory_demo LD_LIBRARY_PATH=/home/user/ros2_ws/install/dynamixel_workbench_toolbox/lib:/home/user/ros2_ws/install/dynamixel_sdk/lib:/home/user/ros2_ws/install/rrbot_controller/lib:/home/user/ros2_ws/install/my_robot_hardware_interface/lib:/home/user/ros2_ws/install/dynamixel_hardware_interface/lib:/home/user/ros2_ws/install/dynamixel_sdk_custom_interfaces/lib:/home/simulations/ros2_sims_ws/install/rmw_cyclonedds_cpp/lib:/home/simulations/ros2_sims_ws/install/cyclonedds/lib:/home/user/catkin_ws/devel/lib:/home/simulations/public_sim_ws/devel/lib:/opt/ros/jazzy/lib:/opt/ros/jazzy/lib/x86_64-linux-gnu:/usr/local/cuda-10.2/lib64:/home/user/.catkin_ws_python3/src/TensorRT-7.0.0.11/lib:/home/user/catkin_ws/devel/lib:/home/simulations/public_sim_ws/devel/lib:/opt/ros/jazzy/lib:/opt/ros/jazzy/lib/x86_64-linux-gnu:/opt/ros/jazzy/opt/gz_sim_vendor/lib:/opt/ros/jazzy/opt/gz_sensors_vendor/lib:/opt/ros/jazzy/opt/gz_physics_vendor/lib:/opt/ros/jazzy/opt/sdformat_vendor/lib:/opt/ros/jazzy/opt/rviz_ogre_vendor/lib:/opt/ros/jazzy/lib/x86_64-linux-gnu:/opt/ros/jazzy/opt/gz_gui_vendor/lib:/opt/ros/jazzy/opt/gz_transport_vendor/lib:/opt/ros/jazzy/opt/gz_rendering_vendor/lib:/opt/ros/jazzy/opt/gz_plugin_vendor/lib:/opt/ros/jazzy/opt/gz_fuel_tools_vendor/lib:/opt/ros/jazzy/opt/gz_msgs_vendor/lib:/opt/ros/jazzy/opt/gz_common_vendor/lib:/opt/ros/jazzy/opt/gz_math_vendor/lib:/opt/ros/jazzy/opt/gz_utils_vendor/lib:/opt/ros/jazzy/opt/gz_tools_vendor/lib:/opt/ros/jazzy/opt/gz_ogre_next_vendor/lib:/opt/ros/jazzy/opt/gz_dartsim_vendor/lib:/opt/ros/jazzy/opt/gz_cmake_vendor/lib:/opt/ros/jazzy/lib:/usr/local/cuda-10.2/lib64:/home/user/.catkin_ws_python3/src/TensorRT-7.0.0.11/lib _=/usr/bin/env /usr/bin/cmake --install /home/user/ros2_ws/build/dynamixel_workbench
[2.616s] Level 1:colcon.colcon_core.environment:create_environment_scripts_only(dynamixel_sdk_examples)
[2.617s] Level 1:colcon.colcon_core.environment:checking '/home/user/ros2_ws/install/dynamixel_sdk_examples' for CMake module files
[2.618s] Level 1:colcon.colcon_core.environment:checking '/home/user/ros2_ws/install/dynamixel_sdk_examples' for CMake config files
[2.619s] Level 1:colcon.colcon_core.shell:create_environment_hook('dynamixel_sdk_examples', 'cmake_prefix_path')
[2.619s] INFO:colcon.colcon_core.shell:Creating environment hook '/home/user/ros2_ws/install/dynamixel_sdk_examples/share/dynamixel_sdk_examples/hook/cmake_prefix_path.ps1'
[2.620s] INFO:colcon.colcon_core.shell:Creating environment descriptor '/home/user/ros2_ws/install/dynamixel_sdk_examples/share/dynamixel_sdk_examples/hook/cmake_prefix_path.dsv'
[2.621s] INFO:colcon.colcon_core.shell:Creating environment hook '/home/user/ros2_ws/install/dynamixel_sdk_examples/share/dynamixel_sdk_examples/hook/cmake_prefix_path.sh'
[2.622s] Level 1:colcon.colcon_core.environment:checking '/home/user/ros2_ws/install/dynamixel_sdk_examples/lib'
[2.622s] Level 1:colcon.colcon_core.environment:checking '/home/user/ros2_ws/install/dynamixel_sdk_examples/bin'
[2.622s] Level 1:colcon.colcon_core.environment:checking '/home/user/ros2_ws/install/dynamixel_sdk_examples/lib/pkgconfig/dynamixel_sdk_examples.pc'
[2.622s] Level 1:colcon.colcon_core.environment:checking '/home/user/ros2_ws/install/dynamixel_sdk_examples/lib/python3.12/site-packages'
[2.623s] Level 1:colcon.colcon_core.environment:checking '/home/user/ros2_ws/install/dynamixel_sdk_examples/bin'
[2.623s] INFO:colcon.colcon_core.shell:Creating package script '/home/user/ros2_ws/install/dynamixel_sdk_examples/share/dynamixel_sdk_examples/package.ps1'
[2.623s] INFO:colcon.colcon_core.shell:Creating package descriptor '/home/user/ros2_ws/install/dynamixel_sdk_examples/share/dynamixel_sdk_examples/package.dsv'
[2.624s] INFO:colcon.colcon_core.shell:Creating package script '/home/user/ros2_ws/install/dynamixel_sdk_examples/share/dynamixel_sdk_examples/package.sh'
[2.625s] INFO:colcon.colcon_core.shell:Creating package script '/home/user/ros2_ws/install/dynamixel_sdk_examples/share/dynamixel_sdk_examples/package.bash'
[2.625s] INFO:colcon.colcon_core.shell:Creating package script '/home/user/ros2_ws/install/dynamixel_sdk_examples/share/dynamixel_sdk_examples/package.zsh'
[2.652s] DEBUG:colcon.colcon_core.event_handler.log_command:Invoked command in '/home/user/ros2_ws/build/dynamixel_sdk_examples' returned '0': CMAKE_PREFIX_PATH=/home/user/ros2_ws/install/dynamixel_sdk_custom_interfaces:/home/user/ros2_ws/install/dynamixel_sdk:/home/user/ros2_ws/install/spawn_solo:/home/user/ros2_ws/install/spawn_robot:/home/user/ros2_ws/install/solo_description:/home/user/ros2_ws/install/rrbot_unit5:/home/user/ros2_ws/install/rrbot_unit4:/home/user/ros2_ws/install/rrbot_unit3:/home/user/ros2_ws/install/rrbot_unit2:/home/user/ros2_ws/install/rrbot_controller:/home/user/ros2_ws/install/my_robot_hardware_interface:/home/user/ros2_ws/install/my_robot_bringup:/home/user/ros2_ws/install/my_quadruped_bringup:/home/user/ros2_ws/install/dynamixel_workbench:/home/user/ros2_ws/install/dynamixel_hardware_interface:/home/user/ros2_ws/install/dynamixel_workbench_toolbox:/home/user/ros2_ws/install/dynamixel_sdk_examples:/home/user/ros2_ws/install/diffbot_sim:/home/user/ros2_ws/install/diffbot_description:/home/simulations/ros2_sims_ws/install/unit6_simulation:/home/simulations/ros2_sims_ws/install/rrbot_sim:/home/simulations/ros2_sims_ws/install/rmw_cyclonedds_cpp:/home/simulations/ros2_sims_ws/install/cyclonedds:/opt/ros/jazzy/opt/gz_sim_vendor:/opt/ros/jazzy/opt/gz_sensors_vendor:/opt/ros/jazzy/opt/gz_physics_vendor:/opt/ros/jazzy/opt/sdformat_vendor:/opt/ros/jazzy/opt/gz_gui_vendor:/opt/ros/jazzy/opt/gz_transport_vendor:/opt/ros/jazzy/opt/gz_rendering_vendor:/opt/ros/jazzy/opt/gz_plugin_vendor:/opt/ros/jazzy/opt/gz_fuel_tools_vendor:/opt/ros/jazzy/opt/gz_msgs_vendor:/opt/ros/jazzy/opt/gz_common_vendor:/opt/ros/jazzy/opt/gz_math_vendor:/opt/ros/jazzy/opt/gz_utils_vendor:/opt/ros/jazzy/opt/gz_tools_vendor:/opt/ros/jazzy/opt/gz_ogre_next_vendor:/opt/ros/jazzy/opt/gz_dartsim_vendor:/opt/ros/jazzy/opt/gz_cmake_vendor:/opt/ros/jazzy:/opt/ros/jazzy:/home/user/ros2_ws/install/joint_trajectory_publisher:/home/user/ros2_ws/install/joint_trajectory_demo LD_LIBRARY_PATH=/home/user/ros2_ws/install/dynamixel_sdk_custom_interfaces/lib:/home/user/ros2_ws/install/dynamixel_sdk/lib:/home/user/ros2_ws/install/rrbot_controller/lib:/home/user/ros2_ws/install/my_robot_hardware_interface/lib:/home/user/ros2_ws/install/dynamixel_hardware_interface/lib:/home/user/ros2_ws/install/dynamixel_workbench_toolbox/lib:/home/simulations/ros2_sims_ws/install/rmw_cyclonedds_cpp/lib:/home/simulations/ros2_sims_ws/install/cyclonedds/lib:/home/user/catkin_ws/devel/lib:/home/simulations/public_sim_ws/devel/lib:/opt/ros/jazzy/lib:/opt/ros/jazzy/lib/x86_64-linux-gnu:/usr/local/cuda-10.2/lib64:/home/user/.catkin_ws_python3/src/TensorRT-7.0.0.11/lib:/home/user/catkin_ws/devel/lib:/home/simulations/public_sim_ws/devel/lib:/opt/ros/jazzy/lib:/opt/ros/jazzy/lib/x86_64-linux-gnu:/opt/ros/jazzy/opt/gz_sim_vendor/lib:/opt/ros/jazzy/opt/gz_sensors_vendor/lib:/opt/ros/jazzy/opt/gz_physics_vendor/lib:/opt/ros/jazzy/opt/sdformat_vendor/lib:/opt/ros/jazzy/opt/rviz_ogre_vendor/lib:/opt/ros/jazzy/lib/x86_64-linux-gnu:/opt/ros/jazzy/opt/gz_gui_vendor/lib:/opt/ros/jazzy/opt/gz_transport_vendor/lib:/opt/ros/jazzy/opt/gz_rendering_vendor/lib:/opt/ros/jazzy/opt/gz_plugin_vendor/lib:/opt/ros/jazzy/opt/gz_fuel_tools_vendor/lib:/opt/ros/jazzy/opt/gz_msgs_vendor/lib:/opt/ros/jazzy/opt/gz_common_vendor/lib:/opt/ros/jazzy/opt/gz_math_vendor/lib:/opt/ros/jazzy/opt/gz_utils_vendor/lib:/opt/ros/jazzy/opt/gz_tools_vendor/lib:/opt/ros/jazzy/opt/gz_ogre_next_vendor/lib:/opt/ros/jazzy/opt/gz_dartsim_vendor/lib:/opt/ros/jazzy/opt/gz_cmake_vendor/lib:/opt/ros/jazzy/lib:/usr/local/cuda-10.2/lib64:/home/user/.catkin_ws_python3/src/TensorRT-7.0.0.11/lib PYTHONPATH=/home/user/ros2_ws/install/dynamixel_sdk_custom_interfaces/lib/python3.12/site-packages:/home/user/ros2_ws/install/joint_trajectory_publisher/lib/python3.12/site-packages:/home/user/ros2_ws/install/joint_trajectory_demo/lib/python3.12/site-packages:/opt/ros/jazzy/lib/python3.12/site-packages:/home/simulations/public_sim_ws/src/all/ros_basics_examples/python_course_class:/home/simulations/public_sim_ws/src/ros_basics_examples/python_course_class:/home/simulations/public_sim_ws/src/all/kinematics_course_utils/kinematics _=/usr/bin/env /usr/bin/cmake --install /home/user/ros2_ws/build/dynamixel_sdk_examples
[2.653s] Level 1:colcon.colcon_core.environment:create_file_with_runtime_dependencies(/home/user/ros2_ws/install/dynamixel_sdk_examples/share/colcon-core/packages/dynamixel_sdk_examples)
[2.654s] Level 1:colcon.colcon_core.environment:create_environment_scripts_only(dynamixel_sdk_examples)
[2.654s] Level 1:colcon.colcon_core.environment:checking '/home/user/ros2_ws/install/dynamixel_sdk_examples' for CMake module files
[2.658s] Level 1:colcon.colcon_core.environment:checking '/home/user/ros2_ws/install/dynamixel_sdk_examples' for CMake config files
[2.659s] Level 1:colcon.colcon_core.shell:create_environment_hook('dynamixel_sdk_examples', 'cmake_prefix_path')
[2.659s] INFO:colcon.colcon_core.shell:Creating environment hook '/home/user/ros2_ws/install/dynamixel_sdk_examples/share/dynamixel_sdk_examples/hook/cmake_prefix_path.ps1'
[2.660s] INFO:colcon.colcon_core.shell:Creating environment descriptor '/home/user/ros2_ws/install/dynamixel_sdk_examples/share/dynamixel_sdk_examples/hook/cmake_prefix_path.dsv'
[2.660s] INFO:colcon.colcon_core.shell:Creating environment hook '/home/user/ros2_ws/install/dynamixel_sdk_examples/share/dynamixel_sdk_examples/hook/cmake_prefix_path.sh'
[2.661s] Level 1:colcon.colcon_core.environment:checking '/home/user/ros2_ws/install/dynamixel_sdk_examples/lib'
[2.661s] Level 1:colcon.colcon_core.environment:checking '/home/user/ros2_ws/install/dynamixel_sdk_examples/bin'
[2.662s] Level 1:colcon.colcon_core.environment:checking '/home/user/ros2_ws/install/dynamixel_sdk_examples/lib/pkgconfig/dynamixel_sdk_examples.pc'
[2.662s] Level 1:colcon.colcon_core.environment:checking '/home/user/ros2_ws/install/dynamixel_sdk_examples/lib/python3.12/site-packages'
[2.662s] Level 1:colcon.colcon_core.environment:checking '/home/user/ros2_ws/install/dynamixel_sdk_examples/bin'
[2.663s] INFO:colcon.colcon_core.shell:Creating package script '/home/user/ros2_ws/install/dynamixel_sdk_examples/share/dynamixel_sdk_examples/package.ps1'
[2.663s] INFO:colcon.colcon_core.shell:Creating package descriptor '/home/user/ros2_ws/install/dynamixel_sdk_examples/share/dynamixel_sdk_examples/package.dsv'
[2.664s] INFO:colcon.colcon_core.shell:Creating package script '/home/user/ros2_ws/install/dynamixel_sdk_examples/share/dynamixel_sdk_examples/package.sh'
[2.665s] INFO:colcon.colcon_core.shell:Creating package script '/home/user/ros2_ws/install/dynamixel_sdk_examples/share/dynamixel_sdk_examples/package.bash'
[2.665s] INFO:colcon.colcon_core.shell:Creating package script '/home/user/ros2_ws/install/dynamixel_sdk_examples/share/dynamixel_sdk_examples/package.zsh'
[2.666s] Level 1:colcon.colcon_core.environment:create_file_with_runtime_dependencies(/home/user/ros2_ws/install/dynamixel_sdk_examples/share/colcon-core/packages/dynamixel_sdk_examples)
[2.670s] Level 1:colcon.colcon_core.environment:create_environment_scripts_only(dynamixel_hardware_interface)
[2.671s] DEBUG:colcon.colcon_core.event_handler.log_command:Invoked command in '/home/user/ros2_ws/build/dynamixel_hardware_interface' returned '0': CMAKE_PREFIX_PATH=/home/user/ros2_ws/install/dynamixel_workbench_toolbox:/home/user/ros2_ws/install/dynamixel_sdk:/home/user/ros2_ws/install/spawn_solo:/home/user/ros2_ws/install/spawn_robot:/home/user/ros2_ws/install/solo_description:/home/user/ros2_ws/install/rrbot_unit5:/home/user/ros2_ws/install/rrbot_unit4:/home/user/ros2_ws/install/rrbot_unit3:/home/user/ros2_ws/install/rrbot_unit2:/home/user/ros2_ws/install/rrbot_controller:/home/user/ros2_ws/install/my_robot_hardware_interface:/home/user/ros2_ws/install/my_robot_bringup:/home/user/ros2_ws/install/my_quadruped_bringup:/home/user/ros2_ws/install/dynamixel_workbench:/home/user/ros2_ws/install/dynamixel_hardware_interface:/home/user/ros2_ws/install/dynamixel_sdk_examples:/home/user/ros2_ws/install/dynamixel_sdk_custom_interfaces:/home/user/ros2_ws/install/diffbot_sim:/home/user/ros2_ws/install/diffbot_description:/home/simulations/ros2_sims_ws/install/unit6_simulation:/home/simulations/ros2_sims_ws/install/rrbot_sim:/home/simulations/ros2_sims_ws/install/rmw_cyclonedds_cpp:/home/simulations/ros2_sims_ws/install/cyclonedds:/opt/ros/jazzy/opt/gz_sim_vendor:/opt/ros/jazzy/opt/gz_sensors_vendor:/opt/ros/jazzy/opt/gz_physics_vendor:/opt/ros/jazzy/opt/sdformat_vendor:/opt/ros/jazzy/opt/gz_gui_vendor:/opt/ros/jazzy/opt/gz_transport_vendor:/opt/ros/jazzy/opt/gz_rendering_vendor:/opt/ros/jazzy/opt/gz_plugin_vendor:/opt/ros/jazzy/opt/gz_fuel_tools_vendor:/opt/ros/jazzy/opt/gz_msgs_vendor:/opt/ros/jazzy/opt/gz_common_vendor:/opt/ros/jazzy/opt/gz_math_vendor:/opt/ros/jazzy/opt/gz_utils_vendor:/opt/ros/jazzy/opt/gz_tools_vendor:/opt/ros/jazzy/opt/gz_ogre_next_vendor:/opt/ros/jazzy/opt/gz_dartsim_vendor:/opt/ros/jazzy/opt/gz_cmake_vendor:/opt/ros/jazzy:/opt/ros/jazzy:/home/user/ros2_ws/install/joint_trajectory_publisher:/home/user/ros2_ws/install/joint_trajectory_demo LD_LIBRARY_PATH=/home/user/ros2_ws/install/dynamixel_workbench_toolbox/lib:/home/user/ros2_ws/install/dynamixel_sdk/lib:/home/user/ros2_ws/install/rrbot_controller/lib:/home/user/ros2_ws/install/my_robot_hardware_interface/lib:/home/user/ros2_ws/install/dynamixel_hardware_interface/lib:/home/user/ros2_ws/install/dynamixel_sdk_custom_interfaces/lib:/home/simulations/ros2_sims_ws/install/rmw_cyclonedds_cpp/lib:/home/simulations/ros2_sims_ws/install/cyclonedds/lib:/home/user/catkin_ws/devel/lib:/home/simulations/public_sim_ws/devel/lib:/opt/ros/jazzy/lib:/opt/ros/jazzy/lib/x86_64-linux-gnu:/usr/local/cuda-10.2/lib64:/home/user/.catkin_ws_python3/src/TensorRT-7.0.0.11/lib:/home/user/catkin_ws/devel/lib:/home/simulations/public_sim_ws/devel/lib:/opt/ros/jazzy/lib:/opt/ros/jazzy/lib/x86_64-linux-gnu:/opt/ros/jazzy/opt/gz_sim_vendor/lib:/opt/ros/jazzy/opt/gz_sensors_vendor/lib:/opt/ros/jazzy/opt/gz_physics_vendor/lib:/opt/ros/jazzy/opt/sdformat_vendor/lib:/opt/ros/jazzy/opt/rviz_ogre_vendor/lib:/opt/ros/jazzy/lib/x86_64-linux-gnu:/opt/ros/jazzy/opt/gz_gui_vendor/lib:/opt/ros/jazzy/opt/gz_transport_vendor/lib:/opt/ros/jazzy/opt/gz_rendering_vendor/lib:/opt/ros/jazzy/opt/gz_plugin_vendor/lib:/opt/ros/jazzy/opt/gz_fuel_tools_vendor/lib:/opt/ros/jazzy/opt/gz_msgs_vendor/lib:/opt/ros/jazzy/opt/gz_common_vendor/lib:/opt/ros/jazzy/opt/gz_math_vendor/lib:/opt/ros/jazzy/opt/gz_utils_vendor/lib:/opt/ros/jazzy/opt/gz_tools_vendor/lib:/opt/ros/jazzy/opt/gz_ogre_next_vendor/lib:/opt/ros/jazzy/opt/gz_dartsim_vendor/lib:/opt/ros/jazzy/opt/gz_cmake_vendor/lib:/opt/ros/jazzy/lib:/usr/local/cuda-10.2/lib64:/home/user/.catkin_ws_python3/src/TensorRT-7.0.0.11/lib _=/usr/bin/env /usr/bin/cmake --install /home/user/ros2_ws/build/dynamixel_hardware_interface
[2.671s] Level 1:colcon.colcon_core.environment:checking '/home/user/ros2_ws/install/dynamixel_hardware_interface' for CMake module files
[2.672s] Level 1:colcon.colcon_core.environment:checking '/home/user/ros2_ws/install/dynamixel_hardware_interface' for CMake config files
[2.672s] Level 1:colcon.colcon_core.shell:create_environment_hook('dynamixel_hardware_interface', 'cmake_prefix_path')
[2.673s] INFO:colcon.colcon_core.shell:Creating environment hook '/home/user/ros2_ws/install/dynamixel_hardware_interface/share/dynamixel_hardware_interface/hook/cmake_prefix_path.ps1'
[2.674s] INFO:colcon.colcon_core.shell:Creating environment descriptor '/home/user/ros2_ws/install/dynamixel_hardware_interface/share/dynamixel_hardware_interface/hook/cmake_prefix_path.dsv'
[2.674s] INFO:colcon.colcon_core.shell:Creating environment hook '/home/user/ros2_ws/install/dynamixel_hardware_interface/share/dynamixel_hardware_interface/hook/cmake_prefix_path.sh'
[2.682s] Level 1:colcon.colcon_core.environment:checking '/home/user/ros2_ws/install/dynamixel_hardware_interface/lib'
[2.682s] Level 1:colcon.colcon_core.shell:create_environment_hook('dynamixel_hardware_interface', 'ld_library_path_lib')
[2.682s] INFO:colcon.colcon_core.shell:Creating environment hook '/home/user/ros2_ws/install/dynamixel_hardware_interface/share/dynamixel_hardware_interface/hook/ld_library_path_lib.ps1'
[2.683s] INFO:colcon.colcon_core.shell:Creating environment descriptor '/home/user/ros2_ws/install/dynamixel_hardware_interface/share/dynamixel_hardware_interface/hook/ld_library_path_lib.dsv'
[2.683s] INFO:colcon.colcon_core.shell:Creating environment hook '/home/user/ros2_ws/install/dynamixel_hardware_interface/share/dynamixel_hardware_interface/hook/ld_library_path_lib.sh'
[2.683s] Level 1:colcon.colcon_core.environment:checking '/home/user/ros2_ws/install/dynamixel_hardware_interface/bin'
[2.684s] Level 1:colcon.colcon_core.environment:checking '/home/user/ros2_ws/install/dynamixel_hardware_interface/lib/pkgconfig/dynamixel_hardware_interface.pc'
[2.684s] Level 1:colcon.colcon_core.environment:checking '/home/user/ros2_ws/install/dynamixel_hardware_interface/lib/python3.12/site-packages'
[2.684s] Level 1:colcon.colcon_core.environment:checking '/home/user/ros2_ws/install/dynamixel_hardware_interface/bin'
[2.685s] INFO:colcon.colcon_core.shell:Creating package script '/home/user/ros2_ws/install/dynamixel_hardware_interface/share/dynamixel_hardware_interface/package.ps1'
[2.685s] INFO:colcon.colcon_core.shell:Creating package descriptor '/home/user/ros2_ws/install/dynamixel_hardware_interface/share/dynamixel_hardware_interface/package.dsv'
[2.686s] INFO:colcon.colcon_core.shell:Creating package script '/home/user/ros2_ws/install/dynamixel_hardware_interface/share/dynamixel_hardware_interface/package.sh'
[2.687s] INFO:colcon.colcon_core.shell:Creating package script '/home/user/ros2_ws/install/dynamixel_hardware_interface/share/dynamixel_hardware_interface/package.bash'
[2.687s] INFO:colcon.colcon_core.shell:Creating package script '/home/user/ros2_ws/install/dynamixel_hardware_interface/share/dynamixel_hardware_interface/package.zsh'
[2.688s] Level 1:colcon.colcon_core.environment:create_file_with_runtime_dependencies(/home/user/ros2_ws/install/dynamixel_hardware_interface/share/colcon-core/packages/dynamixel_hardware_interface)
[2.689s] Level 1:colcon.colcon_core.environment:create_environment_scripts_only(dynamixel_hardware_interface)
[2.689s] Level 1:colcon.colcon_core.environment:checking '/home/user/ros2_ws/install/dynamixel_hardware_interface' for CMake module files
[2.690s] Level 1:colcon.colcon_core.environment:checking '/home/user/ros2_ws/install/dynamixel_hardware_interface' for CMake config files
[2.690s] Level 1:colcon.colcon_core.shell:create_environment_hook('dynamixel_hardware_interface', 'cmake_prefix_path')
[2.690s] INFO:colcon.colcon_core.shell:Creating environment hook '/home/user/ros2_ws/install/dynamixel_hardware_interface/share/dynamixel_hardware_interface/hook/cmake_prefix_path.ps1'
[2.691s] INFO:colcon.colcon_core.shell:Creating environment descriptor '/home/user/ros2_ws/install/dynamixel_hardware_interface/share/dynamixel_hardware_interface/hook/cmake_prefix_path.dsv'
[2.692s] INFO:colcon.colcon_core.shell:Creating environment hook '/home/user/ros2_ws/install/dynamixel_hardware_interface/share/dynamixel_hardware_interface/hook/cmake_prefix_path.sh'
[2.692s] Level 1:colcon.colcon_core.environment:checking '/home/user/ros2_ws/install/dynamixel_hardware_interface/lib'
[2.692s] Level 1:colcon.colcon_core.shell:create_environment_hook('dynamixel_hardware_interface', 'ld_library_path_lib')
[2.693s] INFO:colcon.colcon_core.shell:Creating environment hook '/home/user/ros2_ws/install/dynamixel_hardware_interface/share/dynamixel_hardware_interface/hook/ld_library_path_lib.ps1'
[2.693s] INFO:colcon.colcon_core.shell:Creating environment descriptor '/home/user/ros2_ws/install/dynamixel_hardware_interface/share/dynamixel_hardware_interface/hook/ld_library_path_lib.dsv'
[2.693s] INFO:colcon.colcon_core.shell:Creating environment hook '/home/user/ros2_ws/install/dynamixel_hardware_interface/share/dynamixel_hardware_interface/hook/ld_library_path_lib.sh'
[2.694s] Level 1:colcon.colcon_core.environment:checking '/home/user/ros2_ws/install/dynamixel_hardware_interface/bin'
[2.694s] Level 1:colcon.colcon_core.environment:checking '/home/user/ros2_ws/install/dynamixel_hardware_interface/lib/pkgconfig/dynamixel_hardware_interface.pc'
[2.694s] Level 1:colcon.colcon_core.environment:checking '/home/user/ros2_ws/install/dynamixel_hardware_interface/lib/python3.12/site-packages'
[2.695s] Level 1:colcon.colcon_core.environment:checking '/home/user/ros2_ws/install/dynamixel_hardware_interface/bin'
[2.695s] INFO:colcon.colcon_core.shell:Creating package script '/home/user/ros2_ws/install/dynamixel_hardware_interface/share/dynamixel_hardware_interface/package.ps1'
[2.696s] INFO:colcon.colcon_core.shell:Creating package descriptor '/home/user/ros2_ws/install/dynamixel_hardware_interface/share/dynamixel_hardware_interface/package.dsv'
[2.697s] INFO:colcon.colcon_core.shell:Creating package script '/home/user/ros2_ws/install/dynamixel_hardware_interface/share/dynamixel_hardware_interface/package.sh'
[2.697s] INFO:colcon.colcon_core.shell:Creating package script '/home/user/ros2_ws/install/dynamixel_hardware_interface/share/dynamixel_hardware_interface/package.bash'
[2.698s] INFO:colcon.colcon_core.shell:Creating package script '/home/user/ros2_ws/install/dynamixel_hardware_interface/share/dynamixel_hardware_interface/package.zsh'
[2.699s] Level 1:colcon.colcon_core.environment:create_file_with_runtime_dependencies(/home/user/ros2_ws/install/dynamixel_hardware_interface/share/colcon-core/packages/dynamixel_hardware_interface)
[2.702s] Level 1:colcon.colcon_core.environment:create_environment_scripts_only(dynamixel_workbench)
[2.703s] DEBUG:colcon.colcon_core.event_handler.log_command:Invoked command in '/home/user/ros2_ws/build/dynamixel_workbench' returned '0': CMAKE_PREFIX_PATH=/home/user/ros2_ws/install/dynamixel_workbench_toolbox:/home/user/ros2_ws/install/dynamixel_sdk:/home/user/ros2_ws/install/spawn_solo:/home/user/ros2_ws/install/spawn_robot:/home/user/ros2_ws/install/solo_description:/home/user/ros2_ws/install/rrbot_unit5:/home/user/ros2_ws/install/rrbot_unit4:/home/user/ros2_ws/install/rrbot_unit3:/home/user/ros2_ws/install/rrbot_unit2:/home/user/ros2_ws/install/rrbot_controller:/home/user/ros2_ws/install/my_robot_hardware_interface:/home/user/ros2_ws/install/my_robot_bringup:/home/user/ros2_ws/install/my_quadruped_bringup:/home/user/ros2_ws/install/dynamixel_workbench:/home/user/ros2_ws/install/dynamixel_hardware_interface:/home/user/ros2_ws/install/dynamixel_sdk_examples:/home/user/ros2_ws/install/dynamixel_sdk_custom_interfaces:/home/user/ros2_ws/install/diffbot_sim:/home/user/ros2_ws/install/diffbot_description:/home/simulations/ros2_sims_ws/install/unit6_simulation:/home/simulations/ros2_sims_ws/install/rrbot_sim:/home/simulations/ros2_sims_ws/install/rmw_cyclonedds_cpp:/home/simulations/ros2_sims_ws/install/cyclonedds:/opt/ros/jazzy/opt/gz_sim_vendor:/opt/ros/jazzy/opt/gz_sensors_vendor:/opt/ros/jazzy/opt/gz_physics_vendor:/opt/ros/jazzy/opt/sdformat_vendor:/opt/ros/jazzy/opt/gz_gui_vendor:/opt/ros/jazzy/opt/gz_transport_vendor:/opt/ros/jazzy/opt/gz_rendering_vendor:/opt/ros/jazzy/opt/gz_plugin_vendor:/opt/ros/jazzy/opt/gz_fuel_tools_vendor:/opt/ros/jazzy/opt/gz_msgs_vendor:/opt/ros/jazzy/opt/gz_common_vendor:/opt/ros/jazzy/opt/gz_math_vendor:/opt/ros/jazzy/opt/gz_utils_vendor:/opt/ros/jazzy/opt/gz_tools_vendor:/opt/ros/jazzy/opt/gz_ogre_next_vendor:/opt/ros/jazzy/opt/gz_dartsim_vendor:/opt/ros/jazzy/opt/gz_cmake_vendor:/opt/ros/jazzy:/opt/ros/jazzy:/home/user/ros2_ws/install/joint_trajectory_publisher:/home/user/ros2_ws/install/joint_trajectory_demo LD_LIBRARY_PATH=/home/user/ros2_ws/install/dynamixel_workbench_toolbox/lib:/home/user/ros2_ws/install/dynamixel_sdk/lib:/home/user/ros2_ws/install/rrbot_controller/lib:/home/user/ros2_ws/install/my_robot_hardware_interface/lib:/home/user/ros2_ws/install/dynamixel_hardware_interface/lib:/home/user/ros2_ws/install/dynamixel_sdk_custom_interfaces/lib:/home/simulations/ros2_sims_ws/install/rmw_cyclonedds_cpp/lib:/home/simulations/ros2_sims_ws/install/cyclonedds/lib:/home/user/catkin_ws/devel/lib:/home/simulations/public_sim_ws/devel/lib:/opt/ros/jazzy/lib:/opt/ros/jazzy/lib/x86_64-linux-gnu:/usr/local/cuda-10.2/lib64:/home/user/.catkin_ws_python3/src/TensorRT-7.0.0.11/lib:/home/user/catkin_ws/devel/lib:/home/simulations/public_sim_ws/devel/lib:/opt/ros/jazzy/lib:/opt/ros/jazzy/lib/x86_64-linux-gnu:/opt/ros/jazzy/opt/gz_sim_vendor/lib:/opt/ros/jazzy/opt/gz_sensors_vendor/lib:/opt/ros/jazzy/opt/gz_physics_vendor/lib:/opt/ros/jazzy/opt/sdformat_vendor/lib:/opt/ros/jazzy/opt/rviz_ogre_vendor/lib:/opt/ros/jazzy/lib/x86_64-linux-gnu:/opt/ros/jazzy/opt/gz_gui_vendor/lib:/opt/ros/jazzy/opt/gz_transport_vendor/lib:/opt/ros/jazzy/opt/gz_rendering_vendor/lib:/opt/ros/jazzy/opt/gz_plugin_vendor/lib:/opt/ros/jazzy/opt/gz_fuel_tools_vendor/lib:/opt/ros/jazzy/opt/gz_msgs_vendor/lib:/opt/ros/jazzy/opt/gz_common_vendor/lib:/opt/ros/jazzy/opt/gz_math_vendor/lib:/opt/ros/jazzy/opt/gz_utils_vendor/lib:/opt/ros/jazzy/opt/gz_tools_vendor/lib:/opt/ros/jazzy/opt/gz_ogre_next_vendor/lib:/opt/ros/jazzy/opt/gz_dartsim_vendor/lib:/opt/ros/jazzy/opt/gz_cmake_vendor/lib:/opt/ros/jazzy/lib:/usr/local/cuda-10.2/lib64:/home/user/.catkin_ws_python3/src/TensorRT-7.0.0.11/lib _=/usr/bin/env /usr/bin/cmake --install /home/user/ros2_ws/build/dynamixel_workbench
[2.703s] Level 1:colcon.colcon_core.environment:checking '/home/user/ros2_ws/install/dynamixel_workbench' for CMake module files
[2.704s] Level 1:colcon.colcon_core.environment:checking '/home/user/ros2_ws/install/dynamixel_workbench' for CMake config files
[2.705s] Level 1:colcon.colcon_core.shell:create_environment_hook('dynamixel_workbench', 'cmake_prefix_path')
[2.705s] INFO:colcon.colcon_core.shell:Creating environment hook '/home/user/ros2_ws/install/dynamixel_workbench/share/dynamixel_workbench/hook/cmake_prefix_path.ps1'
[2.705s] INFO:colcon.colcon_core.shell:Creating environment descriptor '/home/user/ros2_ws/install/dynamixel_workbench/share/dynamixel_workbench/hook/cmake_prefix_path.dsv'
[2.706s] INFO:colcon.colcon_core.shell:Creating environment hook '/home/user/ros2_ws/install/dynamixel_workbench/share/dynamixel_workbench/hook/cmake_prefix_path.sh'
[2.714s] Level 1:colcon.colcon_core.environment:checking '/home/user/ros2_ws/install/dynamixel_workbench/bin'
[2.715s] Level 1:colcon.colcon_core.environment:checking '/home/user/ros2_ws/install/dynamixel_workbench/lib/pkgconfig/dynamixel_workbench.pc'
[2.715s] Level 1:colcon.colcon_core.environment:checking '/home/user/ros2_ws/install/dynamixel_workbench/lib/python3.12/site-packages'
[2.717s] Level 1:colcon.colcon_core.environment:checking '/home/user/ros2_ws/install/dynamixel_workbench/bin'
[2.719s] INFO:colcon.colcon_core.shell:Creating package script '/home/user/ros2_ws/install/dynamixel_workbench/share/dynamixel_workbench/package.ps1'
[2.720s] INFO:colcon.colcon_core.shell:Creating package descriptor '/home/user/ros2_ws/install/dynamixel_workbench/share/dynamixel_workbench/package.dsv'
[2.721s] INFO:colcon.colcon_core.shell:Creating package script '/home/user/ros2_ws/install/dynamixel_workbench/share/dynamixel_workbench/package.sh'
[2.722s] INFO:colcon.colcon_core.shell:Creating package script '/home/user/ros2_ws/install/dynamixel_workbench/share/dynamixel_workbench/package.bash'
[2.722s] INFO:colcon.colcon_core.shell:Creating package script '/home/user/ros2_ws/install/dynamixel_workbench/share/dynamixel_workbench/package.zsh'
[2.723s] Level 1:colcon.colcon_core.environment:create_file_with_runtime_dependencies(/home/user/ros2_ws/install/dynamixel_workbench/share/colcon-core/packages/dynamixel_workbench)
[2.724s] Level 1:colcon.colcon_core.environment:create_environment_scripts_only(dynamixel_workbench)
[2.724s] Level 1:colcon.colcon_core.environment:checking '/home/user/ros2_ws/install/dynamixel_workbench' for CMake module files
[2.725s] Level 1:colcon.colcon_core.environment:checking '/home/user/ros2_ws/install/dynamixel_workbench' for CMake config files
[2.725s] Level 1:colcon.colcon_core.shell:create_environment_hook('dynamixel_workbench', 'cmake_prefix_path')
[2.725s] INFO:colcon.colcon_core.shell:Creating environment hook '/home/user/ros2_ws/install/dynamixel_workbench/share/dynamixel_workbench/hook/cmake_prefix_path.ps1'
[2.726s] INFO:colcon.colcon_core.shell:Creating environment descriptor '/home/user/ros2_ws/install/dynamixel_workbench/share/dynamixel_workbench/hook/cmake_prefix_path.dsv'
[2.726s] INFO:colcon.colcon_core.shell:Creating environment hook '/home/user/ros2_ws/install/dynamixel_workbench/share/dynamixel_workbench/hook/cmake_prefix_path.sh'
[2.727s] Level 1:colcon.colcon_core.environment:checking '/home/user/ros2_ws/install/dynamixel_workbench/bin'
[2.727s] Level 1:colcon.colcon_core.environment:checking '/home/user/ros2_ws/install/dynamixel_workbench/lib/pkgconfig/dynamixel_workbench.pc'
[2.728s] Level 1:colcon.colcon_core.environment:checking '/home/user/ros2_ws/install/dynamixel_workbench/lib/python3.12/site-packages'
[2.728s] Level 1:colcon.colcon_core.environment:checking '/home/user/ros2_ws/install/dynamixel_workbench/bin'
[2.729s] INFO:colcon.colcon_core.shell:Creating package script '/home/user/ros2_ws/install/dynamixel_workbench/share/dynamixel_workbench/package.ps1'
[2.729s] INFO:colcon.colcon_core.shell:Creating package descriptor '/home/user/ros2_ws/install/dynamixel_workbench/share/dynamixel_workbench/package.dsv'
[2.730s] INFO:colcon.colcon_core.shell:Creating package script '/home/user/ros2_ws/install/dynamixel_workbench/share/dynamixel_workbench/package.sh'
[2.731s] INFO:colcon.colcon_core.shell:Creating package script '/home/user/ros2_ws/install/dynamixel_workbench/share/dynamixel_workbench/package.bash'
[2.731s] INFO:colcon.colcon_core.shell:Creating package script '/home/user/ros2_ws/install/dynamixel_workbench/share/dynamixel_workbench/package.zsh'
[2.732s] Level 1:colcon.colcon_core.environment:create_file_with_runtime_dependencies(/home/user/ros2_ws/install/dynamixel_workbench/share/colcon-core/packages/dynamixel_workbench)
[3.312s] Level 1:colcon.colcon_core.environment:checking '/home/user/ros2_ws/install/joint_trajectory_publisher' for CMake module files
[3.312s] DEBUG:colcon.colcon_core.event_handler.log_command:Invoked command in '/home/user/ros2_ws/src/ros2_control_course/common/joint_trajectory_publisher' returned '0': PYTHONPATH=/home/user/ros2_ws/build/joint_trajectory_publisher/prefix_override:/usr/lib/python3/dist-packages/colcon_core/task/python/colcon_distutils_commands:/home/user/ros2_ws/install/joint_trajectory_publisher/lib/python3.12/site-packages:${PYTHONPATH} _=/usr/bin/env /usr/bin/python3 -W ignore:setup.py install is deprecated -W ignore:easy_install command is deprecated setup.py egg_info --egg-base ../../../../build/joint_trajectory_publisher build --build-base /home/user/ros2_ws/build/joint_trajectory_publisher/build install --record /home/user/ros2_ws/build/joint_trajectory_publisher/install.log --single-version-externally-managed install_data
[3.313s] Level 1:colcon.colcon_core.environment:checking '/home/user/ros2_ws/install/joint_trajectory_publisher' for CMake config files
[3.314s] Level 1:colcon.colcon_core.environment:checking '/home/user/ros2_ws/install/joint_trajectory_publisher/lib'
[3.314s] Level 1:colcon.colcon_core.environment:checking '/home/user/ros2_ws/install/joint_trajectory_publisher/bin'
[3.314s] Level 1:colcon.colcon_core.environment:checking '/home/user/ros2_ws/install/joint_trajectory_publisher/lib/pkgconfig/joint_trajectory_publisher.pc'
[3.314s] Level 1:colcon.colcon_core.environment:checking '/home/user/ros2_ws/install/joint_trajectory_publisher/lib/python3.12/site-packages'
[3.314s] Level 1:colcon.colcon_core.shell:create_environment_hook('joint_trajectory_publisher', 'pythonpath')
[3.315s] INFO:colcon.colcon_core.shell:Creating environment hook '/home/user/ros2_ws/install/joint_trajectory_publisher/share/joint_trajectory_publisher/hook/pythonpath.ps1'
[3.315s] INFO:colcon.colcon_core.shell:Creating environment descriptor '/home/user/ros2_ws/install/joint_trajectory_publisher/share/joint_trajectory_publisher/hook/pythonpath.dsv'
[3.316s] INFO:colcon.colcon_core.shell:Creating environment hook '/home/user/ros2_ws/install/joint_trajectory_publisher/share/joint_trajectory_publisher/hook/pythonpath.sh'
[3.317s] Level 1:colcon.colcon_core.environment:checking '/home/user/ros2_ws/install/joint_trajectory_publisher/bin'
[3.318s] Level 1:colcon.colcon_core.environment:create_environment_scripts_only(joint_trajectory_publisher)
[3.318s] INFO:colcon.colcon_core.shell:Creating package script '/home/user/ros2_ws/install/joint_trajectory_publisher/share/joint_trajectory_publisher/package.ps1'
[3.319s] INFO:colcon.colcon_core.shell:Creating package descriptor '/home/user/ros2_ws/install/joint_trajectory_publisher/share/joint_trajectory_publisher/package.dsv'
[3.320s] INFO:colcon.colcon_core.shell:Creating package script '/home/user/ros2_ws/install/joint_trajectory_publisher/share/joint_trajectory_publisher/package.sh'
[3.320s] INFO:colcon.colcon_core.shell:Creating package script '/home/user/ros2_ws/install/joint_trajectory_publisher/share/joint_trajectory_publisher/package.bash'
[3.321s] INFO:colcon.colcon_core.shell:Creating package script '/home/user/ros2_ws/install/joint_trajectory_publisher/share/joint_trajectory_publisher/package.zsh'
[3.322s] Level 1:colcon.colcon_core.environment:create_file_with_runtime_dependencies(/home/user/ros2_ws/install/joint_trajectory_publisher/share/colcon-core/packages/joint_trajectory_publisher)
[3.373s] Level 1:colcon.colcon_core.environment:checking '/home/user/ros2_ws/install/joint_trajectory_demo' for CMake module files
[3.374s] DEBUG:colcon.colcon_core.event_handler.log_command:Invoked command in '/home/user/ros2_ws/src/ros2_control_course/unit1/joint_trajectory_demo' returned '0': PYTHONPATH=/home/user/ros2_ws/build/joint_trajectory_demo/prefix_override:/usr/lib/python3/dist-packages/colcon_core/task/python/colcon_distutils_commands:/home/user/ros2_ws/install/joint_trajectory_demo/lib/python3.12/site-packages:${PYTHONPATH} _=/usr/bin/env /usr/bin/python3 -W ignore:setup.py install is deprecated -W ignore:easy_install command is deprecated setup.py egg_info --egg-base ../../../../build/joint_trajectory_demo build --build-base /home/user/ros2_ws/build/joint_trajectory_demo/build install --record /home/user/ros2_ws/build/joint_trajectory_demo/install.log --single-version-externally-managed install_data
[3.374s] Level 1:colcon.colcon_core.environment:checking '/home/user/ros2_ws/install/joint_trajectory_demo' for CMake config files
[3.375s] Level 1:colcon.colcon_core.environment:checking '/home/user/ros2_ws/install/joint_trajectory_demo/lib'
[3.375s] Level 1:colcon.colcon_core.environment:checking '/home/user/ros2_ws/install/joint_trajectory_demo/bin'
[3.375s] Level 1:colcon.colcon_core.environment:checking '/home/user/ros2_ws/install/joint_trajectory_demo/lib/pkgconfig/joint_trajectory_demo.pc'
[3.375s] Level 1:colcon.colcon_core.environment:checking '/home/user/ros2_ws/install/joint_trajectory_demo/lib/python3.12/site-packages'
[3.376s] Level 1:colcon.colcon_core.shell:create_environment_hook('joint_trajectory_demo', 'pythonpath')
[3.376s] INFO:colcon.colcon_core.shell:Creating environment hook '/home/user/ros2_ws/install/joint_trajectory_demo/share/joint_trajectory_demo/hook/pythonpath.ps1'
[3.376s] INFO:colcon.colcon_core.shell:Creating environment descriptor '/home/user/ros2_ws/install/joint_trajectory_demo/share/joint_trajectory_demo/hook/pythonpath.dsv'
[3.377s] INFO:colcon.colcon_core.shell:Creating environment hook '/home/user/ros2_ws/install/joint_trajectory_demo/share/joint_trajectory_demo/hook/pythonpath.sh'
[3.377s] Level 1:colcon.colcon_core.environment:checking '/home/user/ros2_ws/install/joint_trajectory_demo/bin'
[3.377s] Level 1:colcon.colcon_core.environment:create_environment_scripts_only(joint_trajectory_demo)
[3.378s] INFO:colcon.colcon_core.shell:Creating package script '/home/user/ros2_ws/install/joint_trajectory_demo/share/joint_trajectory_demo/package.ps1'
[3.379s] INFO:colcon.colcon_core.shell:Creating package descriptor '/home/user/ros2_ws/install/joint_trajectory_demo/share/joint_trajectory_demo/package.dsv'
[3.379s] INFO:colcon.colcon_core.shell:Creating package script '/home/user/ros2_ws/install/joint_trajectory_demo/share/joint_trajectory_demo/package.sh'
[3.380s] INFO:colcon.colcon_core.shell:Creating package script '/home/user/ros2_ws/install/joint_trajectory_demo/share/joint_trajectory_demo/package.bash'
[3.380s] INFO:colcon.colcon_core.shell:Creating package script '/home/user/ros2_ws/install/joint_trajectory_demo/share/joint_trajectory_demo/package.zsh'
[3.381s] Level 1:colcon.colcon_core.environment:create_file_with_runtime_dependencies(/home/user/ros2_ws/install/joint_trajectory_demo/share/colcon-core/packages/joint_trajectory_demo)
[3.381s] DEBUG:colcon.colcon_parallel_executor.executor.parallel:closing loop
[3.382s] DEBUG:colcon.colcon_parallel_executor.executor.parallel:loop closed
[3.382s] DEBUG:colcon.colcon_parallel_executor.executor.parallel:run_until_complete finished with '0'
[3.383s] DEBUG:colcon.colcon_core.event_reactor:joining thread
[3.391s] INFO:colcon.colcon_core.plugin_system:Skipping extension 'colcon_notification.desktop_notification.notify_send': Could not find 'notify-send'
[3.391s] INFO:colcon.colcon_core.plugin_system:Skipping extension 'colcon_notification.desktop_notification.terminal_notifier': Not used on non-Darwin systems
[3.391s] INFO:colcon.colcon_core.plugin_system:Skipping extension 'colcon_notification.desktop_notification.win32': Not used on non-Windows systems
[3.392s] INFO:colcon.colcon_notification.desktop_notification:Sending desktop notification using 'notify2'
[3.395s] DEBUG:colcon.colcon_notification.desktop_notification.notify2:Failed to initialize notify2: org.freedesktop.DBus.Error.Spawn.ExecFailed: /usr/bin/dbus-launch terminated abnormally without any error message
[3.395s] DEBUG:colcon.colcon_core.event_reactor:joined thread
[3.395s] INFO:colcon.colcon_core.shell:Creating prefix script '/home/user/ros2_ws/install/local_setup.ps1'
[3.396s] INFO:colcon.colcon_core.shell:Creating prefix util module '/home/user/ros2_ws/install/_local_setup_util_ps1.py'
[3.398s] INFO:colcon.colcon_core.shell:Creating prefix chain script '/home/user/ros2_ws/install/setup.ps1'
[3.400s] INFO:colcon.colcon_core.shell:Creating prefix script '/home/user/ros2_ws/install/local_setup.sh'
[3.400s] INFO:colcon.colcon_core.shell:Creating prefix util module '/home/user/ros2_ws/install/_local_setup_util_sh.py'
[3.401s] INFO:colcon.colcon_core.shell:Creating prefix chain script '/home/user/ros2_ws/install/setup.sh'
[3.403s] INFO:colcon.colcon_core.shell:Creating prefix script '/home/user/ros2_ws/install/local_setup.bash'
[3.404s] INFO:colcon.colcon_core.shell:Creating prefix chain script '/home/user/ros2_ws/install/setup.bash'
[3.405s] INFO:colcon.colcon_core.shell:Creating prefix script '/home/user/ros2_ws/install/local_setup.zsh'
[3.406s] INFO:colcon.colcon_core.shell:Creating prefix chain script '/home/user/ros2_ws/install/setup.zsh'
