[0.176s] DEBUG:colcon:Command line arguments: ['/usr/bin/colcon', 'build']
[0.176s] DEBUG:colcon:Parsed command line arguments: Namespace(log_base=None, log_level=None, verb_name='build', build_base='build', install_base='install', merge_install=False, symlink_install=False, test_result_base=None, continue_on_error=False, executor='parallel', parallel_workers=8, event_handlers=None, ignore_user_meta=False, metas=['./colcon.meta'], base_paths=['.'], packages_ignore=None, packages_ignore_regex=None, paths=None, packages_up_to=None, packages_up_to_regex=None, packages_above=None, packages_above_and_dependencies=None, packages_above_depth=None, packages_select_by_dep=None, packages_skip_by_dep=None, packages_skip_up_to=None, packages_select_build_failed=False, packages_skip_build_finished=False, packages_select_test_failures=False, packages_skip_test_passed=False, packages_select=None, packages_skip=None, packages_select_regex=None, packages_skip_regex=None, packages_start=None, packages_end=None, cmake_args=None, cmake_target=None, cmake_target_skip_unavailable=False, cmake_clean_cache=False, cmake_clean_first=False, cmake_force_configure=False, ament_cmake_args=None, catkin_cmake_args=None, catkin_skip_building_tests=False, mixin_files=None, mixin=None, verb_parser=<colcon_mixin.mixin.mixin_argument.MixinArgumentDecorator object at 0x7fcd58e1c0e0>, verb_extension=<colcon_core.verb.build.BuildVerb object at 0x7fcd58dc5280>, main=<bound method BuildVerb.main of <colcon_core.verb.build.BuildVerb object at 0x7fcd58dc5280>>, mixin_verb=('build',))
[0.237s] Level 1:colcon.colcon_core.package_discovery:discover_packages(colcon_meta) check parameters
[0.237s] Level 1:colcon.colcon_core.package_discovery:discover_packages(recursive) check parameters
[0.237s] Level 1:colcon.colcon_core.package_discovery:discover_packages(ignore) check parameters
[0.237s] Level 1:colcon.colcon_core.package_discovery:discover_packages(path) check parameters
[0.238s] Level 1:colcon.colcon_core.package_discovery:discover_packages(colcon_meta) discover
[0.238s] Level 1:colcon.colcon_core.package_discovery:discover_packages(recursive) discover
[0.238s] INFO:colcon.colcon_core.package_discovery:Crawling recursively for packages in '/home/user/ros2_ws'
[0.238s] Level 1:colcon.colcon_core.package_identification:_identify(.) by extensions ['ignore', 'ignore_ament_install']
[0.238s] Level 1:colcon.colcon_core.package_identification:_identify(.) by extension 'ignore'
[0.238s] Level 1:colcon.colcon_core.package_identification:_identify(.) by extension 'ignore_ament_install'
[0.238s] Level 1:colcon.colcon_core.package_identification:_identify(.) by extensions ['colcon_pkg']
[0.238s] Level 1:colcon.colcon_core.package_identification:_identify(.) by extension 'colcon_pkg'
[0.238s] Level 1:colcon.colcon_core.package_identification:_identify(.) by extensions ['colcon_meta']
[0.238s] Level 1:colcon.colcon_core.package_identification:_identify(.) by extension 'colcon_meta'
[0.238s] Level 1:colcon.colcon_core.package_identification:_identify(.) by extensions ['ros']
[0.238s] Level 1:colcon.colcon_core.package_identification:_identify(.) by extension 'ros'
[0.279s] Level 1:colcon.colcon_core.package_identification:_identify(.) by extensions ['cmake', 'python']
[0.279s] Level 1:colcon.colcon_core.package_identification:_identify(.) by extension 'cmake'
[0.279s] Level 1:colcon.colcon_core.package_identification:_identify(.) by extension 'python'
[0.279s] Level 1:colcon.colcon_core.package_identification:_identify(.) by extensions ['python_setup_py']
[0.279s] Level 1:colcon.colcon_core.package_identification:_identify(.) by extension 'python_setup_py'
[0.280s] Level 1:colcon.colcon_core.package_identification:_identify(build) by extensions ['ignore', 'ignore_ament_install']
[0.280s] Level 1:colcon.colcon_core.package_identification:_identify(build) by extension 'ignore'
[0.280s] Level 1:colcon.colcon_core.package_identification:_identify(build) ignored
[0.280s] Level 1:colcon.colcon_core.package_identification:_identify(install) by extensions ['ignore', 'ignore_ament_install']
[0.281s] Level 1:colcon.colcon_core.package_identification:_identify(install) by extension 'ignore'
[0.281s] Level 1:colcon.colcon_core.package_identification:_identify(install) ignored
[0.281s] Level 1:colcon.colcon_core.package_identification:_identify(log) by extensions ['ignore', 'ignore_ament_install']
[0.281s] Level 1:colcon.colcon_core.package_identification:_identify(log) by extension 'ignore'
[0.281s] Level 1:colcon.colcon_core.package_identification:_identify(log) ignored
[0.281s] Level 1:colcon.colcon_core.package_identification:_identify(src) by extensions ['ignore', 'ignore_ament_install']
[0.281s] Level 1:colcon.colcon_core.package_identification:_identify(src) by extension 'ignore'
[0.281s] Level 1:colcon.colcon_core.package_identification:_identify(src) by extension 'ignore_ament_install'
[0.282s] Level 1:colcon.colcon_core.package_identification:_identify(src) by extensions ['colcon_pkg']
[0.282s] Level 1:colcon.colcon_core.package_identification:_identify(src) by extension 'colcon_pkg'
[0.282s] Level 1:colcon.colcon_core.package_identification:_identify(src) by extensions ['colcon_meta']
[0.282s] Level 1:colcon.colcon_core.package_identification:_identify(src) by extension 'colcon_meta'
[0.282s] Level 1:colcon.colcon_core.package_identification:_identify(src) by extensions ['ros']
[0.282s] Level 1:colcon.colcon_core.package_identification:_identify(src) by extension 'ros'
[0.282s] Level 1:colcon.colcon_core.package_identification:_identify(src) by extensions ['cmake', 'python']
[0.282s] Level 1:colcon.colcon_core.package_identification:_identify(src) by extension 'cmake'
[0.282s] Level 1:colcon.colcon_core.package_identification:_identify(src) by extension 'python'
[0.282s] Level 1:colcon.colcon_core.package_identification:_identify(src) by extensions ['python_setup_py']
[0.282s] Level 1:colcon.colcon_core.package_identification:_identify(src) by extension 'python_setup_py'
[0.282s] Level 1:colcon.colcon_core.package_identification:_identify(src/DynamixelSDK) by extensions ['ignore', 'ignore_ament_install']
[0.282s] Level 1:colcon.colcon_core.package_identification:_identify(src/DynamixelSDK) by extension 'ignore'
[0.283s] Level 1:colcon.colcon_core.package_identification:_identify(src/DynamixelSDK) by extension 'ignore_ament_install'
[0.283s] Level 1:colcon.colcon_core.package_identification:_identify(src/DynamixelSDK) by extensions ['colcon_pkg']
[0.283s] Level 1:colcon.colcon_core.package_identification:_identify(src/DynamixelSDK) by extension 'colcon_pkg'
[0.283s] Level 1:colcon.colcon_core.package_identification:_identify(src/DynamixelSDK) by extensions ['colcon_meta']
[0.283s] Level 1:colcon.colcon_core.package_identification:_identify(src/DynamixelSDK) by extension 'colcon_meta'
[0.283s] Level 1:colcon.colcon_core.package_identification:_identify(src/DynamixelSDK) by extensions ['ros']
[0.283s] Level 1:colcon.colcon_core.package_identification:_identify(src/DynamixelSDK) by extension 'ros'
[0.283s] Level 1:colcon.colcon_core.package_identification:_identify(src/DynamixelSDK) by extensions ['cmake', 'python']
[0.283s] Level 1:colcon.colcon_core.package_identification:_identify(src/DynamixelSDK) by extension 'cmake'
[0.283s] Level 1:colcon.colcon_core.package_identification:_identify(src/DynamixelSDK) by extension 'python'
[0.283s] Level 1:colcon.colcon_core.package_identification:_identify(src/DynamixelSDK) by extensions ['python_setup_py']
[0.283s] Level 1:colcon.colcon_core.package_identification:_identify(src/DynamixelSDK) by extension 'python_setup_py'
[0.283s] Level 1:colcon.colcon_core.package_identification:_identify(src/DynamixelSDK/dynamixel_sdk) by extensions ['ignore', 'ignore_ament_install']
[0.283s] Level 1:colcon.colcon_core.package_identification:_identify(src/DynamixelSDK/dynamixel_sdk) by extension 'ignore'
[0.283s] Level 1:colcon.colcon_core.package_identification:_identify(src/DynamixelSDK/dynamixel_sdk) by extension 'ignore_ament_install'
[0.283s] Level 1:colcon.colcon_core.package_identification:_identify(src/DynamixelSDK/dynamixel_sdk) by extensions ['colcon_pkg']
[0.283s] Level 1:colcon.colcon_core.package_identification:_identify(src/DynamixelSDK/dynamixel_sdk) by extension 'colcon_pkg'
[0.284s] Level 1:colcon.colcon_core.package_identification:_identify(src/DynamixelSDK/dynamixel_sdk) by extensions ['colcon_meta']
[0.284s] Level 1:colcon.colcon_core.package_identification:_identify(src/DynamixelSDK/dynamixel_sdk) by extension 'colcon_meta'
[0.284s] Level 1:colcon.colcon_core.package_identification:_identify(src/DynamixelSDK/dynamixel_sdk) by extensions ['ros']
[0.284s] Level 1:colcon.colcon_core.package_identification:_identify(src/DynamixelSDK/dynamixel_sdk) by extension 'ros'
[0.287s] DEBUG:colcon.colcon_core.package_identification:Package 'src/DynamixelSDK/dynamixel_sdk' with type 'ros.ament_cmake' and name 'dynamixel_sdk'
[0.287s] Level 1:colcon.colcon_core.package_identification:_identify(src/DynamixelSDK/dynamixel_sdk_custom_interfaces) by extensions ['ignore', 'ignore_ament_install']
[0.287s] Level 1:colcon.colcon_core.package_identification:_identify(src/DynamixelSDK/dynamixel_sdk_custom_interfaces) by extension 'ignore'
[0.287s] Level 1:colcon.colcon_core.package_identification:_identify(src/DynamixelSDK/dynamixel_sdk_custom_interfaces) by extension 'ignore_ament_install'
[0.288s] Level 1:colcon.colcon_core.package_identification:_identify(src/DynamixelSDK/dynamixel_sdk_custom_interfaces) by extensions ['colcon_pkg']
[0.288s] Level 1:colcon.colcon_core.package_identification:_identify(src/DynamixelSDK/dynamixel_sdk_custom_interfaces) by extension 'colcon_pkg'
[0.288s] Level 1:colcon.colcon_core.package_identification:_identify(src/DynamixelSDK/dynamixel_sdk_custom_interfaces) by extensions ['colcon_meta']
[0.288s] Level 1:colcon.colcon_core.package_identification:_identify(src/DynamixelSDK/dynamixel_sdk_custom_interfaces) by extension 'colcon_meta'
[0.288s] Level 1:colcon.colcon_core.package_identification:_identify(src/DynamixelSDK/dynamixel_sdk_custom_interfaces) by extensions ['ros']
[0.288s] Level 1:colcon.colcon_core.package_identification:_identify(src/DynamixelSDK/dynamixel_sdk_custom_interfaces) by extension 'ros'
[0.289s] DEBUG:colcon.colcon_core.package_identification:Package 'src/DynamixelSDK/dynamixel_sdk_custom_interfaces' with type 'ros.ament_cmake' and name 'dynamixel_sdk_custom_interfaces'
[0.289s] Level 1:colcon.colcon_core.package_identification:_identify(src/DynamixelSDK/dynamixel_sdk_examples) by extensions ['ignore', 'ignore_ament_install']
[0.289s] Level 1:colcon.colcon_core.package_identification:_identify(src/DynamixelSDK/dynamixel_sdk_examples) by extension 'ignore'
[0.289s] Level 1:colcon.colcon_core.package_identification:_identify(src/DynamixelSDK/dynamixel_sdk_examples) by extension 'ignore_ament_install'
[0.289s] Level 1:colcon.colcon_core.package_identification:_identify(src/DynamixelSDK/dynamixel_sdk_examples) by extensions ['colcon_pkg']
[0.289s] Level 1:colcon.colcon_core.package_identification:_identify(src/DynamixelSDK/dynamixel_sdk_examples) by extension 'colcon_pkg'
[0.289s] Level 1:colcon.colcon_core.package_identification:_identify(src/DynamixelSDK/dynamixel_sdk_examples) by extensions ['colcon_meta']
[0.289s] Level 1:colcon.colcon_core.package_identification:_identify(src/DynamixelSDK/dynamixel_sdk_examples) by extension 'colcon_meta'
[0.289s] Level 1:colcon.colcon_core.package_identification:_identify(src/DynamixelSDK/dynamixel_sdk_examples) by extensions ['ros']
[0.289s] Level 1:colcon.colcon_core.package_identification:_identify(src/DynamixelSDK/dynamixel_sdk_examples) by extension 'ros'
[0.290s] DEBUG:colcon.colcon_core.package_identification:Package 'src/DynamixelSDK/dynamixel_sdk_examples' with type 'ros.ament_cmake' and name 'dynamixel_sdk_examples'
[0.291s] Level 1:colcon.colcon_core.package_identification:_identify(src/dynamixel-workbench) by extensions ['ignore', 'ignore_ament_install']
[0.291s] Level 1:colcon.colcon_core.package_identification:_identify(src/dynamixel-workbench) by extension 'ignore'
[0.291s] Level 1:colcon.colcon_core.package_identification:_identify(src/dynamixel-workbench) by extension 'ignore_ament_install'
[0.291s] Level 1:colcon.colcon_core.package_identification:_identify(src/dynamixel-workbench) by extensions ['colcon_pkg']
[0.291s] Level 1:colcon.colcon_core.package_identification:_identify(src/dynamixel-workbench) by extension 'colcon_pkg'
[0.291s] Level 1:colcon.colcon_core.package_identification:_identify(src/dynamixel-workbench) by extensions ['colcon_meta']
[0.291s] Level 1:colcon.colcon_core.package_identification:_identify(src/dynamixel-workbench) by extension 'colcon_meta'
[0.291s] Level 1:colcon.colcon_core.package_identification:_identify(src/dynamixel-workbench) by extensions ['ros']
[0.291s] Level 1:colcon.colcon_core.package_identification:_identify(src/dynamixel-workbench) by extension 'ros'
[0.291s] Level 1:colcon.colcon_core.package_identification:_identify(src/dynamixel-workbench) by extensions ['cmake', 'python']
[0.291s] Level 1:colcon.colcon_core.package_identification:_identify(src/dynamixel-workbench) by extension 'cmake'
[0.291s] Level 1:colcon.colcon_core.package_identification:_identify(src/dynamixel-workbench) by extension 'python'
[0.291s] Level 1:colcon.colcon_core.package_identification:_identify(src/dynamixel-workbench) by extensions ['python_setup_py']
[0.291s] Level 1:colcon.colcon_core.package_identification:_identify(src/dynamixel-workbench) by extension 'python_setup_py'
[0.291s] Level 1:colcon.colcon_core.package_identification:_identify(src/dynamixel-workbench/dynamixel_workbench) by extensions ['ignore', 'ignore_ament_install']
[0.292s] Level 1:colcon.colcon_core.package_identification:_identify(src/dynamixel-workbench/dynamixel_workbench) by extension 'ignore'
[0.292s] Level 1:colcon.colcon_core.package_identification:_identify(src/dynamixel-workbench/dynamixel_workbench) by extension 'ignore_ament_install'
[0.292s] Level 1:colcon.colcon_core.package_identification:_identify(src/dynamixel-workbench/dynamixel_workbench) by extensions ['colcon_pkg']
[0.292s] Level 1:colcon.colcon_core.package_identification:_identify(src/dynamixel-workbench/dynamixel_workbench) by extension 'colcon_pkg'
[0.292s] Level 1:colcon.colcon_core.package_identification:_identify(src/dynamixel-workbench/dynamixel_workbench) by extensions ['colcon_meta']
[0.292s] Level 1:colcon.colcon_core.package_identification:_identify(src/dynamixel-workbench/dynamixel_workbench) by extension 'colcon_meta'
[0.292s] Level 1:colcon.colcon_core.package_identification:_identify(src/dynamixel-workbench/dynamixel_workbench) by extensions ['ros']
[0.292s] Level 1:colcon.colcon_core.package_identification:_identify(src/dynamixel-workbench/dynamixel_workbench) by extension 'ros'
[0.293s] DEBUG:colcon.colcon_core.package_identification:Package 'src/dynamixel-workbench/dynamixel_workbench' with type 'ros.ament_cmake' and name 'dynamixel_workbench'
[0.293s] Level 1:colcon.colcon_core.package_identification:_identify(src/dynamixel-workbench/dynamixel_workbench_toolbox) by extensions ['ignore', 'ignore_ament_install']
[0.293s] Level 1:colcon.colcon_core.package_identification:_identify(src/dynamixel-workbench/dynamixel_workbench_toolbox) by extension 'ignore'
[0.293s] Level 1:colcon.colcon_core.package_identification:_identify(src/dynamixel-workbench/dynamixel_workbench_toolbox) by extension 'ignore_ament_install'
[0.293s] Level 1:colcon.colcon_core.package_identification:_identify(src/dynamixel-workbench/dynamixel_workbench_toolbox) by extensions ['colcon_pkg']
[0.293s] Level 1:colcon.colcon_core.package_identification:_identify(src/dynamixel-workbench/dynamixel_workbench_toolbox) by extension 'colcon_pkg'
[0.293s] Level 1:colcon.colcon_core.package_identification:_identify(src/dynamixel-workbench/dynamixel_workbench_toolbox) by extensions ['colcon_meta']
[0.293s] Level 1:colcon.colcon_core.package_identification:_identify(src/dynamixel-workbench/dynamixel_workbench_toolbox) by extension 'colcon_meta'
[0.294s] Level 1:colcon.colcon_core.package_identification:_identify(src/dynamixel-workbench/dynamixel_workbench_toolbox) by extensions ['ros']
[0.294s] Level 1:colcon.colcon_core.package_identification:_identify(src/dynamixel-workbench/dynamixel_workbench_toolbox) by extension 'ros'
[0.295s] DEBUG:colcon.colcon_core.package_identification:Package 'src/dynamixel-workbench/dynamixel_workbench_toolbox' with type 'ros.ament_cmake' and name 'dynamixel_workbench_toolbox'
[0.295s] Level 1:colcon.colcon_core.package_identification:_identify(src/dynamixel_hardware_interface) by extensions ['ignore', 'ignore_ament_install']
[0.295s] Level 1:colcon.colcon_core.package_identification:_identify(src/dynamixel_hardware_interface) by extension 'ignore'
[0.295s] Level 1:colcon.colcon_core.package_identification:_identify(src/dynamixel_hardware_interface) by extension 'ignore_ament_install'
[0.295s] Level 1:colcon.colcon_core.package_identification:_identify(src/dynamixel_hardware_interface) by extensions ['colcon_pkg']
[0.295s] Level 1:colcon.colcon_core.package_identification:_identify(src/dynamixel_hardware_interface) by extension 'colcon_pkg'
[0.295s] Level 1:colcon.colcon_core.package_identification:_identify(src/dynamixel_hardware_interface) by extensions ['colcon_meta']
[0.295s] Level 1:colcon.colcon_core.package_identification:_identify(src/dynamixel_hardware_interface) by extension 'colcon_meta'
[0.295s] Level 1:colcon.colcon_core.package_identification:_identify(src/dynamixel_hardware_interface) by extensions ['ros']
[0.295s] Level 1:colcon.colcon_core.package_identification:_identify(src/dynamixel_hardware_interface) by extension 'ros'
[0.297s] DEBUG:colcon.colcon_core.package_identification:Package 'src/dynamixel_hardware_interface' with type 'ros.ament_cmake' and name 'dynamixel_hardware_interface'
[0.297s] Level 1:colcon.colcon_core.package_identification:_identify(src/my_quadruped_bringup) by extensions ['ignore', 'ignore_ament_install']
[0.297s] Level 1:colcon.colcon_core.package_identification:_identify(src/my_quadruped_bringup) by extension 'ignore'
[0.297s] Level 1:colcon.colcon_core.package_identification:_identify(src/my_quadruped_bringup) by extension 'ignore_ament_install'
[0.297s] Level 1:colcon.colcon_core.package_identification:_identify(src/my_quadruped_bringup) by extensions ['colcon_pkg']
[0.297s] Level 1:colcon.colcon_core.package_identification:_identify(src/my_quadruped_bringup) by extension 'colcon_pkg'
[0.297s] Level 1:colcon.colcon_core.package_identification:_identify(src/my_quadruped_bringup) by extensions ['colcon_meta']
[0.297s] Level 1:colcon.colcon_core.package_identification:_identify(src/my_quadruped_bringup) by extension 'colcon_meta'
[0.297s] Level 1:colcon.colcon_core.package_identification:_identify(src/my_quadruped_bringup) by extensions ['ros']
[0.297s] Level 1:colcon.colcon_core.package_identification:_identify(src/my_quadruped_bringup) by extension 'ros'
[0.298s] DEBUG:colcon.colcon_core.package_identification:Package 'src/my_quadruped_bringup' with type 'ros.ament_cmake' and name 'my_quadruped_bringup'
[0.299s] Level 1:colcon.colcon_core.package_identification:_identify(src/my_robot_bringup) by extensions ['ignore', 'ignore_ament_install']
[0.299s] Level 1:colcon.colcon_core.package_identification:_identify(src/my_robot_bringup) by extension 'ignore'
[0.299s] Level 1:colcon.colcon_core.package_identification:_identify(src/my_robot_bringup) by extension 'ignore_ament_install'
[0.299s] Level 1:colcon.colcon_core.package_identification:_identify(src/my_robot_bringup) by extensions ['colcon_pkg']
[0.299s] Level 1:colcon.colcon_core.package_identification:_identify(src/my_robot_bringup) by extension 'colcon_pkg'
[0.299s] Level 1:colcon.colcon_core.package_identification:_identify(src/my_robot_bringup) by extensions ['colcon_meta']
[0.299s] Level 1:colcon.colcon_core.package_identification:_identify(src/my_robot_bringup) by extension 'colcon_meta'
[0.299s] Level 1:colcon.colcon_core.package_identification:_identify(src/my_robot_bringup) by extensions ['ros']
[0.299s] Level 1:colcon.colcon_core.package_identification:_identify(src/my_robot_bringup) by extension 'ros'
[0.300s] DEBUG:colcon.colcon_core.package_identification:Package 'src/my_robot_bringup' with type 'ros.ament_cmake' and name 'my_robot_bringup'
[0.300s] Level 1:colcon.colcon_core.package_identification:_identify(src/my_robot_hardware_interface) by extensions ['ignore', 'ignore_ament_install']
[0.300s] Level 1:colcon.colcon_core.package_identification:_identify(src/my_robot_hardware_interface) by extension 'ignore'
[0.301s] Level 1:colcon.colcon_core.package_identification:_identify(src/my_robot_hardware_interface) by extension 'ignore_ament_install'
[0.301s] Level 1:colcon.colcon_core.package_identification:_identify(src/my_robot_hardware_interface) by extensions ['colcon_pkg']
[0.301s] Level 1:colcon.colcon_core.package_identification:_identify(src/my_robot_hardware_interface) by extension 'colcon_pkg'
[0.301s] Level 1:colcon.colcon_core.package_identification:_identify(src/my_robot_hardware_interface) by extensions ['colcon_meta']
[0.301s] Level 1:colcon.colcon_core.package_identification:_identify(src/my_robot_hardware_interface) by extension 'colcon_meta'
[0.301s] Level 1:colcon.colcon_core.package_identification:_identify(src/my_robot_hardware_interface) by extensions ['ros']
[0.301s] Level 1:colcon.colcon_core.package_identification:_identify(src/my_robot_hardware_interface) by extension 'ros'
[0.302s] DEBUG:colcon.colcon_core.package_identification:Package 'src/my_robot_hardware_interface' with type 'ros.ament_cmake' and name 'my_robot_hardware_interface'
[0.302s] Level 1:colcon.colcon_core.package_identification:_identify(src/ros2_control_course) by extensions ['ignore', 'ignore_ament_install']
[0.302s] Level 1:colcon.colcon_core.package_identification:_identify(src/ros2_control_course) by extension 'ignore'
[0.303s] Level 1:colcon.colcon_core.package_identification:_identify(src/ros2_control_course) by extension 'ignore_ament_install'
[0.303s] Level 1:colcon.colcon_core.package_identification:_identify(src/ros2_control_course) by extensions ['colcon_pkg']
[0.303s] Level 1:colcon.colcon_core.package_identification:_identify(src/ros2_control_course) by extension 'colcon_pkg'
[0.303s] Level 1:colcon.colcon_core.package_identification:_identify(src/ros2_control_course) by extensions ['colcon_meta']
[0.303s] Level 1:colcon.colcon_core.package_identification:_identify(src/ros2_control_course) by extension 'colcon_meta'
[0.303s] Level 1:colcon.colcon_core.package_identification:_identify(src/ros2_control_course) by extensions ['ros']
[0.303s] Level 1:colcon.colcon_core.package_identification:_identify(src/ros2_control_course) by extension 'ros'
[0.303s] Level 1:colcon.colcon_core.package_identification:_identify(src/ros2_control_course) by extensions ['cmake', 'python']
[0.303s] Level 1:colcon.colcon_core.package_identification:_identify(src/ros2_control_course) by extension 'cmake'
[0.303s] Level 1:colcon.colcon_core.package_identification:_identify(src/ros2_control_course) by extension 'python'
[0.303s] Level 1:colcon.colcon_core.package_identification:_identify(src/ros2_control_course) by extensions ['python_setup_py']
[0.303s] Level 1:colcon.colcon_core.package_identification:_identify(src/ros2_control_course) by extension 'python_setup_py'
[0.304s] Level 1:colcon.colcon_core.package_identification:_identify(src/ros2_control_course/common) by extensions ['ignore', 'ignore_ament_install']
[0.304s] Level 1:colcon.colcon_core.package_identification:_identify(src/ros2_control_course/common) by extension 'ignore'
[0.304s] Level 1:colcon.colcon_core.package_identification:_identify(src/ros2_control_course/common) by extension 'ignore_ament_install'
[0.304s] Level 1:colcon.colcon_core.package_identification:_identify(src/ros2_control_course/common) by extensions ['colcon_pkg']
[0.304s] Level 1:colcon.colcon_core.package_identification:_identify(src/ros2_control_course/common) by extension 'colcon_pkg'
[0.304s] Level 1:colcon.colcon_core.package_identification:_identify(src/ros2_control_course/common) by extensions ['colcon_meta']
[0.304s] Level 1:colcon.colcon_core.package_identification:_identify(src/ros2_control_course/common) by extension 'colcon_meta'
[0.304s] Level 1:colcon.colcon_core.package_identification:_identify(src/ros2_control_course/common) by extensions ['ros']
[0.304s] Level 1:colcon.colcon_core.package_identification:_identify(src/ros2_control_course/common) by extension 'ros'
[0.304s] Level 1:colcon.colcon_core.package_identification:_identify(src/ros2_control_course/common) by extensions ['cmake', 'python']
[0.304s] Level 1:colcon.colcon_core.package_identification:_identify(src/ros2_control_course/common) by extension 'cmake'
[0.304s] Level 1:colcon.colcon_core.package_identification:_identify(src/ros2_control_course/common) by extension 'python'
[0.305s] Level 1:colcon.colcon_core.package_identification:_identify(src/ros2_control_course/common) by extensions ['python_setup_py']
[0.305s] Level 1:colcon.colcon_core.package_identification:_identify(src/ros2_control_course/common) by extension 'python_setup_py'
[0.305s] Level 1:colcon.colcon_core.package_identification:_identify(src/ros2_control_course/common/joint_trajectory_publisher) by extensions ['ignore', 'ignore_ament_install']
[0.305s] Level 1:colcon.colcon_core.package_identification:_identify(src/ros2_control_course/common/joint_trajectory_publisher) by extension 'ignore'
[0.306s] Level 1:colcon.colcon_core.package_identification:_identify(src/ros2_control_course/common/joint_trajectory_publisher) by extension 'ignore_ament_install'
[0.306s] Level 1:colcon.colcon_core.package_identification:_identify(src/ros2_control_course/common/joint_trajectory_publisher) by extensions ['colcon_pkg']
[0.306s] Level 1:colcon.colcon_core.package_identification:_identify(src/ros2_control_course/common/joint_trajectory_publisher) by extension 'colcon_pkg'
[0.306s] Level 1:colcon.colcon_core.package_identification:_identify(src/ros2_control_course/common/joint_trajectory_publisher) by extensions ['colcon_meta']
[0.306s] Level 1:colcon.colcon_core.package_identification:_identify(src/ros2_control_course/common/joint_trajectory_publisher) by extension 'colcon_meta'
[0.306s] Level 1:colcon.colcon_core.package_identification:_identify(src/ros2_control_course/common/joint_trajectory_publisher) by extensions ['ros']
[0.306s] Level 1:colcon.colcon_core.package_identification:_identify(src/ros2_control_course/common/joint_trajectory_publisher) by extension 'ros'
[0.307s] DEBUG:colcon.colcon_core.package_identification:Package 'src/ros2_control_course/common/joint_trajectory_publisher' with type 'ros.ament_python' and name 'joint_trajectory_publisher'
[0.307s] Level 1:colcon.colcon_core.package_identification:_identify(src/ros2_control_course/unit1) by extensions ['ignore', 'ignore_ament_install']
[0.307s] Level 1:colcon.colcon_core.package_identification:_identify(src/ros2_control_course/unit1) by extension 'ignore'
[0.307s] Level 1:colcon.colcon_core.package_identification:_identify(src/ros2_control_course/unit1) by extension 'ignore_ament_install'
[0.307s] Level 1:colcon.colcon_core.package_identification:_identify(src/ros2_control_course/unit1) by extensions ['colcon_pkg']
[0.307s] Level 1:colcon.colcon_core.package_identification:_identify(src/ros2_control_course/unit1) by extension 'colcon_pkg'
[0.308s] Level 1:colcon.colcon_core.package_identification:_identify(src/ros2_control_course/unit1) by extensions ['colcon_meta']
[0.308s] Level 1:colcon.colcon_core.package_identification:_identify(src/ros2_control_course/unit1) by extension 'colcon_meta'
[0.308s] Level 1:colcon.colcon_core.package_identification:_identify(src/ros2_control_course/unit1) by extensions ['ros']
[0.308s] Level 1:colcon.colcon_core.package_identification:_identify(src/ros2_control_course/unit1) by extension 'ros'
[0.308s] Level 1:colcon.colcon_core.package_identification:_identify(src/ros2_control_course/unit1) by extensions ['cmake', 'python']
[0.308s] Level 1:colcon.colcon_core.package_identification:_identify(src/ros2_control_course/unit1) by extension 'cmake'
[0.308s] Level 1:colcon.colcon_core.package_identification:_identify(src/ros2_control_course/unit1) by extension 'python'
[0.308s] Level 1:colcon.colcon_core.package_identification:_identify(src/ros2_control_course/unit1) by extensions ['python_setup_py']
[0.308s] Level 1:colcon.colcon_core.package_identification:_identify(src/ros2_control_course/unit1) by extension 'python_setup_py'
[0.308s] Level 1:colcon.colcon_core.package_identification:_identify(src/ros2_control_course/unit1/joint_trajectory_demo) by extensions ['ignore', 'ignore_ament_install']
[0.308s] Level 1:colcon.colcon_core.package_identification:_identify(src/ros2_control_course/unit1/joint_trajectory_demo) by extension 'ignore'
[0.309s] Level 1:colcon.colcon_core.package_identification:_identify(src/ros2_control_course/unit1/joint_trajectory_demo) by extension 'ignore_ament_install'
[0.309s] Level 1:colcon.colcon_core.package_identification:_identify(src/ros2_control_course/unit1/joint_trajectory_demo) by extensions ['colcon_pkg']
[0.309s] Level 1:colcon.colcon_core.package_identification:_identify(src/ros2_control_course/unit1/joint_trajectory_demo) by extension 'colcon_pkg'
[0.309s] Level 1:colcon.colcon_core.package_identification:_identify(src/ros2_control_course/unit1/joint_trajectory_demo) by extensions ['colcon_meta']
[0.309s] Level 1:colcon.colcon_core.package_identification:_identify(src/ros2_control_course/unit1/joint_trajectory_demo) by extension 'colcon_meta'
[0.309s] Level 1:colcon.colcon_core.package_identification:_identify(src/ros2_control_course/unit1/joint_trajectory_demo) by extensions ['ros']
[0.309s] Level 1:colcon.colcon_core.package_identification:_identify(src/ros2_control_course/unit1/joint_trajectory_demo) by extension 'ros'
[0.310s] DEBUG:colcon.colcon_core.package_identification:Package 'src/ros2_control_course/unit1/joint_trajectory_demo' with type 'ros.ament_python' and name 'joint_trajectory_demo'
[0.310s] Level 1:colcon.colcon_core.package_identification:_identify(src/ros2_control_course/unit2) by extensions ['ignore', 'ignore_ament_install']
[0.310s] Level 1:colcon.colcon_core.package_identification:_identify(src/ros2_control_course/unit2) by extension 'ignore'
[0.310s] Level 1:colcon.colcon_core.package_identification:_identify(src/ros2_control_course/unit2) by extension 'ignore_ament_install'
[0.310s] Level 1:colcon.colcon_core.package_identification:_identify(src/ros2_control_course/unit2) by extensions ['colcon_pkg']
[0.310s] Level 1:colcon.colcon_core.package_identification:_identify(src/ros2_control_course/unit2) by extension 'colcon_pkg'
[0.310s] Level 1:colcon.colcon_core.package_identification:_identify(src/ros2_control_course/unit2) by extensions ['colcon_meta']
[0.311s] Level 1:colcon.colcon_core.package_identification:_identify(src/ros2_control_course/unit2) by extension 'colcon_meta'
[0.311s] Level 1:colcon.colcon_core.package_identification:_identify(src/ros2_control_course/unit2) by extensions ['ros']
[0.311s] Level 1:colcon.colcon_core.package_identification:_identify(src/ros2_control_course/unit2) by extension 'ros'
[0.311s] Level 1:colcon.colcon_core.package_identification:_identify(src/ros2_control_course/unit2) by extensions ['cmake', 'python']
[0.311s] Level 1:colcon.colcon_core.package_identification:_identify(src/ros2_control_course/unit2) by extension 'cmake'
[0.311s] Level 1:colcon.colcon_core.package_identification:_identify(src/ros2_control_course/unit2) by extension 'python'
[0.311s] Level 1:colcon.colcon_core.package_identification:_identify(src/ros2_control_course/unit2) by extensions ['python_setup_py']
[0.311s] Level 1:colcon.colcon_core.package_identification:_identify(src/ros2_control_course/unit2) by extension 'python_setup_py'
[0.311s] Level 1:colcon.colcon_core.package_identification:_identify(src/ros2_control_course/unit2/rrbot_unit2) by extensions ['ignore', 'ignore_ament_install']
[0.311s] Level 1:colcon.colcon_core.package_identification:_identify(src/ros2_control_course/unit2/rrbot_unit2) by extension 'ignore'
[0.312s] Level 1:colcon.colcon_core.package_identification:_identify(src/ros2_control_course/unit2/rrbot_unit2) by extension 'ignore_ament_install'
[0.312s] Level 1:colcon.colcon_core.package_identification:_identify(src/ros2_control_course/unit2/rrbot_unit2) by extensions ['colcon_pkg']
[0.312s] Level 1:colcon.colcon_core.package_identification:_identify(src/ros2_control_course/unit2/rrbot_unit2) by extension 'colcon_pkg'
[0.312s] Level 1:colcon.colcon_core.package_identification:_identify(src/ros2_control_course/unit2/rrbot_unit2) by extensions ['colcon_meta']
[0.312s] Level 1:colcon.colcon_core.package_identification:_identify(src/ros2_control_course/unit2/rrbot_unit2) by extension 'colcon_meta'
[0.312s] Level 1:colcon.colcon_core.package_identification:_identify(src/ros2_control_course/unit2/rrbot_unit2) by extensions ['ros']
[0.312s] Level 1:colcon.colcon_core.package_identification:_identify(src/ros2_control_course/unit2/rrbot_unit2) by extension 'ros'
[0.313s] DEBUG:colcon.colcon_core.package_identification:Package 'src/ros2_control_course/unit2/rrbot_unit2' with type 'ros.ament_cmake' and name 'rrbot_unit2'
[0.313s] Level 1:colcon.colcon_core.package_identification:_identify(src/ros2_control_course/unit3) by extensions ['ignore', 'ignore_ament_install']
[0.313s] Level 1:colcon.colcon_core.package_identification:_identify(src/ros2_control_course/unit3) by extension 'ignore'
[0.313s] Level 1:colcon.colcon_core.package_identification:_identify(src/ros2_control_course/unit3) by extension 'ignore_ament_install'
[0.313s] Level 1:colcon.colcon_core.package_identification:_identify(src/ros2_control_course/unit3) by extensions ['colcon_pkg']
[0.313s] Level 1:colcon.colcon_core.package_identification:_identify(src/ros2_control_course/unit3) by extension 'colcon_pkg'
[0.313s] Level 1:colcon.colcon_core.package_identification:_identify(src/ros2_control_course/unit3) by extensions ['colcon_meta']
[0.313s] Level 1:colcon.colcon_core.package_identification:_identify(src/ros2_control_course/unit3) by extension 'colcon_meta'
[0.313s] Level 1:colcon.colcon_core.package_identification:_identify(src/ros2_control_course/unit3) by extensions ['ros']
[0.313s] Level 1:colcon.colcon_core.package_identification:_identify(src/ros2_control_course/unit3) by extension 'ros'
[0.313s] Level 1:colcon.colcon_core.package_identification:_identify(src/ros2_control_course/unit3) by extensions ['cmake', 'python']
[0.313s] Level 1:colcon.colcon_core.package_identification:_identify(src/ros2_control_course/unit3) by extension 'cmake'
[0.313s] Level 1:colcon.colcon_core.package_identification:_identify(src/ros2_control_course/unit3) by extension 'python'
[0.313s] Level 1:colcon.colcon_core.package_identification:_identify(src/ros2_control_course/unit3) by extensions ['python_setup_py']
[0.313s] Level 1:colcon.colcon_core.package_identification:_identify(src/ros2_control_course/unit3) by extension 'python_setup_py'
[0.314s] Level 1:colcon.colcon_core.package_identification:_identify(src/ros2_control_course/unit3/rrbot_unit3) by extensions ['ignore', 'ignore_ament_install']
[0.314s] Level 1:colcon.colcon_core.package_identification:_identify(src/ros2_control_course/unit3/rrbot_unit3) by extension 'ignore'
[0.314s] Level 1:colcon.colcon_core.package_identification:_identify(src/ros2_control_course/unit3/rrbot_unit3) by extension 'ignore_ament_install'
[0.314s] Level 1:colcon.colcon_core.package_identification:_identify(src/ros2_control_course/unit3/rrbot_unit3) by extensions ['colcon_pkg']
[0.314s] Level 1:colcon.colcon_core.package_identification:_identify(src/ros2_control_course/unit3/rrbot_unit3) by extension 'colcon_pkg'
[0.314s] Level 1:colcon.colcon_core.package_identification:_identify(src/ros2_control_course/unit3/rrbot_unit3) by extensions ['colcon_meta']
[0.314s] Level 1:colcon.colcon_core.package_identification:_identify(src/ros2_control_course/unit3/rrbot_unit3) by extension 'colcon_meta'
[0.314s] Level 1:colcon.colcon_core.package_identification:_identify(src/ros2_control_course/unit3/rrbot_unit3) by extensions ['ros']
[0.314s] Level 1:colcon.colcon_core.package_identification:_identify(src/ros2_control_course/unit3/rrbot_unit3) by extension 'ros'
[0.315s] DEBUG:colcon.colcon_core.package_identification:Package 'src/ros2_control_course/unit3/rrbot_unit3' with type 'ros.ament_cmake' and name 'rrbot_unit3'
[0.315s] Level 1:colcon.colcon_core.package_identification:_identify(src/ros2_control_course/unit4) by extensions ['ignore', 'ignore_ament_install']
[0.315s] Level 1:colcon.colcon_core.package_identification:_identify(src/ros2_control_course/unit4) by extension 'ignore'
[0.315s] Level 1:colcon.colcon_core.package_identification:_identify(src/ros2_control_course/unit4) by extension 'ignore_ament_install'
[0.315s] Level 1:colcon.colcon_core.package_identification:_identify(src/ros2_control_course/unit4) by extensions ['colcon_pkg']
[0.315s] Level 1:colcon.colcon_core.package_identification:_identify(src/ros2_control_course/unit4) by extension 'colcon_pkg'
[0.315s] Level 1:colcon.colcon_core.package_identification:_identify(src/ros2_control_course/unit4) by extensions ['colcon_meta']
[0.315s] Level 1:colcon.colcon_core.package_identification:_identify(src/ros2_control_course/unit4) by extension 'colcon_meta'
[0.315s] Level 1:colcon.colcon_core.package_identification:_identify(src/ros2_control_course/unit4) by extensions ['ros']
[0.315s] Level 1:colcon.colcon_core.package_identification:_identify(src/ros2_control_course/unit4) by extension 'ros'
[0.315s] Level 1:colcon.colcon_core.package_identification:_identify(src/ros2_control_course/unit4) by extensions ['cmake', 'python']
[0.315s] Level 1:colcon.colcon_core.package_identification:_identify(src/ros2_control_course/unit4) by extension 'cmake'
[0.315s] Level 1:colcon.colcon_core.package_identification:_identify(src/ros2_control_course/unit4) by extension 'python'
[0.315s] Level 1:colcon.colcon_core.package_identification:_identify(src/ros2_control_course/unit4) by extensions ['python_setup_py']
[0.316s] Level 1:colcon.colcon_core.package_identification:_identify(src/ros2_control_course/unit4) by extension 'python_setup_py'
[0.316s] Level 1:colcon.colcon_core.package_identification:_identify(src/ros2_control_course/unit4/rrbot_unit4) by extensions ['ignore', 'ignore_ament_install']
[0.316s] Level 1:colcon.colcon_core.package_identification:_identify(src/ros2_control_course/unit4/rrbot_unit4) by extension 'ignore'
[0.316s] Level 1:colcon.colcon_core.package_identification:_identify(src/ros2_control_course/unit4/rrbot_unit4) by extension 'ignore_ament_install'
[0.316s] Level 1:colcon.colcon_core.package_identification:_identify(src/ros2_control_course/unit4/rrbot_unit4) by extensions ['colcon_pkg']
[0.316s] Level 1:colcon.colcon_core.package_identification:_identify(src/ros2_control_course/unit4/rrbot_unit4) by extension 'colcon_pkg'
[0.316s] Level 1:colcon.colcon_core.package_identification:_identify(src/ros2_control_course/unit4/rrbot_unit4) by extensions ['colcon_meta']
[0.316s] Level 1:colcon.colcon_core.package_identification:_identify(src/ros2_control_course/unit4/rrbot_unit4) by extension 'colcon_meta'
[0.316s] Level 1:colcon.colcon_core.package_identification:_identify(src/ros2_control_course/unit4/rrbot_unit4) by extensions ['ros']
[0.316s] Level 1:colcon.colcon_core.package_identification:_identify(src/ros2_control_course/unit4/rrbot_unit4) by extension 'ros'
[0.317s] DEBUG:colcon.colcon_core.package_identification:Package 'src/ros2_control_course/unit4/rrbot_unit4' with type 'ros.ament_cmake' and name 'rrbot_unit4'
[0.317s] Level 1:colcon.colcon_core.package_identification:_identify(src/ros2_control_course/unit5) by extensions ['ignore', 'ignore_ament_install']
[0.317s] Level 1:colcon.colcon_core.package_identification:_identify(src/ros2_control_course/unit5) by extension 'ignore'
[0.317s] Level 1:colcon.colcon_core.package_identification:_identify(src/ros2_control_course/unit5) by extension 'ignore_ament_install'
[0.317s] Level 1:colcon.colcon_core.package_identification:_identify(src/ros2_control_course/unit5) by extensions ['colcon_pkg']
[0.317s] Level 1:colcon.colcon_core.package_identification:_identify(src/ros2_control_course/unit5) by extension 'colcon_pkg'
[0.317s] Level 1:colcon.colcon_core.package_identification:_identify(src/ros2_control_course/unit5) by extensions ['colcon_meta']
[0.317s] Level 1:colcon.colcon_core.package_identification:_identify(src/ros2_control_course/unit5) by extension 'colcon_meta'
[0.317s] Level 1:colcon.colcon_core.package_identification:_identify(src/ros2_control_course/unit5) by extensions ['ros']
[0.317s] Level 1:colcon.colcon_core.package_identification:_identify(src/ros2_control_course/unit5) by extension 'ros'
[0.317s] Level 1:colcon.colcon_core.package_identification:_identify(src/ros2_control_course/unit5) by extensions ['cmake', 'python']
[0.317s] Level 1:colcon.colcon_core.package_identification:_identify(src/ros2_control_course/unit5) by extension 'cmake'
[0.317s] Level 1:colcon.colcon_core.package_identification:_identify(src/ros2_control_course/unit5) by extension 'python'
[0.317s] Level 1:colcon.colcon_core.package_identification:_identify(src/ros2_control_course/unit5) by extensions ['python_setup_py']
[0.318s] Level 1:colcon.colcon_core.package_identification:_identify(src/ros2_control_course/unit5) by extension 'python_setup_py'
[0.318s] Level 1:colcon.colcon_core.package_identification:_identify(src/ros2_control_course/unit5/diffbot_description) by extensions ['ignore', 'ignore_ament_install']
[0.318s] Level 1:colcon.colcon_core.package_identification:_identify(src/ros2_control_course/unit5/diffbot_description) by extension 'ignore'
[0.318s] Level 1:colcon.colcon_core.package_identification:_identify(src/ros2_control_course/unit5/diffbot_description) by extension 'ignore_ament_install'
[0.318s] Level 1:colcon.colcon_core.package_identification:_identify(src/ros2_control_course/unit5/diffbot_description) by extensions ['colcon_pkg']
[0.318s] Level 1:colcon.colcon_core.package_identification:_identify(src/ros2_control_course/unit5/diffbot_description) by extension 'colcon_pkg'
[0.318s] Level 1:colcon.colcon_core.package_identification:_identify(src/ros2_control_course/unit5/diffbot_description) by extensions ['colcon_meta']
[0.318s] Level 1:colcon.colcon_core.package_identification:_identify(src/ros2_control_course/unit5/diffbot_description) by extension 'colcon_meta'
[0.318s] Level 1:colcon.colcon_core.package_identification:_identify(src/ros2_control_course/unit5/diffbot_description) by extensions ['ros']
[0.318s] Level 1:colcon.colcon_core.package_identification:_identify(src/ros2_control_course/unit5/diffbot_description) by extension 'ros'
[0.319s] DEBUG:colcon.colcon_core.package_identification:Package 'src/ros2_control_course/unit5/diffbot_description' with type 'ros.ament_cmake' and name 'diffbot_description'
[0.319s] Level 1:colcon.colcon_core.package_identification:_identify(src/ros2_control_course/unit5/diffbot_sim) by extensions ['ignore', 'ignore_ament_install']
[0.319s] Level 1:colcon.colcon_core.package_identification:_identify(src/ros2_control_course/unit5/diffbot_sim) by extension 'ignore'
[0.319s] Level 1:colcon.colcon_core.package_identification:_identify(src/ros2_control_course/unit5/diffbot_sim) by extension 'ignore_ament_install'
[0.320s] Level 1:colcon.colcon_core.package_identification:_identify(src/ros2_control_course/unit5/diffbot_sim) by extensions ['colcon_pkg']
[0.320s] Level 1:colcon.colcon_core.package_identification:_identify(src/ros2_control_course/unit5/diffbot_sim) by extension 'colcon_pkg'
[0.320s] Level 1:colcon.colcon_core.package_identification:_identify(src/ros2_control_course/unit5/diffbot_sim) by extensions ['colcon_meta']
[0.320s] Level 1:colcon.colcon_core.package_identification:_identify(src/ros2_control_course/unit5/diffbot_sim) by extension 'colcon_meta'
[0.320s] Level 1:colcon.colcon_core.package_identification:_identify(src/ros2_control_course/unit5/diffbot_sim) by extensions ['ros']
[0.320s] Level 1:colcon.colcon_core.package_identification:_identify(src/ros2_control_course/unit5/diffbot_sim) by extension 'ros'
[0.321s] DEBUG:colcon.colcon_core.package_identification:Package 'src/ros2_control_course/unit5/diffbot_sim' with type 'ros.ament_cmake' and name 'diffbot_sim'
[0.321s] Level 1:colcon.colcon_core.package_identification:_identify(src/ros2_control_course/unit5/rrbot_unit5) by extensions ['ignore', 'ignore_ament_install']
[0.321s] Level 1:colcon.colcon_core.package_identification:_identify(src/ros2_control_course/unit5/rrbot_unit5) by extension 'ignore'
[0.321s] Level 1:colcon.colcon_core.package_identification:_identify(src/ros2_control_course/unit5/rrbot_unit5) by extension 'ignore_ament_install'
[0.321s] Level 1:colcon.colcon_core.package_identification:_identify(src/ros2_control_course/unit5/rrbot_unit5) by extensions ['colcon_pkg']
[0.322s] Level 1:colcon.colcon_core.package_identification:_identify(src/ros2_control_course/unit5/rrbot_unit5) by extension 'colcon_pkg'
[0.322s] Level 1:colcon.colcon_core.package_identification:_identify(src/ros2_control_course/unit5/rrbot_unit5) by extensions ['colcon_meta']
[0.322s] Level 1:colcon.colcon_core.package_identification:_identify(src/ros2_control_course/unit5/rrbot_unit5) by extension 'colcon_meta'
[0.322s] Level 1:colcon.colcon_core.package_identification:_identify(src/ros2_control_course/unit5/rrbot_unit5) by extensions ['ros']
[0.322s] Level 1:colcon.colcon_core.package_identification:_identify(src/ros2_control_course/unit5/rrbot_unit5) by extension 'ros'
[0.323s] DEBUG:colcon.colcon_core.package_identification:Package 'src/ros2_control_course/unit5/rrbot_unit5' with type 'ros.ament_cmake' and name 'rrbot_unit5'
[0.323s] Level 1:colcon.colcon_core.package_identification:_identify(src/ros2_control_course/unit5/spawn_robot) by extensions ['ignore', 'ignore_ament_install']
[0.323s] Level 1:colcon.colcon_core.package_identification:_identify(src/ros2_control_course/unit5/spawn_robot) by extension 'ignore'
[0.323s] Level 1:colcon.colcon_core.package_identification:_identify(src/ros2_control_course/unit5/spawn_robot) by extension 'ignore_ament_install'
[0.323s] Level 1:colcon.colcon_core.package_identification:_identify(src/ros2_control_course/unit5/spawn_robot) by extensions ['colcon_pkg']
[0.323s] Level 1:colcon.colcon_core.package_identification:_identify(src/ros2_control_course/unit5/spawn_robot) by extension 'colcon_pkg'
[0.323s] Level 1:colcon.colcon_core.package_identification:_identify(src/ros2_control_course/unit5/spawn_robot) by extensions ['colcon_meta']
[0.323s] Level 1:colcon.colcon_core.package_identification:_identify(src/ros2_control_course/unit5/spawn_robot) by extension 'colcon_meta'
[0.323s] Level 1:colcon.colcon_core.package_identification:_identify(src/ros2_control_course/unit5/spawn_robot) by extensions ['ros']
[0.323s] Level 1:colcon.colcon_core.package_identification:_identify(src/ros2_control_course/unit5/spawn_robot) by extension 'ros'
[0.324s] DEBUG:colcon.colcon_core.package_identification:Package 'src/ros2_control_course/unit5/spawn_robot' with type 'ros.ament_cmake' and name 'spawn_robot'
[0.324s] Level 1:colcon.colcon_core.package_identification:_identify(src/ros2_control_course/unit6) by extensions ['ignore', 'ignore_ament_install']
[0.324s] Level 1:colcon.colcon_core.package_identification:_identify(src/ros2_control_course/unit6) by extension 'ignore'
[0.324s] Level 1:colcon.colcon_core.package_identification:_identify(src/ros2_control_course/unit6) by extension 'ignore_ament_install'
[0.324s] Level 1:colcon.colcon_core.package_identification:_identify(src/ros2_control_course/unit6) by extensions ['colcon_pkg']
[0.324s] Level 1:colcon.colcon_core.package_identification:_identify(src/ros2_control_course/unit6) by extension 'colcon_pkg'
[0.325s] Level 1:colcon.colcon_core.package_identification:_identify(src/ros2_control_course/unit6) by extensions ['colcon_meta']
[0.325s] Level 1:colcon.colcon_core.package_identification:_identify(src/ros2_control_course/unit6) by extension 'colcon_meta'
[0.325s] Level 1:colcon.colcon_core.package_identification:_identify(src/ros2_control_course/unit6) by extensions ['ros']
[0.325s] Level 1:colcon.colcon_core.package_identification:_identify(src/ros2_control_course/unit6) by extension 'ros'
[0.325s] Level 1:colcon.colcon_core.package_identification:_identify(src/ros2_control_course/unit6) by extensions ['cmake', 'python']
[0.325s] Level 1:colcon.colcon_core.package_identification:_identify(src/ros2_control_course/unit6) by extension 'cmake'
[0.325s] Level 1:colcon.colcon_core.package_identification:_identify(src/ros2_control_course/unit6) by extension 'python'
[0.325s] Level 1:colcon.colcon_core.package_identification:_identify(src/ros2_control_course/unit6) by extensions ['python_setup_py']
[0.325s] Level 1:colcon.colcon_core.package_identification:_identify(src/ros2_control_course/unit6) by extension 'python_setup_py'
[0.325s] Level 1:colcon.colcon_core.package_identification:_identify(src/ros2_control_course/unit6/solo_description) by extensions ['ignore', 'ignore_ament_install']
[0.325s] Level 1:colcon.colcon_core.package_identification:_identify(src/ros2_control_course/unit6/solo_description) by extension 'ignore'
[0.325s] Level 1:colcon.colcon_core.package_identification:_identify(src/ros2_control_course/unit6/solo_description) by extension 'ignore_ament_install'
[0.326s] Level 1:colcon.colcon_core.package_identification:_identify(src/ros2_control_course/unit6/solo_description) by extensions ['colcon_pkg']
[0.326s] Level 1:colcon.colcon_core.package_identification:_identify(src/ros2_control_course/unit6/solo_description) by extension 'colcon_pkg'
[0.326s] Level 1:colcon.colcon_core.package_identification:_identify(src/ros2_control_course/unit6/solo_description) by extensions ['colcon_meta']
[0.326s] Level 1:colcon.colcon_core.package_identification:_identify(src/ros2_control_course/unit6/solo_description) by extension 'colcon_meta'
[0.326s] Level 1:colcon.colcon_core.package_identification:_identify(src/ros2_control_course/unit6/solo_description) by extensions ['ros']
[0.326s] Level 1:colcon.colcon_core.package_identification:_identify(src/ros2_control_course/unit6/solo_description) by extension 'ros'
[0.327s] DEBUG:colcon.colcon_core.package_identification:Package 'src/ros2_control_course/unit6/solo_description' with type 'ros.ament_cmake' and name 'solo_description'
[0.327s] Level 1:colcon.colcon_core.package_identification:_identify(src/ros2_control_course/unit6/spawn_solo) by extensions ['ignore', 'ignore_ament_install']
[0.327s] Level 1:colcon.colcon_core.package_identification:_identify(src/ros2_control_course/unit6/spawn_solo) by extension 'ignore'
[0.327s] Level 1:colcon.colcon_core.package_identification:_identify(src/ros2_control_course/unit6/spawn_solo) by extension 'ignore_ament_install'
[0.327s] Level 1:colcon.colcon_core.package_identification:_identify(src/ros2_control_course/unit6/spawn_solo) by extensions ['colcon_pkg']
[0.327s] Level 1:colcon.colcon_core.package_identification:_identify(src/ros2_control_course/unit6/spawn_solo) by extension 'colcon_pkg'
[0.327s] Level 1:colcon.colcon_core.package_identification:_identify(src/ros2_control_course/unit6/spawn_solo) by extensions ['colcon_meta']
[0.327s] Level 1:colcon.colcon_core.package_identification:_identify(src/ros2_control_course/unit6/spawn_solo) by extension 'colcon_meta'
[0.328s] Level 1:colcon.colcon_core.package_identification:_identify(src/ros2_control_course/unit6/spawn_solo) by extensions ['ros']
[0.328s] Level 1:colcon.colcon_core.package_identification:_identify(src/ros2_control_course/unit6/spawn_solo) by extension 'ros'
[0.328s] DEBUG:colcon.colcon_core.package_identification:Package 'src/ros2_control_course/unit6/spawn_solo' with type 'ros.ament_cmake' and name 'spawn_solo'
[0.328s] Level 1:colcon.colcon_core.package_identification:_identify(src/rrbot_controller) by extensions ['ignore', 'ignore_ament_install']
[0.328s] Level 1:colcon.colcon_core.package_identification:_identify(src/rrbot_controller) by extension 'ignore'
[0.328s] Level 1:colcon.colcon_core.package_identification:_identify(src/rrbot_controller) by extension 'ignore_ament_install'
[0.328s] Level 1:colcon.colcon_core.package_identification:_identify(src/rrbot_controller) by extensions ['colcon_pkg']
[0.328s] Level 1:colcon.colcon_core.package_identification:_identify(src/rrbot_controller) by extension 'colcon_pkg'
[0.329s] Level 1:colcon.colcon_core.package_identification:_identify(src/rrbot_controller) by extensions ['colcon_meta']
[0.329s] Level 1:colcon.colcon_core.package_identification:_identify(src/rrbot_controller) by extension 'colcon_meta'
[0.329s] Level 1:colcon.colcon_core.package_identification:_identify(src/rrbot_controller) by extensions ['ros']
[0.329s] Level 1:colcon.colcon_core.package_identification:_identify(src/rrbot_controller) by extension 'ros'
[0.330s] DEBUG:colcon.colcon_core.package_identification:Package 'src/rrbot_controller' with type 'ros.ament_cmake' and name 'rrbot_controller'
[0.330s] Level 1:colcon.colcon_core.package_discovery:discover_packages(recursive) using defaults
[0.330s] Level 1:colcon.colcon_core.package_discovery:discover_packages(ignore) discover
[0.331s] Level 1:colcon.colcon_core.package_discovery:discover_packages(ignore) using defaults
[0.331s] Level 1:colcon.colcon_core.package_discovery:discover_packages(path) discover
[0.331s] Level 1:colcon.colcon_core.package_discovery:discover_packages(path) using defaults
[0.365s] Level 5:colcon.colcon_core.verb:set package 'diffbot_description' build argument 'cmake_args' from command line to 'None'
[0.365s] Level 5:colcon.colcon_core.verb:set package 'diffbot_description' build argument 'cmake_target' from command line to 'None'
[0.365s] Level 5:colcon.colcon_core.verb:set package 'diffbot_description' build argument 'cmake_target_skip_unavailable' from command line to 'False'
[0.365s] Level 5:colcon.colcon_core.verb:set package 'diffbot_description' build argument 'cmake_clean_cache' from command line to 'False'
[0.365s] Level 5:colcon.colcon_core.verb:set package 'diffbot_description' build argument 'cmake_clean_first' from command line to 'False'
[0.366s] Level 5:colcon.colcon_core.verb:set package 'diffbot_description' build argument 'cmake_force_configure' from command line to 'False'
[0.366s] Level 5:colcon.colcon_core.verb:set package 'diffbot_description' build argument 'ament_cmake_args' from command line to 'None'
[0.366s] Level 5:colcon.colcon_core.verb:set package 'diffbot_description' build argument 'catkin_cmake_args' from command line to 'None'
[0.366s] Level 5:colcon.colcon_core.verb:set package 'diffbot_description' build argument 'catkin_skip_building_tests' from command line to 'False'
[0.366s] DEBUG:colcon.colcon_core.verb:Building package 'diffbot_description' with the following arguments: {'ament_cmake_args': None, 'build_base': '/home/user/ros2_ws/build/diffbot_description', 'catkin_cmake_args': None, 'catkin_skip_building_tests': False, 'cmake_args': None, 'cmake_clean_cache': False, 'cmake_clean_first': False, 'cmake_force_configure': False, 'cmake_target': None, 'cmake_target_skip_unavailable': False, 'install_base': '/home/user/ros2_ws/install/diffbot_description', 'merge_install': False, 'path': '/home/user/ros2_ws/src/ros2_control_course/unit5/diffbot_description', 'symlink_install': False, 'test_result_base': None}
[0.366s] Level 5:colcon.colcon_core.verb:set package 'diffbot_sim' build argument 'cmake_args' from command line to 'None'
[0.366s] Level 5:colcon.colcon_core.verb:set package 'diffbot_sim' build argument 'cmake_target' from command line to 'None'
[0.366s] Level 5:colcon.colcon_core.verb:set package 'diffbot_sim' build argument 'cmake_target_skip_unavailable' from command line to 'False'
[0.366s] Level 5:colcon.colcon_core.verb:set package 'diffbot_sim' build argument 'cmake_clean_cache' from command line to 'False'
[0.367s] Level 5:colcon.colcon_core.verb:set package 'diffbot_sim' build argument 'cmake_clean_first' from command line to 'False'
[0.367s] Level 5:colcon.colcon_core.verb:set package 'diffbot_sim' build argument 'cmake_force_configure' from command line to 'False'
[0.367s] Level 5:colcon.colcon_core.verb:set package 'diffbot_sim' build argument 'ament_cmake_args' from command line to 'None'
[0.367s] Level 5:colcon.colcon_core.verb:set package 'diffbot_sim' build argument 'catkin_cmake_args' from command line to 'None'
[0.367s] Level 5:colcon.colcon_core.verb:set package 'diffbot_sim' build argument 'catkin_skip_building_tests' from command line to 'False'
[0.367s] DEBUG:colcon.colcon_core.verb:Building package 'diffbot_sim' with the following arguments: {'ament_cmake_args': None, 'build_base': '/home/user/ros2_ws/build/diffbot_sim', 'catkin_cmake_args': None, 'catkin_skip_building_tests': False, 'cmake_args': None, 'cmake_clean_cache': False, 'cmake_clean_first': False, 'cmake_force_configure': False, 'cmake_target': None, 'cmake_target_skip_unavailable': False, 'install_base': '/home/user/ros2_ws/install/diffbot_sim', 'merge_install': False, 'path': '/home/user/ros2_ws/src/ros2_control_course/unit5/diffbot_sim', 'symlink_install': False, 'test_result_base': None}
[0.367s] Level 5:colcon.colcon_core.verb:set package 'dynamixel_sdk' build argument 'cmake_args' from command line to 'None'
[0.367s] Level 5:colcon.colcon_core.verb:set package 'dynamixel_sdk' build argument 'cmake_target' from command line to 'None'
[0.367s] Level 5:colcon.colcon_core.verb:set package 'dynamixel_sdk' build argument 'cmake_target_skip_unavailable' from command line to 'False'
[0.367s] Level 5:colcon.colcon_core.verb:set package 'dynamixel_sdk' build argument 'cmake_clean_cache' from command line to 'False'
[0.367s] Level 5:colcon.colcon_core.verb:set package 'dynamixel_sdk' build argument 'cmake_clean_first' from command line to 'False'
[0.367s] Level 5:colcon.colcon_core.verb:set package 'dynamixel_sdk' build argument 'cmake_force_configure' from command line to 'False'
[0.368s] Level 5:colcon.colcon_core.verb:set package 'dynamixel_sdk' build argument 'ament_cmake_args' from command line to 'None'
[0.368s] Level 5:colcon.colcon_core.verb:set package 'dynamixel_sdk' build argument 'catkin_cmake_args' from command line to 'None'
[0.368s] Level 5:colcon.colcon_core.verb:set package 'dynamixel_sdk' build argument 'catkin_skip_building_tests' from command line to 'False'
[0.368s] DEBUG:colcon.colcon_core.verb:Building package 'dynamixel_sdk' with the following arguments: {'ament_cmake_args': None, 'build_base': '/home/user/ros2_ws/build/dynamixel_sdk', 'catkin_cmake_args': None, 'catkin_skip_building_tests': False, 'cmake_args': None, 'cmake_clean_cache': False, 'cmake_clean_first': False, 'cmake_force_configure': False, 'cmake_target': None, 'cmake_target_skip_unavailable': False, 'install_base': '/home/user/ros2_ws/install/dynamixel_sdk', 'merge_install': False, 'path': '/home/user/ros2_ws/src/DynamixelSDK/dynamixel_sdk', 'symlink_install': False, 'test_result_base': None}
[0.368s] Level 5:colcon.colcon_core.verb:set package 'dynamixel_sdk_custom_interfaces' build argument 'cmake_args' from command line to 'None'
[0.368s] Level 5:colcon.colcon_core.verb:set package 'dynamixel_sdk_custom_interfaces' build argument 'cmake_target' from command line to 'None'
[0.368s] Level 5:colcon.colcon_core.verb:set package 'dynamixel_sdk_custom_interfaces' build argument 'cmake_target_skip_unavailable' from command line to 'False'
[0.368s] Level 5:colcon.colcon_core.verb:set package 'dynamixel_sdk_custom_interfaces' build argument 'cmake_clean_cache' from command line to 'False'
[0.368s] Level 5:colcon.colcon_core.verb:set package 'dynamixel_sdk_custom_interfaces' build argument 'cmake_clean_first' from command line to 'False'
[0.368s] Level 5:colcon.colcon_core.verb:set package 'dynamixel_sdk_custom_interfaces' build argument 'cmake_force_configure' from command line to 'False'
[0.368s] Level 5:colcon.colcon_core.verb:set package 'dynamixel_sdk_custom_interfaces' build argument 'ament_cmake_args' from command line to 'None'
[0.368s] Level 5:colcon.colcon_core.verb:set package 'dynamixel_sdk_custom_interfaces' build argument 'catkin_cmake_args' from command line to 'None'
[0.368s] Level 5:colcon.colcon_core.verb:set package 'dynamixel_sdk_custom_interfaces' build argument 'catkin_skip_building_tests' from command line to 'False'
[0.369s] DEBUG:colcon.colcon_core.verb:Building package 'dynamixel_sdk_custom_interfaces' with the following arguments: {'ament_cmake_args': None, 'build_base': '/home/user/ros2_ws/build/dynamixel_sdk_custom_interfaces', 'catkin_cmake_args': None, 'catkin_skip_building_tests': False, 'cmake_args': None, 'cmake_clean_cache': False, 'cmake_clean_first': False, 'cmake_force_configure': False, 'cmake_target': None, 'cmake_target_skip_unavailable': False, 'install_base': '/home/user/ros2_ws/install/dynamixel_sdk_custom_interfaces', 'merge_install': False, 'path': '/home/user/ros2_ws/src/DynamixelSDK/dynamixel_sdk_custom_interfaces', 'symlink_install': False, 'test_result_base': None}
[0.369s] Level 5:colcon.colcon_core.verb:set package 'joint_trajectory_demo' build argument 'cmake_args' from command line to 'None'
[0.369s] Level 5:colcon.colcon_core.verb:set package 'joint_trajectory_demo' build argument 'cmake_target' from command line to 'None'
[0.369s] Level 5:colcon.colcon_core.verb:set package 'joint_trajectory_demo' build argument 'cmake_target_skip_unavailable' from command line to 'False'
[0.369s] Level 5:colcon.colcon_core.verb:set package 'joint_trajectory_demo' build argument 'cmake_clean_cache' from command line to 'False'
[0.369s] Level 5:colcon.colcon_core.verb:set package 'joint_trajectory_demo' build argument 'cmake_clean_first' from command line to 'False'
[0.369s] Level 5:colcon.colcon_core.verb:set package 'joint_trajectory_demo' build argument 'cmake_force_configure' from command line to 'False'
[0.369s] Level 5:colcon.colcon_core.verb:set package 'joint_trajectory_demo' build argument 'ament_cmake_args' from command line to 'None'
[0.369s] Level 5:colcon.colcon_core.verb:set package 'joint_trajectory_demo' build argument 'catkin_cmake_args' from command line to 'None'
[0.369s] Level 5:colcon.colcon_core.verb:set package 'joint_trajectory_demo' build argument 'catkin_skip_building_tests' from command line to 'False'
[0.369s] DEBUG:colcon.colcon_core.verb:Building package 'joint_trajectory_demo' with the following arguments: {'ament_cmake_args': None, 'build_base': '/home/user/ros2_ws/build/joint_trajectory_demo', 'catkin_cmake_args': None, 'catkin_skip_building_tests': False, 'cmake_args': None, 'cmake_clean_cache': False, 'cmake_clean_first': False, 'cmake_force_configure': False, 'cmake_target': None, 'cmake_target_skip_unavailable': False, 'install_base': '/home/user/ros2_ws/install/joint_trajectory_demo', 'merge_install': False, 'path': '/home/user/ros2_ws/src/ros2_control_course/unit1/joint_trajectory_demo', 'symlink_install': False, 'test_result_base': None}
[0.370s] Level 5:colcon.colcon_core.verb:set package 'joint_trajectory_publisher' build argument 'cmake_args' from command line to 'None'
[0.370s] Level 5:colcon.colcon_core.verb:set package 'joint_trajectory_publisher' build argument 'cmake_target' from command line to 'None'
[0.370s] Level 5:colcon.colcon_core.verb:set package 'joint_trajectory_publisher' build argument 'cmake_target_skip_unavailable' from command line to 'False'
[0.370s] Level 5:colcon.colcon_core.verb:set package 'joint_trajectory_publisher' build argument 'cmake_clean_cache' from command line to 'False'
[0.370s] Level 5:colcon.colcon_core.verb:set package 'joint_trajectory_publisher' build argument 'cmake_clean_first' from command line to 'False'
[0.370s] Level 5:colcon.colcon_core.verb:set package 'joint_trajectory_publisher' build argument 'cmake_force_configure' from command line to 'False'
[0.370s] Level 5:colcon.colcon_core.verb:set package 'joint_trajectory_publisher' build argument 'ament_cmake_args' from command line to 'None'
[0.370s] Level 5:colcon.colcon_core.verb:set package 'joint_trajectory_publisher' build argument 'catkin_cmake_args' from command line to 'None'
[0.370s] Level 5:colcon.colcon_core.verb:set package 'joint_trajectory_publisher' build argument 'catkin_skip_building_tests' from command line to 'False'
[0.370s] DEBUG:colcon.colcon_core.verb:Building package 'joint_trajectory_publisher' with the following arguments: {'ament_cmake_args': None, 'build_base': '/home/user/ros2_ws/build/joint_trajectory_publisher', 'catkin_cmake_args': None, 'catkin_skip_building_tests': False, 'cmake_args': None, 'cmake_clean_cache': False, 'cmake_clean_first': False, 'cmake_force_configure': False, 'cmake_target': None, 'cmake_target_skip_unavailable': False, 'install_base': '/home/user/ros2_ws/install/joint_trajectory_publisher', 'merge_install': False, 'path': '/home/user/ros2_ws/src/ros2_control_course/common/joint_trajectory_publisher', 'symlink_install': False, 'test_result_base': None}
[0.371s] Level 5:colcon.colcon_core.verb:set package 'my_quadruped_bringup' build argument 'cmake_args' from command line to 'None'
[0.371s] Level 5:colcon.colcon_core.verb:set package 'my_quadruped_bringup' build argument 'cmake_target' from command line to 'None'
[0.371s] Level 5:colcon.colcon_core.verb:set package 'my_quadruped_bringup' build argument 'cmake_target_skip_unavailable' from command line to 'False'
[0.371s] Level 5:colcon.colcon_core.verb:set package 'my_quadruped_bringup' build argument 'cmake_clean_cache' from command line to 'False'
[0.371s] Level 5:colcon.colcon_core.verb:set package 'my_quadruped_bringup' build argument 'cmake_clean_first' from command line to 'False'
[0.371s] Level 5:colcon.colcon_core.verb:set package 'my_quadruped_bringup' build argument 'cmake_force_configure' from command line to 'False'
[0.371s] Level 5:colcon.colcon_core.verb:set package 'my_quadruped_bringup' build argument 'ament_cmake_args' from command line to 'None'
[0.371s] Level 5:colcon.colcon_core.verb:set package 'my_quadruped_bringup' build argument 'catkin_cmake_args' from command line to 'None'
[0.371s] Level 5:colcon.colcon_core.verb:set package 'my_quadruped_bringup' build argument 'catkin_skip_building_tests' from command line to 'False'
[0.371s] DEBUG:colcon.colcon_core.verb:Building package 'my_quadruped_bringup' with the following arguments: {'ament_cmake_args': None, 'build_base': '/home/user/ros2_ws/build/my_quadruped_bringup', 'catkin_cmake_args': None, 'catkin_skip_building_tests': False, 'cmake_args': None, 'cmake_clean_cache': False, 'cmake_clean_first': False, 'cmake_force_configure': False, 'cmake_target': None, 'cmake_target_skip_unavailable': False, 'install_base': '/home/user/ros2_ws/install/my_quadruped_bringup', 'merge_install': False, 'path': '/home/user/ros2_ws/src/my_quadruped_bringup', 'symlink_install': False, 'test_result_base': None}
[0.372s] Level 5:colcon.colcon_core.verb:set package 'my_robot_bringup' build argument 'cmake_args' from command line to 'None'
[0.372s] Level 5:colcon.colcon_core.verb:set package 'my_robot_bringup' build argument 'cmake_target' from command line to 'None'
[0.372s] Level 5:colcon.colcon_core.verb:set package 'my_robot_bringup' build argument 'cmake_target_skip_unavailable' from command line to 'False'
[0.372s] Level 5:colcon.colcon_core.verb:set package 'my_robot_bringup' build argument 'cmake_clean_cache' from command line to 'False'
[0.372s] Level 5:colcon.colcon_core.verb:set package 'my_robot_bringup' build argument 'cmake_clean_first' from command line to 'False'
[0.372s] Level 5:colcon.colcon_core.verb:set package 'my_robot_bringup' build argument 'cmake_force_configure' from command line to 'False'
[0.372s] Level 5:colcon.colcon_core.verb:set package 'my_robot_bringup' build argument 'ament_cmake_args' from command line to 'None'
[0.372s] Level 5:colcon.colcon_core.verb:set package 'my_robot_bringup' build argument 'catkin_cmake_args' from command line to 'None'
[0.372s] Level 5:colcon.colcon_core.verb:set package 'my_robot_bringup' build argument 'catkin_skip_building_tests' from command line to 'False'
[0.372s] DEBUG:colcon.colcon_core.verb:Building package 'my_robot_bringup' with the following arguments: {'ament_cmake_args': None, 'build_base': '/home/user/ros2_ws/build/my_robot_bringup', 'catkin_cmake_args': None, 'catkin_skip_building_tests': False, 'cmake_args': None, 'cmake_clean_cache': False, 'cmake_clean_first': False, 'cmake_force_configure': False, 'cmake_target': None, 'cmake_target_skip_unavailable': False, 'install_base': '/home/user/ros2_ws/install/my_robot_bringup', 'merge_install': False, 'path': '/home/user/ros2_ws/src/my_robot_bringup', 'symlink_install': False, 'test_result_base': None}
[0.373s] Level 5:colcon.colcon_core.verb:set package 'my_robot_hardware_interface' build argument 'cmake_args' from command line to 'None'
[0.373s] Level 5:colcon.colcon_core.verb:set package 'my_robot_hardware_interface' build argument 'cmake_target' from command line to 'None'
[0.373s] Level 5:colcon.colcon_core.verb:set package 'my_robot_hardware_interface' build argument 'cmake_target_skip_unavailable' from command line to 'False'
[0.373s] Level 5:colcon.colcon_core.verb:set package 'my_robot_hardware_interface' build argument 'cmake_clean_cache' from command line to 'False'
[0.373s] Level 5:colcon.colcon_core.verb:set package 'my_robot_hardware_interface' build argument 'cmake_clean_first' from command line to 'False'
[0.373s] Level 5:colcon.colcon_core.verb:set package 'my_robot_hardware_interface' build argument 'cmake_force_configure' from command line to 'False'
[0.373s] Level 5:colcon.colcon_core.verb:set package 'my_robot_hardware_interface' build argument 'ament_cmake_args' from command line to 'None'
[0.373s] Level 5:colcon.colcon_core.verb:set package 'my_robot_hardware_interface' build argument 'catkin_cmake_args' from command line to 'None'
[0.373s] Level 5:colcon.colcon_core.verb:set package 'my_robot_hardware_interface' build argument 'catkin_skip_building_tests' from command line to 'False'
[0.373s] DEBUG:colcon.colcon_core.verb:Building package 'my_robot_hardware_interface' with the following arguments: {'ament_cmake_args': None, 'build_base': '/home/user/ros2_ws/build/my_robot_hardware_interface', 'catkin_cmake_args': None, 'catkin_skip_building_tests': False, 'cmake_args': None, 'cmake_clean_cache': False, 'cmake_clean_first': False, 'cmake_force_configure': False, 'cmake_target': None, 'cmake_target_skip_unavailable': False, 'install_base': '/home/user/ros2_ws/install/my_robot_hardware_interface', 'merge_install': False, 'path': '/home/user/ros2_ws/src/my_robot_hardware_interface', 'symlink_install': False, 'test_result_base': None}
[0.373s] Level 5:colcon.colcon_core.verb:set package 'rrbot_controller' build argument 'cmake_args' from command line to 'None'
[0.373s] Level 5:colcon.colcon_core.verb:set package 'rrbot_controller' build argument 'cmake_target' from command line to 'None'
[0.374s] Level 5:colcon.colcon_core.verb:set package 'rrbot_controller' build argument 'cmake_target_skip_unavailable' from command line to 'False'
[0.374s] Level 5:colcon.colcon_core.verb:set package 'rrbot_controller' build argument 'cmake_clean_cache' from command line to 'False'
[0.374s] Level 5:colcon.colcon_core.verb:set package 'rrbot_controller' build argument 'cmake_clean_first' from command line to 'False'
[0.374s] Level 5:colcon.colcon_core.verb:set package 'rrbot_controller' build argument 'cmake_force_configure' from command line to 'False'
[0.374s] Level 5:colcon.colcon_core.verb:set package 'rrbot_controller' build argument 'ament_cmake_args' from command line to 'None'
[0.374s] Level 5:colcon.colcon_core.verb:set package 'rrbot_controller' build argument 'catkin_cmake_args' from command line to 'None'
[0.374s] Level 5:colcon.colcon_core.verb:set package 'rrbot_controller' build argument 'catkin_skip_building_tests' from command line to 'False'
[0.374s] DEBUG:colcon.colcon_core.verb:Building package 'rrbot_controller' with the following arguments: {'ament_cmake_args': None, 'build_base': '/home/user/ros2_ws/build/rrbot_controller', 'catkin_cmake_args': None, 'catkin_skip_building_tests': False, 'cmake_args': None, 'cmake_clean_cache': False, 'cmake_clean_first': False, 'cmake_force_configure': False, 'cmake_target': None, 'cmake_target_skip_unavailable': False, 'install_base': '/home/user/ros2_ws/install/rrbot_controller', 'merge_install': False, 'path': '/home/user/ros2_ws/src/rrbot_controller', 'symlink_install': False, 'test_result_base': None}
[0.374s] Level 5:colcon.colcon_core.verb:set package 'rrbot_unit2' build argument 'cmake_args' from command line to 'None'
[0.374s] Level 5:colcon.colcon_core.verb:set package 'rrbot_unit2' build argument 'cmake_target' from command line to 'None'
[0.374s] Level 5:colcon.colcon_core.verb:set package 'rrbot_unit2' build argument 'cmake_target_skip_unavailable' from command line to 'False'
[0.374s] Level 5:colcon.colcon_core.verb:set package 'rrbot_unit2' build argument 'cmake_clean_cache' from command line to 'False'
[0.374s] Level 5:colcon.colcon_core.verb:set package 'rrbot_unit2' build argument 'cmake_clean_first' from command line to 'False'
[0.375s] Level 5:colcon.colcon_core.verb:set package 'rrbot_unit2' build argument 'cmake_force_configure' from command line to 'False'
[0.375s] Level 5:colcon.colcon_core.verb:set package 'rrbot_unit2' build argument 'ament_cmake_args' from command line to 'None'
[0.375s] Level 5:colcon.colcon_core.verb:set package 'rrbot_unit2' build argument 'catkin_cmake_args' from command line to 'None'
[0.375s] Level 5:colcon.colcon_core.verb:set package 'rrbot_unit2' build argument 'catkin_skip_building_tests' from command line to 'False'
[0.375s] DEBUG:colcon.colcon_core.verb:Building package 'rrbot_unit2' with the following arguments: {'ament_cmake_args': None, 'build_base': '/home/user/ros2_ws/build/rrbot_unit2', 'catkin_cmake_args': None, 'catkin_skip_building_tests': False, 'cmake_args': None, 'cmake_clean_cache': False, 'cmake_clean_first': False, 'cmake_force_configure': False, 'cmake_target': None, 'cmake_target_skip_unavailable': False, 'install_base': '/home/user/ros2_ws/install/rrbot_unit2', 'merge_install': False, 'path': '/home/user/ros2_ws/src/ros2_control_course/unit2/rrbot_unit2', 'symlink_install': False, 'test_result_base': None}
[0.375s] Level 5:colcon.colcon_core.verb:set package 'rrbot_unit3' build argument 'cmake_args' from command line to 'None'
[0.375s] Level 5:colcon.colcon_core.verb:set package 'rrbot_unit3' build argument 'cmake_target' from command line to 'None'
[0.375s] Level 5:colcon.colcon_core.verb:set package 'rrbot_unit3' build argument 'cmake_target_skip_unavailable' from command line to 'False'
[0.375s] Level 5:colcon.colcon_core.verb:set package 'rrbot_unit3' build argument 'cmake_clean_cache' from command line to 'False'
[0.375s] Level 5:colcon.colcon_core.verb:set package 'rrbot_unit3' build argument 'cmake_clean_first' from command line to 'False'
[0.375s] Level 5:colcon.colcon_core.verb:set package 'rrbot_unit3' build argument 'cmake_force_configure' from command line to 'False'
[0.375s] Level 5:colcon.colcon_core.verb:set package 'rrbot_unit3' build argument 'ament_cmake_args' from command line to 'None'
[0.375s] Level 5:colcon.colcon_core.verb:set package 'rrbot_unit3' build argument 'catkin_cmake_args' from command line to 'None'
[0.376s] Level 5:colcon.colcon_core.verb:set package 'rrbot_unit3' build argument 'catkin_skip_building_tests' from command line to 'False'
[0.376s] DEBUG:colcon.colcon_core.verb:Building package 'rrbot_unit3' with the following arguments: {'ament_cmake_args': None, 'build_base': '/home/user/ros2_ws/build/rrbot_unit3', 'catkin_cmake_args': None, 'catkin_skip_building_tests': False, 'cmake_args': None, 'cmake_clean_cache': False, 'cmake_clean_first': False, 'cmake_force_configure': False, 'cmake_target': None, 'cmake_target_skip_unavailable': False, 'install_base': '/home/user/ros2_ws/install/rrbot_unit3', 'merge_install': False, 'path': '/home/user/ros2_ws/src/ros2_control_course/unit3/rrbot_unit3', 'symlink_install': False, 'test_result_base': None}
[0.376s] Level 5:colcon.colcon_core.verb:set package 'rrbot_unit4' build argument 'cmake_args' from command line to 'None'
[0.376s] Level 5:colcon.colcon_core.verb:set package 'rrbot_unit4' build argument 'cmake_target' from command line to 'None'
[0.376s] Level 5:colcon.colcon_core.verb:set package 'rrbot_unit4' build argument 'cmake_target_skip_unavailable' from command line to 'False'
[0.376s] Level 5:colcon.colcon_core.verb:set package 'rrbot_unit4' build argument 'cmake_clean_cache' from command line to 'False'
[0.376s] Level 5:colcon.colcon_core.verb:set package 'rrbot_unit4' build argument 'cmake_clean_first' from command line to 'False'
[0.376s] Level 5:colcon.colcon_core.verb:set package 'rrbot_unit4' build argument 'cmake_force_configure' from command line to 'False'
[0.376s] Level 5:colcon.colcon_core.verb:set package 'rrbot_unit4' build argument 'ament_cmake_args' from command line to 'None'
[0.376s] Level 5:colcon.colcon_core.verb:set package 'rrbot_unit4' build argument 'catkin_cmake_args' from command line to 'None'
[0.376s] Level 5:colcon.colcon_core.verb:set package 'rrbot_unit4' build argument 'catkin_skip_building_tests' from command line to 'False'
[0.376s] DEBUG:colcon.colcon_core.verb:Building package 'rrbot_unit4' with the following arguments: {'ament_cmake_args': None, 'build_base': '/home/user/ros2_ws/build/rrbot_unit4', 'catkin_cmake_args': None, 'catkin_skip_building_tests': False, 'cmake_args': None, 'cmake_clean_cache': False, 'cmake_clean_first': False, 'cmake_force_configure': False, 'cmake_target': None, 'cmake_target_skip_unavailable': False, 'install_base': '/home/user/ros2_ws/install/rrbot_unit4', 'merge_install': False, 'path': '/home/user/ros2_ws/src/ros2_control_course/unit4/rrbot_unit4', 'symlink_install': False, 'test_result_base': None}
[0.377s] Level 5:colcon.colcon_core.verb:set package 'rrbot_unit5' build argument 'cmake_args' from command line to 'None'
[0.377s] Level 5:colcon.colcon_core.verb:set package 'rrbot_unit5' build argument 'cmake_target' from command line to 'None'
[0.377s] Level 5:colcon.colcon_core.verb:set package 'rrbot_unit5' build argument 'cmake_target_skip_unavailable' from command line to 'False'
[0.377s] Level 5:colcon.colcon_core.verb:set package 'rrbot_unit5' build argument 'cmake_clean_cache' from command line to 'False'
[0.377s] Level 5:colcon.colcon_core.verb:set package 'rrbot_unit5' build argument 'cmake_clean_first' from command line to 'False'
[0.377s] Level 5:colcon.colcon_core.verb:set package 'rrbot_unit5' build argument 'cmake_force_configure' from command line to 'False'
[0.377s] Level 5:colcon.colcon_core.verb:set package 'rrbot_unit5' build argument 'ament_cmake_args' from command line to 'None'
[0.377s] Level 5:colcon.colcon_core.verb:set package 'rrbot_unit5' build argument 'catkin_cmake_args' from command line to 'None'
[0.377s] Level 5:colcon.colcon_core.verb:set package 'rrbot_unit5' build argument 'catkin_skip_building_tests' from command line to 'False'
[0.377s] DEBUG:colcon.colcon_core.verb:Building package 'rrbot_unit5' with the following arguments: {'ament_cmake_args': None, 'build_base': '/home/user/ros2_ws/build/rrbot_unit5', 'catkin_cmake_args': None, 'catkin_skip_building_tests': False, 'cmake_args': None, 'cmake_clean_cache': False, 'cmake_clean_first': False, 'cmake_force_configure': False, 'cmake_target': None, 'cmake_target_skip_unavailable': False, 'install_base': '/home/user/ros2_ws/install/rrbot_unit5', 'merge_install': False, 'path': '/home/user/ros2_ws/src/ros2_control_course/unit5/rrbot_unit5', 'symlink_install': False, 'test_result_base': None}
[0.378s] Level 5:colcon.colcon_core.verb:set package 'solo_description' build argument 'cmake_args' from command line to 'None'
[0.378s] Level 5:colcon.colcon_core.verb:set package 'solo_description' build argument 'cmake_target' from command line to 'None'
[0.378s] Level 5:colcon.colcon_core.verb:set package 'solo_description' build argument 'cmake_target_skip_unavailable' from command line to 'False'
[0.378s] Level 5:colcon.colcon_core.verb:set package 'solo_description' build argument 'cmake_clean_cache' from command line to 'False'
[0.378s] Level 5:colcon.colcon_core.verb:set package 'solo_description' build argument 'cmake_clean_first' from command line to 'False'
[0.378s] Level 5:colcon.colcon_core.verb:set package 'solo_description' build argument 'cmake_force_configure' from command line to 'False'
[0.378s] Level 5:colcon.colcon_core.verb:set package 'solo_description' build argument 'ament_cmake_args' from command line to 'None'
[0.378s] Level 5:colcon.colcon_core.verb:set package 'solo_description' build argument 'catkin_cmake_args' from command line to 'None'
[0.378s] Level 5:colcon.colcon_core.verb:set package 'solo_description' build argument 'catkin_skip_building_tests' from command line to 'False'
[0.378s] DEBUG:colcon.colcon_core.verb:Building package 'solo_description' with the following arguments: {'ament_cmake_args': None, 'build_base': '/home/user/ros2_ws/build/solo_description', 'catkin_cmake_args': None, 'catkin_skip_building_tests': False, 'cmake_args': None, 'cmake_clean_cache': False, 'cmake_clean_first': False, 'cmake_force_configure': False, 'cmake_target': None, 'cmake_target_skip_unavailable': False, 'install_base': '/home/user/ros2_ws/install/solo_description', 'merge_install': False, 'path': '/home/user/ros2_ws/src/ros2_control_course/unit6/solo_description', 'symlink_install': False, 'test_result_base': None}
[0.379s] Level 5:colcon.colcon_core.verb:set package 'spawn_robot' build argument 'cmake_args' from command line to 'None'
[0.379s] Level 5:colcon.colcon_core.verb:set package 'spawn_robot' build argument 'cmake_target' from command line to 'None'
[0.379s] Level 5:colcon.colcon_core.verb:set package 'spawn_robot' build argument 'cmake_target_skip_unavailable' from command line to 'False'
[0.379s] Level 5:colcon.colcon_core.verb:set package 'spawn_robot' build argument 'cmake_clean_cache' from command line to 'False'
[0.379s] Level 5:colcon.colcon_core.verb:set package 'spawn_robot' build argument 'cmake_clean_first' from command line to 'False'
[0.379s] Level 5:colcon.colcon_core.verb:set package 'spawn_robot' build argument 'cmake_force_configure' from command line to 'False'
[0.379s] Level 5:colcon.colcon_core.verb:set package 'spawn_robot' build argument 'ament_cmake_args' from command line to 'None'
[0.379s] Level 5:colcon.colcon_core.verb:set package 'spawn_robot' build argument 'catkin_cmake_args' from command line to 'None'
[0.379s] Level 5:colcon.colcon_core.verb:set package 'spawn_robot' build argument 'catkin_skip_building_tests' from command line to 'False'
[0.379s] DEBUG:colcon.colcon_core.verb:Building package 'spawn_robot' with the following arguments: {'ament_cmake_args': None, 'build_base': '/home/user/ros2_ws/build/spawn_robot', 'catkin_cmake_args': None, 'catkin_skip_building_tests': False, 'cmake_args': None, 'cmake_clean_cache': False, 'cmake_clean_first': False, 'cmake_force_configure': False, 'cmake_target': None, 'cmake_target_skip_unavailable': False, 'install_base': '/home/user/ros2_ws/install/spawn_robot', 'merge_install': False, 'path': '/home/user/ros2_ws/src/ros2_control_course/unit5/spawn_robot', 'symlink_install': False, 'test_result_base': None}
[0.380s] Level 5:colcon.colcon_core.verb:set package 'spawn_solo' build argument 'cmake_args' from command line to 'None'
[0.380s] Level 5:colcon.colcon_core.verb:set package 'spawn_solo' build argument 'cmake_target' from command line to 'None'
[0.380s] Level 5:colcon.colcon_core.verb:set package 'spawn_solo' build argument 'cmake_target_skip_unavailable' from command line to 'False'
[0.380s] Level 5:colcon.colcon_core.verb:set package 'spawn_solo' build argument 'cmake_clean_cache' from command line to 'False'
[0.380s] Level 5:colcon.colcon_core.verb:set package 'spawn_solo' build argument 'cmake_clean_first' from command line to 'False'
[0.380s] Level 5:colcon.colcon_core.verb:set package 'spawn_solo' build argument 'cmake_force_configure' from command line to 'False'
[0.380s] Level 5:colcon.colcon_core.verb:set package 'spawn_solo' build argument 'ament_cmake_args' from command line to 'None'
[0.380s] Level 5:colcon.colcon_core.verb:set package 'spawn_solo' build argument 'catkin_cmake_args' from command line to 'None'
[0.380s] Level 5:colcon.colcon_core.verb:set package 'spawn_solo' build argument 'catkin_skip_building_tests' from command line to 'False'
[0.380s] DEBUG:colcon.colcon_core.verb:Building package 'spawn_solo' with the following arguments: {'ament_cmake_args': None, 'build_base': '/home/user/ros2_ws/build/spawn_solo', 'catkin_cmake_args': None, 'catkin_skip_building_tests': False, 'cmake_args': None, 'cmake_clean_cache': False, 'cmake_clean_first': False, 'cmake_force_configure': False, 'cmake_target': None, 'cmake_target_skip_unavailable': False, 'install_base': '/home/user/ros2_ws/install/spawn_solo', 'merge_install': False, 'path': '/home/user/ros2_ws/src/ros2_control_course/unit6/spawn_solo', 'symlink_install': False, 'test_result_base': None}
[0.381s] Level 5:colcon.colcon_core.verb:set package 'dynamixel_sdk_examples' build argument 'cmake_args' from command line to 'None'
[0.381s] Level 5:colcon.colcon_core.verb:set package 'dynamixel_sdk_examples' build argument 'cmake_target' from command line to 'None'
[0.381s] Level 5:colcon.colcon_core.verb:set package 'dynamixel_sdk_examples' build argument 'cmake_target_skip_unavailable' from command line to 'False'
[0.381s] Level 5:colcon.colcon_core.verb:set package 'dynamixel_sdk_examples' build argument 'cmake_clean_cache' from command line to 'False'
[0.381s] Level 5:colcon.colcon_core.verb:set package 'dynamixel_sdk_examples' build argument 'cmake_clean_first' from command line to 'False'
[0.381s] Level 5:colcon.colcon_core.verb:set package 'dynamixel_sdk_examples' build argument 'cmake_force_configure' from command line to 'False'
[0.381s] Level 5:colcon.colcon_core.verb:set package 'dynamixel_sdk_examples' build argument 'ament_cmake_args' from command line to 'None'
[0.381s] Level 5:colcon.colcon_core.verb:set package 'dynamixel_sdk_examples' build argument 'catkin_cmake_args' from command line to 'None'
[0.381s] Level 5:colcon.colcon_core.verb:set package 'dynamixel_sdk_examples' build argument 'catkin_skip_building_tests' from command line to 'False'
[0.381s] DEBUG:colcon.colcon_core.verb:Building package 'dynamixel_sdk_examples' with the following arguments: {'ament_cmake_args': None, 'build_base': '/home/user/ros2_ws/build/dynamixel_sdk_examples', 'catkin_cmake_args': None, 'catkin_skip_building_tests': False, 'cmake_args': None, 'cmake_clean_cache': False, 'cmake_clean_first': False, 'cmake_force_configure': False, 'cmake_target': None, 'cmake_target_skip_unavailable': False, 'install_base': '/home/user/ros2_ws/install/dynamixel_sdk_examples', 'merge_install': False, 'path': '/home/user/ros2_ws/src/DynamixelSDK/dynamixel_sdk_examples', 'symlink_install': False, 'test_result_base': None}
[0.381s] Level 5:colcon.colcon_core.verb:set package 'dynamixel_workbench_toolbox' build argument 'cmake_args' from command line to 'None'
[0.382s] Level 5:colcon.colcon_core.verb:set package 'dynamixel_workbench_toolbox' build argument 'cmake_target' from command line to 'None'
[0.382s] Level 5:colcon.colcon_core.verb:set package 'dynamixel_workbench_toolbox' build argument 'cmake_target_skip_unavailable' from command line to 'False'
[0.382s] Level 5:colcon.colcon_core.verb:set package 'dynamixel_workbench_toolbox' build argument 'cmake_clean_cache' from command line to 'False'
[0.382s] Level 5:colcon.colcon_core.verb:set package 'dynamixel_workbench_toolbox' build argument 'cmake_clean_first' from command line to 'False'
[0.382s] Level 5:colcon.colcon_core.verb:set package 'dynamixel_workbench_toolbox' build argument 'cmake_force_configure' from command line to 'False'
[0.382s] Level 5:colcon.colcon_core.verb:set package 'dynamixel_workbench_toolbox' build argument 'ament_cmake_args' from command line to 'None'
[0.382s] Level 5:colcon.colcon_core.verb:set package 'dynamixel_workbench_toolbox' build argument 'catkin_cmake_args' from command line to 'None'
[0.382s] Level 5:colcon.colcon_core.verb:set package 'dynamixel_workbench_toolbox' build argument 'catkin_skip_building_tests' from command line to 'False'
[0.382s] DEBUG:colcon.colcon_core.verb:Building package 'dynamixel_workbench_toolbox' with the following arguments: {'ament_cmake_args': None, 'build_base': '/home/user/ros2_ws/build/dynamixel_workbench_toolbox', 'catkin_cmake_args': None, 'catkin_skip_building_tests': False, 'cmake_args': None, 'cmake_clean_cache': False, 'cmake_clean_first': False, 'cmake_force_configure': False, 'cmake_target': None, 'cmake_target_skip_unavailable': False, 'install_base': '/home/user/ros2_ws/install/dynamixel_workbench_toolbox', 'merge_install': False, 'path': '/home/user/ros2_ws/src/dynamixel-workbench/dynamixel_workbench_toolbox', 'symlink_install': False, 'test_result_base': None}
[0.382s] Level 5:colcon.colcon_core.verb:set package 'dynamixel_hardware_interface' build argument 'cmake_args' from command line to 'None'
[0.382s] Level 5:colcon.colcon_core.verb:set package 'dynamixel_hardware_interface' build argument 'cmake_target' from command line to 'None'
[0.382s] Level 5:colcon.colcon_core.verb:set package 'dynamixel_hardware_interface' build argument 'cmake_target_skip_unavailable' from command line to 'False'
[0.382s] Level 5:colcon.colcon_core.verb:set package 'dynamixel_hardware_interface' build argument 'cmake_clean_cache' from command line to 'False'
[0.382s] Level 5:colcon.colcon_core.verb:set package 'dynamixel_hardware_interface' build argument 'cmake_clean_first' from command line to 'False'
[0.382s] Level 5:colcon.colcon_core.verb:set package 'dynamixel_hardware_interface' build argument 'cmake_force_configure' from command line to 'False'
[0.382s] Level 5:colcon.colcon_core.verb:set package 'dynamixel_hardware_interface' build argument 'ament_cmake_args' from command line to 'None'
[0.382s] Level 5:colcon.colcon_core.verb:set package 'dynamixel_hardware_interface' build argument 'catkin_cmake_args' from command line to 'None'
[0.382s] Level 5:colcon.colcon_core.verb:set package 'dynamixel_hardware_interface' build argument 'catkin_skip_building_tests' from command line to 'False'
[0.382s] DEBUG:colcon.colcon_core.verb:Building package 'dynamixel_hardware_interface' with the following arguments: {'ament_cmake_args': None, 'build_base': '/home/user/ros2_ws/build/dynamixel_hardware_interface', 'catkin_cmake_args': None, 'catkin_skip_building_tests': False, 'cmake_args': None, 'cmake_clean_cache': False, 'cmake_clean_first': False, 'cmake_force_configure': False, 'cmake_target': None, 'cmake_target_skip_unavailable': False, 'install_base': '/home/user/ros2_ws/install/dynamixel_hardware_interface', 'merge_install': False, 'path': '/home/user/ros2_ws/src/dynamixel_hardware_interface', 'symlink_install': False, 'test_result_base': None}
[0.383s] Level 5:colcon.colcon_core.verb:set package 'dynamixel_workbench' build argument 'cmake_args' from command line to 'None'
[0.383s] Level 5:colcon.colcon_core.verb:set package 'dynamixel_workbench' build argument 'cmake_target' from command line to 'None'
[0.383s] Level 5:colcon.colcon_core.verb:set package 'dynamixel_workbench' build argument 'cmake_target_skip_unavailable' from command line to 'False'
[0.383s] Level 5:colcon.colcon_core.verb:set package 'dynamixel_workbench' build argument 'cmake_clean_cache' from command line to 'False'
[0.383s] Level 5:colcon.colcon_core.verb:set package 'dynamixel_workbench' build argument 'cmake_clean_first' from command line to 'False'
[0.383s] Level 5:colcon.colcon_core.verb:set package 'dynamixel_workbench' build argument 'cmake_force_configure' from command line to 'False'
[0.383s] Level 5:colcon.colcon_core.verb:set package 'dynamixel_workbench' build argument 'ament_cmake_args' from command line to 'None'
[0.383s] Level 5:colcon.colcon_core.verb:set package 'dynamixel_workbench' build argument 'catkin_cmake_args' from command line to 'None'
[0.383s] Level 5:colcon.colcon_core.verb:set package 'dynamixel_workbench' build argument 'catkin_skip_building_tests' from command line to 'False'
[0.383s] DEBUG:colcon.colcon_core.verb:Building package 'dynamixel_workbench' with the following arguments: {'ament_cmake_args': None, 'build_base': '/home/user/ros2_ws/build/dynamixel_workbench', 'catkin_cmake_args': None, 'catkin_skip_building_tests': False, 'cmake_args': None, 'cmake_clean_cache': False, 'cmake_clean_first': False, 'cmake_force_configure': False, 'cmake_target': None, 'cmake_target_skip_unavailable': False, 'install_base': '/home/user/ros2_ws/install/dynamixel_workbench', 'merge_install': False, 'path': '/home/user/ros2_ws/src/dynamixel-workbench/dynamixel_workbench', 'symlink_install': False, 'test_result_base': None}
[0.383s] INFO:colcon.colcon_core.executor:Executing jobs using 'parallel' executor
[0.387s] DEBUG:colcon.colcon_parallel_executor.executor.parallel:run_until_complete
[0.387s] INFO:colcon.colcon_ros.task.ament_cmake.build:Building ROS package in '/home/user/ros2_ws/src/DynamixelSDK/dynamixel_sdk' with build type 'ament_cmake'
[0.388s] INFO:colcon.colcon_cmake.task.cmake.build:Building CMake package in '/home/user/ros2_ws/src/DynamixelSDK/dynamixel_sdk'
[0.392s] INFO:colcon.colcon_core.plugin_system:Skipping extension 'colcon_core.shell.bat': Not used on non-Windows systems
[0.392s] INFO:colcon.colcon_core.shell:Skip shell extension 'powershell' for command environment: Not usable outside of PowerShell
[0.392s] DEBUG:colcon.colcon_core.shell:Skip shell extension 'dsv' for command environment
[0.403s] INFO:colcon.colcon_ros.task.ament_cmake.build:Building ROS package in '/home/user/ros2_ws/src/DynamixelSDK/dynamixel_sdk_custom_interfaces' with build type 'ament_cmake'
[0.404s] INFO:colcon.colcon_cmake.task.cmake.build:Building CMake package in '/home/user/ros2_ws/src/DynamixelSDK/dynamixel_sdk_custom_interfaces'
[0.404s] INFO:colcon.colcon_core.shell:Skip shell extension 'powershell' for command environment: Not usable outside of PowerShell
[0.404s] DEBUG:colcon.colcon_core.shell:Skip shell extension 'dsv' for command environment
[0.411s] INFO:colcon.colcon_ros.task.ament_cmake.build:Building ROS package in '/home/user/ros2_ws/src/ros2_control_course/unit5/diffbot_description' with build type 'ament_cmake'
[0.411s] INFO:colcon.colcon_cmake.task.cmake.build:Building CMake package in '/home/user/ros2_ws/src/ros2_control_course/unit5/diffbot_description'
[0.411s] INFO:colcon.colcon_core.shell:Skip shell extension 'powershell' for command environment: Not usable outside of PowerShell
[0.411s] DEBUG:colcon.colcon_core.shell:Skip shell extension 'dsv' for command environment
[0.420s] INFO:colcon.colcon_ros.task.ament_cmake.build:Building ROS package in '/home/user/ros2_ws/src/ros2_control_course/unit5/diffbot_sim' with build type 'ament_cmake'
[0.420s] INFO:colcon.colcon_cmake.task.cmake.build:Building CMake package in '/home/user/ros2_ws/src/ros2_control_course/unit5/diffbot_sim'
[0.421s] INFO:colcon.colcon_core.shell:Skip shell extension 'powershell' for command environment: Not usable outside of PowerShell
[0.421s] DEBUG:colcon.colcon_core.shell:Skip shell extension 'dsv' for command environment
[0.431s] INFO:colcon.colcon_ros.task.ament_python.build:Building ROS package in '/home/user/ros2_ws/src/ros2_control_course/unit1/joint_trajectory_demo' with build type 'ament_python'
[0.431s] Level 1:colcon.colcon_core.shell:create_environment_hook('joint_trajectory_demo', 'ament_prefix_path')
[0.431s] INFO:colcon.colcon_core.shell:Creating environment hook '/home/user/ros2_ws/install/joint_trajectory_demo/share/joint_trajectory_demo/hook/ament_prefix_path.ps1'
[0.432s] INFO:colcon.colcon_core.shell:Creating environment descriptor '/home/user/ros2_ws/install/joint_trajectory_demo/share/joint_trajectory_demo/hook/ament_prefix_path.dsv'
[0.433s] INFO:colcon.colcon_core.shell:Creating environment hook '/home/user/ros2_ws/install/joint_trajectory_demo/share/joint_trajectory_demo/hook/ament_prefix_path.sh'
[0.434s] INFO:colcon.colcon_core.shell:Skip shell extension 'powershell' for command environment: Not usable outside of PowerShell
[0.434s] DEBUG:colcon.colcon_core.shell:Skip shell extension 'dsv' for command environment
[0.457s] INFO:colcon.colcon_ros.task.ament_python.build:Building ROS package in '/home/user/ros2_ws/src/ros2_control_course/common/joint_trajectory_publisher' with build type 'ament_python'
[0.457s] Level 1:colcon.colcon_core.shell:create_environment_hook('joint_trajectory_publisher', 'ament_prefix_path')
[0.458s] INFO:colcon.colcon_core.shell:Creating environment hook '/home/user/ros2_ws/install/joint_trajectory_publisher/share/joint_trajectory_publisher/hook/ament_prefix_path.ps1'
[0.458s] INFO:colcon.colcon_core.shell:Creating environment descriptor '/home/user/ros2_ws/install/joint_trajectory_publisher/share/joint_trajectory_publisher/hook/ament_prefix_path.dsv'
[0.459s] INFO:colcon.colcon_core.shell:Creating environment hook '/home/user/ros2_ws/install/joint_trajectory_publisher/share/joint_trajectory_publisher/hook/ament_prefix_path.sh'
[0.460s] INFO:colcon.colcon_core.shell:Skip shell extension 'powershell' for command environment: Not usable outside of PowerShell
[0.460s] DEBUG:colcon.colcon_core.shell:Skip shell extension 'dsv' for command environment
[0.469s] INFO:colcon.colcon_ros.task.ament_cmake.build:Building ROS package in '/home/user/ros2_ws/src/my_quadruped_bringup' with build type 'ament_cmake'
[0.469s] INFO:colcon.colcon_cmake.task.cmake.build:Building CMake package in '/home/user/ros2_ws/src/my_quadruped_bringup'
[0.469s] INFO:colcon.colcon_core.shell:Skip shell extension 'powershell' for command environment: Not usable outside of PowerShell
[0.469s] DEBUG:colcon.colcon_core.shell:Skip shell extension 'dsv' for command environment
[0.490s] INFO:colcon.colcon_ros.task.ament_cmake.build:Building ROS package in '/home/user/ros2_ws/src/my_robot_bringup' with build type 'ament_cmake'
[0.491s] INFO:colcon.colcon_cmake.task.cmake.build:Building CMake package in '/home/user/ros2_ws/src/my_robot_bringup'
[0.491s] INFO:colcon.colcon_core.shell:Skip shell extension 'powershell' for command environment: Not usable outside of PowerShell
[0.491s] DEBUG:colcon.colcon_core.shell:Skip shell extension 'dsv' for command environment
[0.508s] DEBUG:colcon.colcon_core.event_handler.log_command:Invoking command in '/home/user/ros2_ws/build/dynamixel_sdk': CMAKE_PREFIX_PATH=${CMAKE_PREFIX_PATH}:/home/user/ros2_ws/install/joint_trajectory_publisher:/home/user/ros2_ws/install/joint_trajectory_demo _=/usr/bin/env /usr/bin/cmake --build /home/user/ros2_ws/build/dynamixel_sdk -- -j8 -l8
[0.532s] DEBUG:colcon.colcon_core.event_handler.log_command:Invoking command in '/home/user/ros2_ws/build/dynamixel_sdk_custom_interfaces': CMAKE_PREFIX_PATH=${CMAKE_PREFIX_PATH}:/home/user/ros2_ws/install/joint_trajectory_publisher:/home/user/ros2_ws/install/joint_trajectory_demo _=/usr/bin/env /usr/bin/cmake --build /home/user/ros2_ws/build/dynamixel_sdk_custom_interfaces -- -j8 -l8
[0.535s] DEBUG:colcon.colcon_core.event_handler.log_command:Invoking command in '/home/user/ros2_ws/build/diffbot_description': CMAKE_PREFIX_PATH=${CMAKE_PREFIX_PATH}:/home/user/ros2_ws/install/joint_trajectory_publisher:/home/user/ros2_ws/install/joint_trajectory_demo _=/usr/bin/env /usr/bin/cmake --build /home/user/ros2_ws/build/diffbot_description -- -j8 -l8
[0.546s] DEBUG:colcon.colcon_core.event_handler.log_command:Invoking command in '/home/user/ros2_ws/build/diffbot_sim': CMAKE_PREFIX_PATH=${CMAKE_PREFIX_PATH}:/home/user/ros2_ws/install/joint_trajectory_publisher:/home/user/ros2_ws/install/joint_trajectory_demo _=/usr/bin/env /usr/bin/cmake --build /home/user/ros2_ws/build/diffbot_sim -- -j8 -l8
[0.939s] INFO:colcon.colcon_core.task.python.build:Building Python package in '/home/user/ros2_ws/src/ros2_control_course/unit1/joint_trajectory_demo'
[0.939s] INFO:colcon.colcon_core.shell:Skip shell extension 'powershell' for command environment: Not usable outside of PowerShell
[0.939s] DEBUG:colcon.colcon_core.shell:Skip shell extension 'dsv' for command environment
[1.290s] INFO:colcon.colcon_core.task.python.build:Building Python package in '/home/user/ros2_ws/src/ros2_control_course/common/joint_trajectory_publisher'
[1.290s] INFO:colcon.colcon_core.shell:Skip shell extension 'powershell' for command environment: Not usable outside of PowerShell
[1.290s] DEBUG:colcon.colcon_core.shell:Skip shell extension 'dsv' for command environment
[1.301s] DEBUG:colcon.colcon_core.event_handler.log_command:Invoking command in '/home/user/ros2_ws/build/my_quadruped_bringup': CMAKE_PREFIX_PATH=${CMAKE_PREFIX_PATH}:/home/user/ros2_ws/install/joint_trajectory_publisher:/home/user/ros2_ws/install/joint_trajectory_demo _=/usr/bin/env /usr/bin/cmake --build /home/user/ros2_ws/build/my_quadruped_bringup -- -j8 -l8
[1.339s] DEBUG:colcon.colcon_core.event_handler.log_command:Invoked command in '/home/user/ros2_ws/build/dynamixel_sdk' returned '0': CMAKE_PREFIX_PATH=${CMAKE_PREFIX_PATH}:/home/user/ros2_ws/install/joint_trajectory_publisher:/home/user/ros2_ws/install/joint_trajectory_demo _=/usr/bin/env /usr/bin/cmake --build /home/user/ros2_ws/build/dynamixel_sdk -- -j8 -l8
[1.369s] DEBUG:colcon.colcon_core.event_handler.log_command:Invoking command in '/home/user/ros2_ws/build/dynamixel_sdk': CMAKE_PREFIX_PATH=${CMAKE_PREFIX_PATH}:/home/user/ros2_ws/install/joint_trajectory_publisher:/home/user/ros2_ws/install/joint_trajectory_demo _=/usr/bin/env /usr/bin/cmake --install /home/user/ros2_ws/build/dynamixel_sdk
[1.371s] DEBUG:colcon.colcon_core.event_handler.log_command:Invoked command in '/home/user/ros2_ws/build/dynamixel_sdk_custom_interfaces' returned '0': CMAKE_PREFIX_PATH=${CMAKE_PREFIX_PATH}:/home/user/ros2_ws/install/joint_trajectory_publisher:/home/user/ros2_ws/install/joint_trajectory_demo _=/usr/bin/env /usr/bin/cmake --build /home/user/ros2_ws/build/dynamixel_sdk_custom_interfaces -- -j8 -l8
[1.371s] DEBUG:colcon.colcon_core.event_handler.log_command:Invoking command in '/home/user/ros2_ws/build/dynamixel_sdk_custom_interfaces': CMAKE_PREFIX_PATH=${CMAKE_PREFIX_PATH}:/home/user/ros2_ws/install/joint_trajectory_publisher:/home/user/ros2_ws/install/joint_trajectory_demo _=/usr/bin/env /usr/bin/cmake --install /home/user/ros2_ws/build/dynamixel_sdk_custom_interfaces
[1.376s] DEBUG:colcon.colcon_core.event_handler.log_command:Invoked command in '/home/user/ros2_ws/build/diffbot_description' returned '0': CMAKE_PREFIX_PATH=${CMAKE_PREFIX_PATH}:/home/user/ros2_ws/install/joint_trajectory_publisher:/home/user/ros2_ws/install/joint_trajectory_demo _=/usr/bin/env /usr/bin/cmake --build /home/user/ros2_ws/build/diffbot_description -- -j8 -l8
[1.376s] DEBUG:colcon.colcon_core.event_handler.log_command:Invoking command in '/home/user/ros2_ws/build/diffbot_description': CMAKE_PREFIX_PATH=${CMAKE_PREFIX_PATH}:/home/user/ros2_ws/install/joint_trajectory_publisher:/home/user/ros2_ws/install/joint_trajectory_demo _=/usr/bin/env /usr/bin/cmake --install /home/user/ros2_ws/build/diffbot_description
[1.394s] DEBUG:colcon.colcon_core.event_handler.log_command:Invoked command in '/home/user/ros2_ws/build/diffbot_sim' returned '0': CMAKE_PREFIX_PATH=${CMAKE_PREFIX_PATH}:/home/user/ros2_ws/install/joint_trajectory_publisher:/home/user/ros2_ws/install/joint_trajectory_demo _=/usr/bin/env /usr/bin/cmake --build /home/user/ros2_ws/build/diffbot_sim -- -j8 -l8
[1.395s] DEBUG:colcon.colcon_core.event_handler.log_command:Invoking command in '/home/user/ros2_ws/build/diffbot_sim': CMAKE_PREFIX_PATH=${CMAKE_PREFIX_PATH}:/home/user/ros2_ws/install/joint_trajectory_publisher:/home/user/ros2_ws/install/joint_trajectory_demo _=/usr/bin/env /usr/bin/cmake --install /home/user/ros2_ws/build/diffbot_sim
[1.398s] DEBUG:colcon.colcon_core.event_handler.log_command:Invoking command in '/home/user/ros2_ws/build/my_robot_bringup': CMAKE_PREFIX_PATH=${CMAKE_PREFIX_PATH}:/home/user/ros2_ws/install/joint_trajectory_publisher:/home/user/ros2_ws/install/joint_trajectory_demo _=/usr/bin/env /usr/bin/cmake --build /home/user/ros2_ws/build/my_robot_bringup -- -j8 -l8
[1.455s] Level 1:colcon.colcon_core.environment:create_environment_scripts_only(dynamixel_sdk)
[1.457s] DEBUG:colcon.colcon_core.event_handler.log_command:Invoked command in '/home/user/ros2_ws/build/dynamixel_sdk' returned '0': CMAKE_PREFIX_PATH=${CMAKE_PREFIX_PATH}:/home/user/ros2_ws/install/joint_trajectory_publisher:/home/user/ros2_ws/install/joint_trajectory_demo _=/usr/bin/env /usr/bin/cmake --install /home/user/ros2_ws/build/dynamixel_sdk
[1.458s] Level 1:colcon.colcon_core.environment:checking '/home/user/ros2_ws/install/dynamixel_sdk' for CMake module files
[1.459s] Level 1:colcon.colcon_core.environment:checking '/home/user/ros2_ws/install/dynamixel_sdk' for CMake config files
[1.460s] Level 1:colcon.colcon_core.shell:create_environment_hook('dynamixel_sdk', 'cmake_prefix_path')
[1.460s] INFO:colcon.colcon_core.shell:Creating environment hook '/home/user/ros2_ws/install/dynamixel_sdk/share/dynamixel_sdk/hook/cmake_prefix_path.ps1'
[1.460s] INFO:colcon.colcon_core.shell:Creating environment descriptor '/home/user/ros2_ws/install/dynamixel_sdk/share/dynamixel_sdk/hook/cmake_prefix_path.dsv'
[1.461s] INFO:colcon.colcon_core.shell:Creating environment hook '/home/user/ros2_ws/install/dynamixel_sdk/share/dynamixel_sdk/hook/cmake_prefix_path.sh'
[1.462s] Level 1:colcon.colcon_core.environment:checking '/home/user/ros2_ws/install/dynamixel_sdk/lib'
[1.462s] Level 1:colcon.colcon_core.shell:create_environment_hook('dynamixel_sdk', 'ld_library_path_lib')
[1.463s] INFO:colcon.colcon_core.shell:Creating environment hook '/home/user/ros2_ws/install/dynamixel_sdk/share/dynamixel_sdk/hook/ld_library_path_lib.ps1'
[1.463s] INFO:colcon.colcon_core.shell:Creating environment descriptor '/home/user/ros2_ws/install/dynamixel_sdk/share/dynamixel_sdk/hook/ld_library_path_lib.dsv'
[1.463s] INFO:colcon.colcon_core.shell:Creating environment hook '/home/user/ros2_ws/install/dynamixel_sdk/share/dynamixel_sdk/hook/ld_library_path_lib.sh'
[1.464s] Level 1:colcon.colcon_core.environment:checking '/home/user/ros2_ws/install/dynamixel_sdk/bin'
[1.464s] Level 1:colcon.colcon_core.environment:checking '/home/user/ros2_ws/install/dynamixel_sdk/lib/pkgconfig/dynamixel_sdk.pc'
[1.465s] Level 1:colcon.colcon_core.environment:checking '/home/user/ros2_ws/install/dynamixel_sdk/lib/python3.12/site-packages'
[1.465s] Level 1:colcon.colcon_core.environment:checking '/home/user/ros2_ws/install/dynamixel_sdk/bin'
[1.465s] INFO:colcon.colcon_core.shell:Creating package script '/home/user/ros2_ws/install/dynamixel_sdk/share/dynamixel_sdk/package.ps1'
[1.467s] INFO:colcon.colcon_core.shell:Creating package descriptor '/home/user/ros2_ws/install/dynamixel_sdk/share/dynamixel_sdk/package.dsv'
[1.468s] INFO:colcon.colcon_core.shell:Creating package script '/home/user/ros2_ws/install/dynamixel_sdk/share/dynamixel_sdk/package.sh'
[1.469s] INFO:colcon.colcon_core.shell:Creating package script '/home/user/ros2_ws/install/dynamixel_sdk/share/dynamixel_sdk/package.bash'
[1.470s] INFO:colcon.colcon_core.shell:Creating package script '/home/user/ros2_ws/install/dynamixel_sdk/share/dynamixel_sdk/package.zsh'
[1.471s] Level 1:colcon.colcon_core.environment:create_file_with_runtime_dependencies(/home/user/ros2_ws/install/dynamixel_sdk/share/colcon-core/packages/dynamixel_sdk)
[1.472s] Level 1:colcon.colcon_core.environment:create_environment_scripts_only(dynamixel_sdk)
[1.472s] Level 1:colcon.colcon_core.environment:checking '/home/user/ros2_ws/install/dynamixel_sdk' for CMake module files
[1.476s] Level 1:colcon.colcon_core.environment:checking '/home/user/ros2_ws/install/dynamixel_sdk' for CMake config files
[1.478s] Level 1:colcon.colcon_core.shell:create_environment_hook('dynamixel_sdk', 'cmake_prefix_path')
[1.479s] INFO:colcon.colcon_core.shell:Creating environment hook '/home/user/ros2_ws/install/dynamixel_sdk/share/dynamixel_sdk/hook/cmake_prefix_path.ps1'
[1.479s] INFO:colcon.colcon_core.shell:Creating environment descriptor '/home/user/ros2_ws/install/dynamixel_sdk/share/dynamixel_sdk/hook/cmake_prefix_path.dsv'
[1.480s] INFO:colcon.colcon_core.shell:Creating environment hook '/home/user/ros2_ws/install/dynamixel_sdk/share/dynamixel_sdk/hook/cmake_prefix_path.sh'
[1.481s] Level 1:colcon.colcon_core.environment:checking '/home/user/ros2_ws/install/dynamixel_sdk/lib'
[1.481s] Level 1:colcon.colcon_core.shell:create_environment_hook('dynamixel_sdk', 'ld_library_path_lib')
[1.482s] INFO:colcon.colcon_core.shell:Creating environment hook '/home/user/ros2_ws/install/dynamixel_sdk/share/dynamixel_sdk/hook/ld_library_path_lib.ps1'
[1.483s] INFO:colcon.colcon_core.shell:Creating environment descriptor '/home/user/ros2_ws/install/dynamixel_sdk/share/dynamixel_sdk/hook/ld_library_path_lib.dsv'
[1.490s] INFO:colcon.colcon_core.shell:Creating environment hook '/home/user/ros2_ws/install/dynamixel_sdk/share/dynamixel_sdk/hook/ld_library_path_lib.sh'
[1.491s] Level 1:colcon.colcon_core.environment:checking '/home/user/ros2_ws/install/dynamixel_sdk/bin'
[1.491s] Level 1:colcon.colcon_core.environment:checking '/home/user/ros2_ws/install/dynamixel_sdk/lib/pkgconfig/dynamixel_sdk.pc'
[1.491s] Level 1:colcon.colcon_core.environment:checking '/home/user/ros2_ws/install/dynamixel_sdk/lib/python3.12/site-packages'
[1.492s] Level 1:colcon.colcon_core.environment:checking '/home/user/ros2_ws/install/dynamixel_sdk/bin'
[1.492s] INFO:colcon.colcon_core.shell:Creating package script '/home/user/ros2_ws/install/dynamixel_sdk/share/dynamixel_sdk/package.ps1'
[1.493s] INFO:colcon.colcon_core.shell:Creating package descriptor '/home/user/ros2_ws/install/dynamixel_sdk/share/dynamixel_sdk/package.dsv'
[1.493s] INFO:colcon.colcon_core.shell:Creating package script '/home/user/ros2_ws/install/dynamixel_sdk/share/dynamixel_sdk/package.sh'
[1.493s] INFO:colcon.colcon_core.shell:Creating package script '/home/user/ros2_ws/install/dynamixel_sdk/share/dynamixel_sdk/package.bash'
[1.494s] INFO:colcon.colcon_core.shell:Creating package script '/home/user/ros2_ws/install/dynamixel_sdk/share/dynamixel_sdk/package.zsh'
[1.499s] Level 1:colcon.colcon_core.environment:create_file_with_runtime_dependencies(/home/user/ros2_ws/install/dynamixel_sdk/share/colcon-core/packages/dynamixel_sdk)
[1.501s] DEBUG:colcon.colcon_core.event_handler.log_command:Invoked command in '/home/user/ros2_ws/build/my_quadruped_bringup' returned '0': CMAKE_PREFIX_PATH=${CMAKE_PREFIX_PATH}:/home/user/ros2_ws/install/joint_trajectory_publisher:/home/user/ros2_ws/install/joint_trajectory_demo _=/usr/bin/env /usr/bin/cmake --build /home/user/ros2_ws/build/my_quadruped_bringup -- -j8 -l8
[1.502s] DEBUG:colcon.colcon_core.event_handler.log_command:Invoking command in '/home/user/ros2_ws/build/my_quadruped_bringup': CMAKE_PREFIX_PATH=${CMAKE_PREFIX_PATH}:/home/user/ros2_ws/install/joint_trajectory_publisher:/home/user/ros2_ws/install/joint_trajectory_demo _=/usr/bin/env /usr/bin/cmake --install /home/user/ros2_ws/build/my_quadruped_bringup
[1.523s] INFO:colcon.colcon_ros.task.ament_cmake.build:Building ROS package in '/home/user/ros2_ws/src/dynamixel-workbench/dynamixel_workbench_toolbox' with build type 'ament_cmake'
[1.523s] INFO:colcon.colcon_cmake.task.cmake.build:Building CMake package in '/home/user/ros2_ws/src/dynamixel-workbench/dynamixel_workbench_toolbox'
[1.523s] INFO:colcon.colcon_core.shell:Skip shell extension 'powershell' for command environment: Not usable outside of PowerShell
[1.523s] DEBUG:colcon.colcon_core.shell:Skip shell extension 'dsv' for command environment
[1.543s] Level 1:colcon.colcon_core.environment:create_environment_scripts_only(diffbot_description)
[1.544s] DEBUG:colcon.colcon_core.event_handler.log_command:Invoked command in '/home/user/ros2_ws/build/diffbot_description' returned '0': CMAKE_PREFIX_PATH=${CMAKE_PREFIX_PATH}:/home/user/ros2_ws/install/joint_trajectory_publisher:/home/user/ros2_ws/install/joint_trajectory_demo _=/usr/bin/env /usr/bin/cmake --install /home/user/ros2_ws/build/diffbot_description
[1.544s] Level 1:colcon.colcon_core.environment:checking '/home/user/ros2_ws/install/diffbot_description' for CMake module files
[1.549s] Level 1:colcon.colcon_core.environment:checking '/home/user/ros2_ws/install/diffbot_description' for CMake config files
[1.549s] Level 1:colcon.colcon_core.shell:create_environment_hook('diffbot_description', 'cmake_prefix_path')
[1.550s] INFO:colcon.colcon_core.shell:Creating environment hook '/home/user/ros2_ws/install/diffbot_description/share/diffbot_description/hook/cmake_prefix_path.ps1'
[1.551s] INFO:colcon.colcon_core.shell:Creating environment descriptor '/home/user/ros2_ws/install/diffbot_description/share/diffbot_description/hook/cmake_prefix_path.dsv'
[1.551s] INFO:colcon.colcon_core.shell:Creating environment hook '/home/user/ros2_ws/install/diffbot_description/share/diffbot_description/hook/cmake_prefix_path.sh'
[1.552s] Level 1:colcon.colcon_core.environment:checking '/home/user/ros2_ws/install/diffbot_description/bin'
[1.552s] Level 1:colcon.colcon_core.environment:checking '/home/user/ros2_ws/install/diffbot_description/lib/pkgconfig/diffbot_description.pc'
[1.553s] Level 1:colcon.colcon_core.environment:checking '/home/user/ros2_ws/install/diffbot_description/lib/python3.12/site-packages'
[1.553s] Level 1:colcon.colcon_core.environment:checking '/home/user/ros2_ws/install/diffbot_description/bin'
[1.553s] INFO:colcon.colcon_core.shell:Creating package script '/home/user/ros2_ws/install/diffbot_description/share/diffbot_description/package.ps1'
[1.554s] INFO:colcon.colcon_core.shell:Creating package descriptor '/home/user/ros2_ws/install/diffbot_description/share/diffbot_description/package.dsv'
[1.555s] INFO:colcon.colcon_core.shell:Creating package script '/home/user/ros2_ws/install/diffbot_description/share/diffbot_description/package.sh'
[1.555s] INFO:colcon.colcon_core.shell:Creating package script '/home/user/ros2_ws/install/diffbot_description/share/diffbot_description/package.bash'
[1.556s] INFO:colcon.colcon_core.shell:Creating package script '/home/user/ros2_ws/install/diffbot_description/share/diffbot_description/package.zsh'
[1.556s] Level 1:colcon.colcon_core.environment:create_file_with_runtime_dependencies(/home/user/ros2_ws/install/diffbot_description/share/colcon-core/packages/diffbot_description)
[1.557s] Level 1:colcon.colcon_core.environment:create_environment_scripts_only(diffbot_description)
[1.557s] Level 1:colcon.colcon_core.environment:checking '/home/user/ros2_ws/install/diffbot_description' for CMake module files
[1.558s] Level 1:colcon.colcon_core.environment:checking '/home/user/ros2_ws/install/diffbot_description' for CMake config files
[1.558s] Level 1:colcon.colcon_core.shell:create_environment_hook('diffbot_description', 'cmake_prefix_path')
[1.558s] INFO:colcon.colcon_core.shell:Creating environment hook '/home/user/ros2_ws/install/diffbot_description/share/diffbot_description/hook/cmake_prefix_path.ps1'
[1.559s] INFO:colcon.colcon_core.shell:Creating environment descriptor '/home/user/ros2_ws/install/diffbot_description/share/diffbot_description/hook/cmake_prefix_path.dsv'
[1.559s] INFO:colcon.colcon_core.shell:Creating environment hook '/home/user/ros2_ws/install/diffbot_description/share/diffbot_description/hook/cmake_prefix_path.sh'
[1.560s] Level 1:colcon.colcon_core.environment:checking '/home/user/ros2_ws/install/diffbot_description/bin'
[1.560s] Level 1:colcon.colcon_core.environment:checking '/home/user/ros2_ws/install/diffbot_description/lib/pkgconfig/diffbot_description.pc'
[1.561s] Level 1:colcon.colcon_core.environment:checking '/home/user/ros2_ws/install/diffbot_description/lib/python3.12/site-packages'
[1.561s] Level 1:colcon.colcon_core.environment:checking '/home/user/ros2_ws/install/diffbot_description/bin'
[1.561s] INFO:colcon.colcon_core.shell:Creating package script '/home/user/ros2_ws/install/diffbot_description/share/diffbot_description/package.ps1'
[1.562s] INFO:colcon.colcon_core.shell:Creating package descriptor '/home/user/ros2_ws/install/diffbot_description/share/diffbot_description/package.dsv'
[1.563s] INFO:colcon.colcon_core.shell:Creating package script '/home/user/ros2_ws/install/diffbot_description/share/diffbot_description/package.sh'
[1.563s] INFO:colcon.colcon_core.shell:Creating package script '/home/user/ros2_ws/install/diffbot_description/share/diffbot_description/package.bash'
[1.564s] INFO:colcon.colcon_core.shell:Creating package script '/home/user/ros2_ws/install/diffbot_description/share/diffbot_description/package.zsh'
[1.565s] Level 1:colcon.colcon_core.environment:create_file_with_runtime_dependencies(/home/user/ros2_ws/install/diffbot_description/share/colcon-core/packages/diffbot_description)
[1.567s] Level 1:colcon.colcon_core.environment:create_environment_scripts_only(diffbot_sim)
[1.567s] Level 1:colcon.colcon_core.environment:checking '/home/user/ros2_ws/install/diffbot_sim' for CMake module files
[1.568s] DEBUG:colcon.colcon_core.event_handler.log_command:Invoked command in '/home/user/ros2_ws/build/diffbot_sim' returned '0': CMAKE_PREFIX_PATH=${CMAKE_PREFIX_PATH}:/home/user/ros2_ws/install/joint_trajectory_publisher:/home/user/ros2_ws/install/joint_trajectory_demo _=/usr/bin/env /usr/bin/cmake --install /home/user/ros2_ws/build/diffbot_sim
[1.569s] Level 1:colcon.colcon_core.environment:checking '/home/user/ros2_ws/install/diffbot_sim' for CMake config files
[1.570s] Level 1:colcon.colcon_core.shell:create_environment_hook('diffbot_sim', 'cmake_prefix_path')
[1.570s] INFO:colcon.colcon_core.shell:Creating environment hook '/home/user/ros2_ws/install/diffbot_sim/share/diffbot_sim/hook/cmake_prefix_path.ps1'
[1.571s] INFO:colcon.colcon_core.shell:Creating environment descriptor '/home/user/ros2_ws/install/diffbot_sim/share/diffbot_sim/hook/cmake_prefix_path.dsv'
[1.571s] INFO:colcon.colcon_core.shell:Creating environment hook '/home/user/ros2_ws/install/diffbot_sim/share/diffbot_sim/hook/cmake_prefix_path.sh'
[1.572s] Level 1:colcon.colcon_core.environment:checking '/home/user/ros2_ws/install/diffbot_sim/bin'
[1.572s] Level 1:colcon.colcon_core.environment:checking '/home/user/ros2_ws/install/diffbot_sim/lib/pkgconfig/diffbot_sim.pc'
[1.573s] Level 1:colcon.colcon_core.environment:checking '/home/user/ros2_ws/install/diffbot_sim/lib/python3.12/site-packages'
[1.573s] Level 1:colcon.colcon_core.environment:checking '/home/user/ros2_ws/install/diffbot_sim/bin'
[1.573s] INFO:colcon.colcon_core.shell:Creating package script '/home/user/ros2_ws/install/diffbot_sim/share/diffbot_sim/package.ps1'
[1.574s] INFO:colcon.colcon_core.shell:Creating package descriptor '/home/user/ros2_ws/install/diffbot_sim/share/diffbot_sim/package.dsv'
[1.575s] INFO:colcon.colcon_core.shell:Creating package script '/home/user/ros2_ws/install/diffbot_sim/share/diffbot_sim/package.sh'
[1.575s] INFO:colcon.colcon_core.shell:Creating package script '/home/user/ros2_ws/install/diffbot_sim/share/diffbot_sim/package.bash'
[1.576s] INFO:colcon.colcon_core.shell:Creating package script '/home/user/ros2_ws/install/diffbot_sim/share/diffbot_sim/package.zsh'
[1.576s] Level 1:colcon.colcon_core.environment:create_file_with_runtime_dependencies(/home/user/ros2_ws/install/diffbot_sim/share/colcon-core/packages/diffbot_sim)
[1.577s] Level 1:colcon.colcon_core.environment:create_environment_scripts_only(diffbot_sim)
[1.577s] Level 1:colcon.colcon_core.environment:checking '/home/user/ros2_ws/install/diffbot_sim' for CMake module files
[1.578s] Level 1:colcon.colcon_core.environment:checking '/home/user/ros2_ws/install/diffbot_sim' for CMake config files
[1.578s] Level 1:colcon.colcon_core.shell:create_environment_hook('diffbot_sim', 'cmake_prefix_path')
[1.578s] INFO:colcon.colcon_core.shell:Creating environment hook '/home/user/ros2_ws/install/diffbot_sim/share/diffbot_sim/hook/cmake_prefix_path.ps1'
[1.579s] INFO:colcon.colcon_core.shell:Creating environment descriptor '/home/user/ros2_ws/install/diffbot_sim/share/diffbot_sim/hook/cmake_prefix_path.dsv'
[1.579s] INFO:colcon.colcon_core.shell:Creating environment hook '/home/user/ros2_ws/install/diffbot_sim/share/diffbot_sim/hook/cmake_prefix_path.sh'
[1.581s] Level 1:colcon.colcon_core.environment:checking '/home/user/ros2_ws/install/diffbot_sim/bin'
[1.581s] Level 1:colcon.colcon_core.environment:checking '/home/user/ros2_ws/install/diffbot_sim/lib/pkgconfig/diffbot_sim.pc'
[1.581s] Level 1:colcon.colcon_core.environment:checking '/home/user/ros2_ws/install/diffbot_sim/lib/python3.12/site-packages'
[1.582s] Level 1:colcon.colcon_core.environment:checking '/home/user/ros2_ws/install/diffbot_sim/bin'
[1.582s] INFO:colcon.colcon_core.shell:Creating package script '/home/user/ros2_ws/install/diffbot_sim/share/diffbot_sim/package.ps1'
[1.583s] INFO:colcon.colcon_core.shell:Creating package descriptor '/home/user/ros2_ws/install/diffbot_sim/share/diffbot_sim/package.dsv'
[1.583s] INFO:colcon.colcon_core.shell:Creating package script '/home/user/ros2_ws/install/diffbot_sim/share/diffbot_sim/package.sh'
[1.584s] INFO:colcon.colcon_core.shell:Creating package script '/home/user/ros2_ws/install/diffbot_sim/share/diffbot_sim/package.bash'
[1.584s] INFO:colcon.colcon_core.shell:Creating package script '/home/user/ros2_ws/install/diffbot_sim/share/diffbot_sim/package.zsh'
[1.585s] Level 1:colcon.colcon_core.environment:create_file_with_runtime_dependencies(/home/user/ros2_ws/install/diffbot_sim/share/colcon-core/packages/diffbot_sim)
[1.586s] INFO:colcon.colcon_ros.task.ament_cmake.build:Building ROS package in '/home/user/ros2_ws/src/my_robot_hardware_interface' with build type 'ament_cmake'
[1.586s] INFO:colcon.colcon_cmake.task.cmake.build:Building CMake package in '/home/user/ros2_ws/src/my_robot_hardware_interface'
[1.586s] INFO:colcon.colcon_core.shell:Skip shell extension 'powershell' for command environment: Not usable outside of PowerShell
[1.586s] DEBUG:colcon.colcon_core.shell:Skip shell extension 'dsv' for command environment
[1.616s] DEBUG:colcon.colcon_core.event_handler.log_command:Invoked command in '/home/user/ros2_ws/build/my_robot_bringup' returned '0': CMAKE_PREFIX_PATH=${CMAKE_PREFIX_PATH}:/home/user/ros2_ws/install/joint_trajectory_publisher:/home/user/ros2_ws/install/joint_trajectory_demo _=/usr/bin/env /usr/bin/cmake --build /home/user/ros2_ws/build/my_robot_bringup -- -j8 -l8
[1.616s] Level 1:colcon.colcon_core.environment:create_environment_scripts_only(dynamixel_sdk_custom_interfaces)
[1.617s] Level 1:colcon.colcon_core.environment:checking '/home/user/ros2_ws/install/dynamixel_sdk_custom_interfaces' for CMake module files
[1.618s] DEBUG:colcon.colcon_core.event_handler.log_command:Invoking command in '/home/user/ros2_ws/build/my_robot_bringup': CMAKE_PREFIX_PATH=${CMAKE_PREFIX_PATH}:/home/user/ros2_ws/install/joint_trajectory_publisher:/home/user/ros2_ws/install/joint_trajectory_demo _=/usr/bin/env /usr/bin/cmake --install /home/user/ros2_ws/build/my_robot_bringup
[1.618s] DEBUG:colcon.colcon_core.event_handler.log_command:Invoked command in '/home/user/ros2_ws/build/dynamixel_sdk_custom_interfaces' returned '0': CMAKE_PREFIX_PATH=${CMAKE_PREFIX_PATH}:/home/user/ros2_ws/install/joint_trajectory_publisher:/home/user/ros2_ws/install/joint_trajectory_demo _=/usr/bin/env /usr/bin/cmake --install /home/user/ros2_ws/build/dynamixel_sdk_custom_interfaces
[1.619s] Level 1:colcon.colcon_core.environment:checking '/home/user/ros2_ws/install/dynamixel_sdk_custom_interfaces' for CMake config files
[1.620s] Level 1:colcon.colcon_core.shell:create_environment_hook('dynamixel_sdk_custom_interfaces', 'cmake_prefix_path')
[1.620s] INFO:colcon.colcon_core.shell:Creating environment hook '/home/user/ros2_ws/install/dynamixel_sdk_custom_interfaces/share/dynamixel_sdk_custom_interfaces/hook/cmake_prefix_path.ps1'
[1.620s] INFO:colcon.colcon_core.shell:Creating environment descriptor '/home/user/ros2_ws/install/dynamixel_sdk_custom_interfaces/share/dynamixel_sdk_custom_interfaces/hook/cmake_prefix_path.dsv'
[1.621s] INFO:colcon.colcon_core.shell:Creating environment hook '/home/user/ros2_ws/install/dynamixel_sdk_custom_interfaces/share/dynamixel_sdk_custom_interfaces/hook/cmake_prefix_path.sh'
[1.621s] Level 1:colcon.colcon_core.environment:checking '/home/user/ros2_ws/install/dynamixel_sdk_custom_interfaces/lib'
[1.621s] Level 1:colcon.colcon_core.shell:create_environment_hook('dynamixel_sdk_custom_interfaces', 'ld_library_path_lib')
[1.622s] INFO:colcon.colcon_core.shell:Creating environment hook '/home/user/ros2_ws/install/dynamixel_sdk_custom_interfaces/share/dynamixel_sdk_custom_interfaces/hook/ld_library_path_lib.ps1'
[1.622s] INFO:colcon.colcon_core.shell:Creating environment descriptor '/home/user/ros2_ws/install/dynamixel_sdk_custom_interfaces/share/dynamixel_sdk_custom_interfaces/hook/ld_library_path_lib.dsv'
[1.623s] INFO:colcon.colcon_core.shell:Creating environment hook '/home/user/ros2_ws/install/dynamixel_sdk_custom_interfaces/share/dynamixel_sdk_custom_interfaces/hook/ld_library_path_lib.sh'
[1.623s] Level 1:colcon.colcon_core.environment:checking '/home/user/ros2_ws/install/dynamixel_sdk_custom_interfaces/bin'
[1.623s] Level 1:colcon.colcon_core.environment:checking '/home/user/ros2_ws/install/dynamixel_sdk_custom_interfaces/lib/pkgconfig/dynamixel_sdk_custom_interfaces.pc'
[1.624s] Level 1:colcon.colcon_core.environment:checking '/home/user/ros2_ws/install/dynamixel_sdk_custom_interfaces/lib/python3.12/site-packages'
[1.624s] Level 1:colcon.colcon_core.shell:create_environment_hook('dynamixel_sdk_custom_interfaces', 'pythonpath')
[1.624s] INFO:colcon.colcon_core.shell:Creating environment hook '/home/user/ros2_ws/install/dynamixel_sdk_custom_interfaces/share/dynamixel_sdk_custom_interfaces/hook/pythonpath.ps1'
[1.625s] INFO:colcon.colcon_core.shell:Creating environment descriptor '/home/user/ros2_ws/install/dynamixel_sdk_custom_interfaces/share/dynamixel_sdk_custom_interfaces/hook/pythonpath.dsv'
[1.625s] INFO:colcon.colcon_core.shell:Creating environment hook '/home/user/ros2_ws/install/dynamixel_sdk_custom_interfaces/share/dynamixel_sdk_custom_interfaces/hook/pythonpath.sh'
[1.626s] Level 1:colcon.colcon_core.environment:checking '/home/user/ros2_ws/install/dynamixel_sdk_custom_interfaces/bin'
[1.627s] INFO:colcon.colcon_core.shell:Creating package script '/home/user/ros2_ws/install/dynamixel_sdk_custom_interfaces/share/dynamixel_sdk_custom_interfaces/package.ps1'
[1.628s] INFO:colcon.colcon_core.shell:Creating package descriptor '/home/user/ros2_ws/install/dynamixel_sdk_custom_interfaces/share/dynamixel_sdk_custom_interfaces/package.dsv'
[1.628s] INFO:colcon.colcon_core.shell:Creating package script '/home/user/ros2_ws/install/dynamixel_sdk_custom_interfaces/share/dynamixel_sdk_custom_interfaces/package.sh'
[1.629s] INFO:colcon.colcon_core.shell:Creating package script '/home/user/ros2_ws/install/dynamixel_sdk_custom_interfaces/share/dynamixel_sdk_custom_interfaces/package.bash'
[1.630s] INFO:colcon.colcon_core.shell:Creating package script '/home/user/ros2_ws/install/dynamixel_sdk_custom_interfaces/share/dynamixel_sdk_custom_interfaces/package.zsh'
[1.631s] Level 1:colcon.colcon_core.environment:create_file_with_runtime_dependencies(/home/user/ros2_ws/install/dynamixel_sdk_custom_interfaces/share/colcon-core/packages/dynamixel_sdk_custom_interfaces)
[1.632s] Level 1:colcon.colcon_core.environment:create_environment_scripts_only(dynamixel_sdk_custom_interfaces)
[1.632s] Level 1:colcon.colcon_core.environment:checking '/home/user/ros2_ws/install/dynamixel_sdk_custom_interfaces' for CMake module files
[1.633s] Level 1:colcon.colcon_core.environment:checking '/home/user/ros2_ws/install/dynamixel_sdk_custom_interfaces' for CMake config files
[1.634s] Level 1:colcon.colcon_core.shell:create_environment_hook('dynamixel_sdk_custom_interfaces', 'cmake_prefix_path')
[1.634s] INFO:colcon.colcon_core.shell:Creating environment hook '/home/user/ros2_ws/install/dynamixel_sdk_custom_interfaces/share/dynamixel_sdk_custom_interfaces/hook/cmake_prefix_path.ps1'
[1.635s] INFO:colcon.colcon_core.shell:Creating environment descriptor '/home/user/ros2_ws/install/dynamixel_sdk_custom_interfaces/share/dynamixel_sdk_custom_interfaces/hook/cmake_prefix_path.dsv'
[1.635s] INFO:colcon.colcon_core.shell:Creating environment hook '/home/user/ros2_ws/install/dynamixel_sdk_custom_interfaces/share/dynamixel_sdk_custom_interfaces/hook/cmake_prefix_path.sh'
[1.636s] Level 1:colcon.colcon_core.environment:checking '/home/user/ros2_ws/install/dynamixel_sdk_custom_interfaces/lib'
[1.636s] Level 1:colcon.colcon_core.shell:create_environment_hook('dynamixel_sdk_custom_interfaces', 'ld_library_path_lib')
[1.636s] INFO:colcon.colcon_core.shell:Creating environment hook '/home/user/ros2_ws/install/dynamixel_sdk_custom_interfaces/share/dynamixel_sdk_custom_interfaces/hook/ld_library_path_lib.ps1'
[1.637s] INFO:colcon.colcon_core.shell:Creating environment descriptor '/home/user/ros2_ws/install/dynamixel_sdk_custom_interfaces/share/dynamixel_sdk_custom_interfaces/hook/ld_library_path_lib.dsv'
[1.637s] INFO:colcon.colcon_core.shell:Creating environment hook '/home/user/ros2_ws/install/dynamixel_sdk_custom_interfaces/share/dynamixel_sdk_custom_interfaces/hook/ld_library_path_lib.sh'
[1.638s] Level 1:colcon.colcon_core.environment:checking '/home/user/ros2_ws/install/dynamixel_sdk_custom_interfaces/bin'
[1.638s] Level 1:colcon.colcon_core.environment:checking '/home/user/ros2_ws/install/dynamixel_sdk_custom_interfaces/lib/pkgconfig/dynamixel_sdk_custom_interfaces.pc'
[1.638s] Level 1:colcon.colcon_core.environment:checking '/home/user/ros2_ws/install/dynamixel_sdk_custom_interfaces/lib/python3.12/site-packages'
[1.639s] Level 1:colcon.colcon_core.shell:create_environment_hook('dynamixel_sdk_custom_interfaces', 'pythonpath')
[1.639s] INFO:colcon.colcon_core.shell:Creating environment hook '/home/user/ros2_ws/install/dynamixel_sdk_custom_interfaces/share/dynamixel_sdk_custom_interfaces/hook/pythonpath.ps1'
[1.640s] INFO:colcon.colcon_core.shell:Creating environment descriptor '/home/user/ros2_ws/install/dynamixel_sdk_custom_interfaces/share/dynamixel_sdk_custom_interfaces/hook/pythonpath.dsv'
[1.640s] INFO:colcon.colcon_core.shell:Creating environment hook '/home/user/ros2_ws/install/dynamixel_sdk_custom_interfaces/share/dynamixel_sdk_custom_interfaces/hook/pythonpath.sh'
[1.641s] Level 1:colcon.colcon_core.environment:checking '/home/user/ros2_ws/install/dynamixel_sdk_custom_interfaces/bin'
[1.641s] INFO:colcon.colcon_core.shell:Creating package script '/home/user/ros2_ws/install/dynamixel_sdk_custom_interfaces/share/dynamixel_sdk_custom_interfaces/package.ps1'
[1.642s] INFO:colcon.colcon_core.shell:Creating package descriptor '/home/user/ros2_ws/install/dynamixel_sdk_custom_interfaces/share/dynamixel_sdk_custom_interfaces/package.dsv'
[1.642s] INFO:colcon.colcon_core.shell:Creating package script '/home/user/ros2_ws/install/dynamixel_sdk_custom_interfaces/share/dynamixel_sdk_custom_interfaces/package.sh'
[1.643s] INFO:colcon.colcon_core.shell:Creating package script '/home/user/ros2_ws/install/dynamixel_sdk_custom_interfaces/share/dynamixel_sdk_custom_interfaces/package.bash'
[1.644s] INFO:colcon.colcon_core.shell:Creating package script '/home/user/ros2_ws/install/dynamixel_sdk_custom_interfaces/share/dynamixel_sdk_custom_interfaces/package.zsh'
[1.645s] Level 1:colcon.colcon_core.environment:create_file_with_runtime_dependencies(/home/user/ros2_ws/install/dynamixel_sdk_custom_interfaces/share/colcon-core/packages/dynamixel_sdk_custom_interfaces)
[1.646s] INFO:colcon.colcon_ros.task.ament_cmake.build:Building ROS package in '/home/user/ros2_ws/src/rrbot_controller' with build type 'ament_cmake'
[1.647s] INFO:colcon.colcon_cmake.task.cmake.build:Building CMake package in '/home/user/ros2_ws/src/rrbot_controller'
[1.647s] INFO:colcon.colcon_core.shell:Skip shell extension 'powershell' for command environment: Not usable outside of PowerShell
[1.647s] DEBUG:colcon.colcon_core.shell:Skip shell extension 'dsv' for command environment
[1.655s] INFO:colcon.colcon_ros.task.ament_cmake.build:Building ROS package in '/home/user/ros2_ws/src/ros2_control_course/unit2/rrbot_unit2' with build type 'ament_cmake'
[1.665s] INFO:colcon.colcon_cmake.task.cmake.build:Building CMake package in '/home/user/ros2_ws/src/ros2_control_course/unit2/rrbot_unit2'
[1.665s] INFO:colcon.colcon_core.shell:Skip shell extension 'powershell' for command environment: Not usable outside of PowerShell
[1.665s] DEBUG:colcon.colcon_core.shell:Skip shell extension 'dsv' for command environment
[1.687s] Level 1:colcon.colcon_core.environment:create_environment_scripts_only(my_quadruped_bringup)
[1.687s] Level 1:colcon.colcon_core.environment:checking '/home/user/ros2_ws/install/my_quadruped_bringup' for CMake module files
[1.689s] Level 1:colcon.colcon_core.environment:checking '/home/user/ros2_ws/install/my_quadruped_bringup' for CMake config files
[1.689s] Level 1:colcon.colcon_core.shell:create_environment_hook('my_quadruped_bringup', 'cmake_prefix_path')
[1.690s] INFO:colcon.colcon_core.shell:Creating environment hook '/home/user/ros2_ws/install/my_quadruped_bringup/share/my_quadruped_bringup/hook/cmake_prefix_path.ps1'
[1.690s] INFO:colcon.colcon_core.shell:Creating environment descriptor '/home/user/ros2_ws/install/my_quadruped_bringup/share/my_quadruped_bringup/hook/cmake_prefix_path.dsv'
[1.691s] INFO:colcon.colcon_core.shell:Creating environment hook '/home/user/ros2_ws/install/my_quadruped_bringup/share/my_quadruped_bringup/hook/cmake_prefix_path.sh'
[1.692s] Level 1:colcon.colcon_core.environment:checking '/home/user/ros2_ws/install/my_quadruped_bringup/bin'
[1.692s] Level 1:colcon.colcon_core.environment:checking '/home/user/ros2_ws/install/my_quadruped_bringup/lib/pkgconfig/my_quadruped_bringup.pc'
[1.692s] Level 1:colcon.colcon_core.environment:checking '/home/user/ros2_ws/install/my_quadruped_bringup/lib/python3.12/site-packages'
[1.692s] Level 1:colcon.colcon_core.environment:checking '/home/user/ros2_ws/install/my_quadruped_bringup/bin'
[1.693s] INFO:colcon.colcon_core.shell:Creating package script '/home/user/ros2_ws/install/my_quadruped_bringup/share/my_quadruped_bringup/package.ps1'
[1.693s] INFO:colcon.colcon_core.shell:Creating package descriptor '/home/user/ros2_ws/install/my_quadruped_bringup/share/my_quadruped_bringup/package.dsv'
[1.697s] DEBUG:colcon.colcon_core.event_handler.log_command:Invoked command in '/home/user/ros2_ws/build/my_quadruped_bringup' returned '0': CMAKE_PREFIX_PATH=${CMAKE_PREFIX_PATH}:/home/user/ros2_ws/install/joint_trajectory_publisher:/home/user/ros2_ws/install/joint_trajectory_demo _=/usr/bin/env /usr/bin/cmake --install /home/user/ros2_ws/build/my_quadruped_bringup
[1.698s] INFO:colcon.colcon_core.shell:Creating package script '/home/user/ros2_ws/install/my_quadruped_bringup/share/my_quadruped_bringup/package.sh'
[1.698s] INFO:colcon.colcon_core.shell:Creating package script '/home/user/ros2_ws/install/my_quadruped_bringup/share/my_quadruped_bringup/package.bash'
[1.699s] INFO:colcon.colcon_core.shell:Creating package script '/home/user/ros2_ws/install/my_quadruped_bringup/share/my_quadruped_bringup/package.zsh'
[1.699s] Level 1:colcon.colcon_core.environment:create_file_with_runtime_dependencies(/home/user/ros2_ws/install/my_quadruped_bringup/share/colcon-core/packages/my_quadruped_bringup)
[1.700s] Level 1:colcon.colcon_core.environment:create_environment_scripts_only(my_quadruped_bringup)
[1.701s] Level 1:colcon.colcon_core.environment:checking '/home/user/ros2_ws/install/my_quadruped_bringup' for CMake module files
[1.714s] Level 1:colcon.colcon_core.environment:checking '/home/user/ros2_ws/install/my_quadruped_bringup' for CMake config files
[1.715s] Level 1:colcon.colcon_core.shell:create_environment_hook('my_quadruped_bringup', 'cmake_prefix_path')
[1.716s] INFO:colcon.colcon_core.shell:Creating environment hook '/home/user/ros2_ws/install/my_quadruped_bringup/share/my_quadruped_bringup/hook/cmake_prefix_path.ps1'
[1.716s] INFO:colcon.colcon_core.shell:Creating environment descriptor '/home/user/ros2_ws/install/my_quadruped_bringup/share/my_quadruped_bringup/hook/cmake_prefix_path.dsv'
[1.717s] INFO:colcon.colcon_core.shell:Creating environment hook '/home/user/ros2_ws/install/my_quadruped_bringup/share/my_quadruped_bringup/hook/cmake_prefix_path.sh'
[1.717s] Level 1:colcon.colcon_core.environment:checking '/home/user/ros2_ws/install/my_quadruped_bringup/bin'
[1.718s] Level 1:colcon.colcon_core.environment:checking '/home/user/ros2_ws/install/my_quadruped_bringup/lib/pkgconfig/my_quadruped_bringup.pc'
[1.737s] Level 1:colcon.colcon_core.environment:checking '/home/user/ros2_ws/install/my_quadruped_bringup/lib/python3.12/site-packages'
[1.738s] Level 1:colcon.colcon_core.environment:checking '/home/user/ros2_ws/install/my_quadruped_bringup/bin'
[1.740s] INFO:colcon.colcon_core.shell:Creating package script '/home/user/ros2_ws/install/my_quadruped_bringup/share/my_quadruped_bringup/package.ps1'
[1.741s] INFO:colcon.colcon_core.shell:Creating package descriptor '/home/user/ros2_ws/install/my_quadruped_bringup/share/my_quadruped_bringup/package.dsv'
[1.741s] INFO:colcon.colcon_core.shell:Creating package script '/home/user/ros2_ws/install/my_quadruped_bringup/share/my_quadruped_bringup/package.sh'
[1.742s] INFO:colcon.colcon_core.shell:Creating package script '/home/user/ros2_ws/install/my_quadruped_bringup/share/my_quadruped_bringup/package.bash'
[1.743s] INFO:colcon.colcon_core.shell:Creating package script '/home/user/ros2_ws/install/my_quadruped_bringup/share/my_quadruped_bringup/package.zsh'
[1.743s] Level 1:colcon.colcon_core.environment:create_file_with_runtime_dependencies(/home/user/ros2_ws/install/my_quadruped_bringup/share/colcon-core/packages/my_quadruped_bringup)
[1.745s] INFO:colcon.colcon_ros.task.ament_cmake.build:Building ROS package in '/home/user/ros2_ws/src/ros2_control_course/unit3/rrbot_unit3' with build type 'ament_cmake'
[1.746s] INFO:colcon.colcon_cmake.task.cmake.build:Building CMake package in '/home/user/ros2_ws/src/ros2_control_course/unit3/rrbot_unit3'
[1.746s] INFO:colcon.colcon_core.shell:Skip shell extension 'powershell' for command environment: Not usable outside of PowerShell
[1.746s] DEBUG:colcon.colcon_core.shell:Skip shell extension 'dsv' for command environment
[1.761s] Level 1:colcon.colcon_core.environment:create_environment_scripts_only(my_robot_bringup)
[1.761s] Level 1:colcon.colcon_core.environment:checking '/home/user/ros2_ws/install/my_robot_bringup' for CMake module files
[1.762s] DEBUG:colcon.colcon_core.event_handler.log_command:Invoked command in '/home/user/ros2_ws/build/my_robot_bringup' returned '0': CMAKE_PREFIX_PATH=${CMAKE_PREFIX_PATH}:/home/user/ros2_ws/install/joint_trajectory_publisher:/home/user/ros2_ws/install/joint_trajectory_demo _=/usr/bin/env /usr/bin/cmake --install /home/user/ros2_ws/build/my_robot_bringup
[1.763s] Level 1:colcon.colcon_core.environment:checking '/home/user/ros2_ws/install/my_robot_bringup' for CMake config files
[1.763s] Level 1:colcon.colcon_core.shell:create_environment_hook('my_robot_bringup', 'cmake_prefix_path')
[1.763s] INFO:colcon.colcon_core.shell:Creating environment hook '/home/user/ros2_ws/install/my_robot_bringup/share/my_robot_bringup/hook/cmake_prefix_path.ps1'
[1.764s] INFO:colcon.colcon_core.shell:Creating environment descriptor '/home/user/ros2_ws/install/my_robot_bringup/share/my_robot_bringup/hook/cmake_prefix_path.dsv'
[1.765s] INFO:colcon.colcon_core.shell:Creating environment hook '/home/user/ros2_ws/install/my_robot_bringup/share/my_robot_bringup/hook/cmake_prefix_path.sh'
[1.766s] Level 1:colcon.colcon_core.environment:checking '/home/user/ros2_ws/install/my_robot_bringup/bin'
[1.766s] Level 1:colcon.colcon_core.environment:checking '/home/user/ros2_ws/install/my_robot_bringup/lib/pkgconfig/my_robot_bringup.pc'
[1.766s] Level 1:colcon.colcon_core.environment:checking '/home/user/ros2_ws/install/my_robot_bringup/lib/python3.12/site-packages'
[1.768s] Level 1:colcon.colcon_core.environment:checking '/home/user/ros2_ws/install/my_robot_bringup/bin'
[1.769s] INFO:colcon.colcon_core.shell:Creating package script '/home/user/ros2_ws/install/my_robot_bringup/share/my_robot_bringup/package.ps1'
[1.769s] INFO:colcon.colcon_core.shell:Creating package descriptor '/home/user/ros2_ws/install/my_robot_bringup/share/my_robot_bringup/package.dsv'
[1.770s] INFO:colcon.colcon_core.shell:Creating package script '/home/user/ros2_ws/install/my_robot_bringup/share/my_robot_bringup/package.sh'
[1.770s] INFO:colcon.colcon_core.shell:Creating package script '/home/user/ros2_ws/install/my_robot_bringup/share/my_robot_bringup/package.bash'
[1.771s] INFO:colcon.colcon_core.shell:Creating package script '/home/user/ros2_ws/install/my_robot_bringup/share/my_robot_bringup/package.zsh'
[1.771s] Level 1:colcon.colcon_core.environment:create_file_with_runtime_dependencies(/home/user/ros2_ws/install/my_robot_bringup/share/colcon-core/packages/my_robot_bringup)
[1.772s] Level 1:colcon.colcon_core.environment:create_environment_scripts_only(my_robot_bringup)
[1.772s] Level 1:colcon.colcon_core.environment:checking '/home/user/ros2_ws/install/my_robot_bringup' for CMake module files
[1.773s] Level 1:colcon.colcon_core.environment:checking '/home/user/ros2_ws/install/my_robot_bringup' for CMake config files
[1.773s] Level 1:colcon.colcon_core.shell:create_environment_hook('my_robot_bringup', 'cmake_prefix_path')
[1.774s] INFO:colcon.colcon_core.shell:Creating environment hook '/home/user/ros2_ws/install/my_robot_bringup/share/my_robot_bringup/hook/cmake_prefix_path.ps1'
[1.774s] INFO:colcon.colcon_core.shell:Creating environment descriptor '/home/user/ros2_ws/install/my_robot_bringup/share/my_robot_bringup/hook/cmake_prefix_path.dsv'
[1.775s] INFO:colcon.colcon_core.shell:Creating environment hook '/home/user/ros2_ws/install/my_robot_bringup/share/my_robot_bringup/hook/cmake_prefix_path.sh'
[1.776s] Level 1:colcon.colcon_core.environment:checking '/home/user/ros2_ws/install/my_robot_bringup/bin'
[1.776s] Level 1:colcon.colcon_core.environment:checking '/home/user/ros2_ws/install/my_robot_bringup/lib/pkgconfig/my_robot_bringup.pc'
[1.777s] Level 1:colcon.colcon_core.environment:checking '/home/user/ros2_ws/install/my_robot_bringup/lib/python3.12/site-packages'
[1.777s] Level 1:colcon.colcon_core.environment:checking '/home/user/ros2_ws/install/my_robot_bringup/bin'
[1.777s] INFO:colcon.colcon_core.shell:Creating package script '/home/user/ros2_ws/install/my_robot_bringup/share/my_robot_bringup/package.ps1'
[1.778s] INFO:colcon.colcon_core.shell:Creating package descriptor '/home/user/ros2_ws/install/my_robot_bringup/share/my_robot_bringup/package.dsv'
[1.779s] INFO:colcon.colcon_core.shell:Creating package script '/home/user/ros2_ws/install/my_robot_bringup/share/my_robot_bringup/package.sh'
[1.779s] INFO:colcon.colcon_core.shell:Creating package script '/home/user/ros2_ws/install/my_robot_bringup/share/my_robot_bringup/package.bash'
[1.780s] INFO:colcon.colcon_core.shell:Creating package script '/home/user/ros2_ws/install/my_robot_bringup/share/my_robot_bringup/package.zsh'
[1.780s] Level 1:colcon.colcon_core.environment:create_file_with_runtime_dependencies(/home/user/ros2_ws/install/my_robot_bringup/share/colcon-core/packages/my_robot_bringup)
[1.784s] DEBUG:colcon.colcon_core.event_handler.log_command:Invoking command in '/home/user/ros2_ws/build/dynamixel_workbench_toolbox': CMAKE_PREFIX_PATH=/home/user/ros2_ws/install/dynamixel_sdk:/home/user/ros2_ws/install/spawn_solo:/home/user/ros2_ws/install/spawn_robot:/home/user/ros2_ws/install/solo_description:/home/user/ros2_ws/install/rrbot_unit5:/home/user/ros2_ws/install/rrbot_unit4:/home/user/ros2_ws/install/rrbot_unit3:/home/user/ros2_ws/install/rrbot_unit2:/home/user/ros2_ws/install/rrbot_controller:/home/user/ros2_ws/install/my_robot_hardware_interface:/home/user/ros2_ws/install/my_robot_bringup:/home/user/ros2_ws/install/my_quadruped_bringup:/home/user/ros2_ws/install/dynamixel_workbench:/home/user/ros2_ws/install/dynamixel_hardware_interface:/home/user/ros2_ws/install/dynamixel_workbench_toolbox:/home/user/ros2_ws/install/dynamixel_sdk_examples:/home/user/ros2_ws/install/dynamixel_sdk_custom_interfaces:/home/user/ros2_ws/install/diffbot_sim:/home/user/ros2_ws/install/diffbot_description:/home/simulations/ros2_sims_ws/install/unit6_simulation:/home/simulations/ros2_sims_ws/install/rrbot_sim:/home/simulations/ros2_sims_ws/install/rmw_cyclonedds_cpp:/home/simulations/ros2_sims_ws/install/cyclonedds:/opt/ros/jazzy/opt/gz_sim_vendor:/opt/ros/jazzy/opt/gz_sensors_vendor:/opt/ros/jazzy/opt/gz_physics_vendor:/opt/ros/jazzy/opt/sdformat_vendor:/opt/ros/jazzy/opt/gz_gui_vendor:/opt/ros/jazzy/opt/gz_transport_vendor:/opt/ros/jazzy/opt/gz_rendering_vendor:/opt/ros/jazzy/opt/gz_plugin_vendor:/opt/ros/jazzy/opt/gz_fuel_tools_vendor:/opt/ros/jazzy/opt/gz_msgs_vendor:/opt/ros/jazzy/opt/gz_common_vendor:/opt/ros/jazzy/opt/gz_math_vendor:/opt/ros/jazzy/opt/gz_utils_vendor:/opt/ros/jazzy/opt/gz_tools_vendor:/opt/ros/jazzy/opt/gz_ogre_next_vendor:/opt/ros/jazzy/opt/gz_dartsim_vendor:/opt/ros/jazzy/opt/gz_cmake_vendor:/opt/ros/jazzy:/opt/ros/jazzy:/home/user/ros2_ws/install/joint_trajectory_publisher:/home/user/ros2_ws/install/joint_trajectory_demo LD_LIBRARY_PATH=/home/user/ros2_ws/install/dynamixel_sdk/lib:/home/user/ros2_ws/install/rrbot_controller/lib:/home/user/ros2_ws/install/my_robot_hardware_interface/lib:/home/user/ros2_ws/install/dynamixel_hardware_interface/lib:/home/user/ros2_ws/install/dynamixel_workbench_toolbox/lib:/home/user/ros2_ws/install/dynamixel_sdk_custom_interfaces/lib:/home/simulations/ros2_sims_ws/install/rmw_cyclonedds_cpp/lib:/home/simulations/ros2_sims_ws/install/cyclonedds/lib:/home/user/catkin_ws/devel/lib:/home/simulations/public_sim_ws/devel/lib:/opt/ros/jazzy/lib:/opt/ros/jazzy/lib/x86_64-linux-gnu:/usr/local/cuda-10.2/lib64:/home/user/.catkin_ws_python3/src/TensorRT-7.0.0.11/lib:/home/user/catkin_ws/devel/lib:/home/simulations/public_sim_ws/devel/lib:/opt/ros/jazzy/lib:/opt/ros/jazzy/lib/x86_64-linux-gnu:/opt/ros/jazzy/opt/gz_sim_vendor/lib:/opt/ros/jazzy/opt/gz_sensors_vendor/lib:/opt/ros/jazzy/opt/gz_physics_vendor/lib:/opt/ros/jazzy/opt/sdformat_vendor/lib:/opt/ros/jazzy/opt/rviz_ogre_vendor/lib:/opt/ros/jazzy/lib/x86_64-linux-gnu:/opt/ros/jazzy/opt/gz_gui_vendor/lib:/opt/ros/jazzy/opt/gz_transport_vendor/lib:/opt/ros/jazzy/opt/gz_rendering_vendor/lib:/opt/ros/jazzy/opt/gz_plugin_vendor/lib:/opt/ros/jazzy/opt/gz_fuel_tools_vendor/lib:/opt/ros/jazzy/opt/gz_msgs_vendor/lib:/opt/ros/jazzy/opt/gz_common_vendor/lib:/opt/ros/jazzy/opt/gz_math_vendor/lib:/opt/ros/jazzy/opt/gz_utils_vendor/lib:/opt/ros/jazzy/opt/gz_tools_vendor/lib:/opt/ros/jazzy/opt/gz_ogre_next_vendor/lib:/opt/ros/jazzy/opt/gz_dartsim_vendor/lib:/opt/ros/jazzy/opt/gz_cmake_vendor/lib:/opt/ros/jazzy/lib:/usr/local/cuda-10.2/lib64:/home/user/.catkin_ws_python3/src/TensorRT-7.0.0.11/lib _=/usr/bin/env /usr/bin/cmake --build /home/user/ros2_ws/build/dynamixel_workbench_toolbox -- -j8 -l8
[1.795s] INFO:colcon.colcon_ros.task.ament_cmake.build:Building ROS package in '/home/user/ros2_ws/src/ros2_control_course/unit4/rrbot_unit4' with build type 'ament_cmake'
[1.796s] INFO:colcon.colcon_cmake.task.cmake.build:Building CMake package in '/home/user/ros2_ws/src/ros2_control_course/unit4/rrbot_unit4'
[1.796s] INFO:colcon.colcon_core.shell:Skip shell extension 'powershell' for command environment: Not usable outside of PowerShell
[1.796s] DEBUG:colcon.colcon_core.shell:Skip shell extension 'dsv' for command environment
[1.820s] DEBUG:colcon.colcon_core.event_handler.log_command:Invoking command in '/home/user/ros2_ws/build/my_robot_hardware_interface': CMAKE_PREFIX_PATH=${CMAKE_PREFIX_PATH}:/home/user/ros2_ws/install/joint_trajectory_publisher:/home/user/ros2_ws/install/joint_trajectory_demo _=/usr/bin/env /usr/bin/cmake --build /home/user/ros2_ws/build/my_robot_hardware_interface -- -j8 -l8
[1.874s] DEBUG:colcon.colcon_core.event_handler.log_command:Invoking command in '/home/user/ros2_ws/build/rrbot_controller': CMAKE_PREFIX_PATH=${CMAKE_PREFIX_PATH}:/home/user/ros2_ws/install/joint_trajectory_publisher:/home/user/ros2_ws/install/joint_trajectory_demo _=/usr/bin/env /usr/bin/cmake --build /home/user/ros2_ws/build/rrbot_controller -- -j8 -l8
[1.890s] DEBUG:colcon.colcon_core.event_handler.log_command:Invoking command in '/home/user/ros2_ws/build/rrbot_unit2': CMAKE_PREFIX_PATH=${CMAKE_PREFIX_PATH}:/home/user/ros2_ws/install/joint_trajectory_publisher:/home/user/ros2_ws/install/joint_trajectory_demo _=/usr/bin/env /usr/bin/cmake --build /home/user/ros2_ws/build/rrbot_unit2 -- -j8 -l8
[1.900s] DEBUG:colcon.colcon_core.event_handler.log_command:Invoking command in '/home/user/ros2_ws/build/rrbot_unit3': CMAKE_PREFIX_PATH=${CMAKE_PREFIX_PATH}:/home/user/ros2_ws/install/joint_trajectory_publisher:/home/user/ros2_ws/install/joint_trajectory_demo _=/usr/bin/env /usr/bin/cmake --build /home/user/ros2_ws/build/rrbot_unit3 -- -j8 -l8
[1.930s] DEBUG:colcon.colcon_core.event_handler.log_command:Invoking command in '/home/user/ros2_ws/build/rrbot_unit4': CMAKE_PREFIX_PATH=${CMAKE_PREFIX_PATH}:/home/user/ros2_ws/install/joint_trajectory_publisher:/home/user/ros2_ws/install/joint_trajectory_demo _=/usr/bin/env /usr/bin/cmake --build /home/user/ros2_ws/build/rrbot_unit4 -- -j8 -l8
[2.040s] DEBUG:colcon.colcon_core.event_handler.log_command:Invoked command in '/home/user/ros2_ws/build/dynamixel_workbench_toolbox' returned '0': CMAKE_PREFIX_PATH=/home/user/ros2_ws/install/dynamixel_sdk:/home/user/ros2_ws/install/spawn_solo:/home/user/ros2_ws/install/spawn_robot:/home/user/ros2_ws/install/solo_description:/home/user/ros2_ws/install/rrbot_unit5:/home/user/ros2_ws/install/rrbot_unit4:/home/user/ros2_ws/install/rrbot_unit3:/home/user/ros2_ws/install/rrbot_unit2:/home/user/ros2_ws/install/rrbot_controller:/home/user/ros2_ws/install/my_robot_hardware_interface:/home/user/ros2_ws/install/my_robot_bringup:/home/user/ros2_ws/install/my_quadruped_bringup:/home/user/ros2_ws/install/dynamixel_workbench:/home/user/ros2_ws/install/dynamixel_hardware_interface:/home/user/ros2_ws/install/dynamixel_workbench_toolbox:/home/user/ros2_ws/install/dynamixel_sdk_examples:/home/user/ros2_ws/install/dynamixel_sdk_custom_interfaces:/home/user/ros2_ws/install/diffbot_sim:/home/user/ros2_ws/install/diffbot_description:/home/simulations/ros2_sims_ws/install/unit6_simulation:/home/simulations/ros2_sims_ws/install/rrbot_sim:/home/simulations/ros2_sims_ws/install/rmw_cyclonedds_cpp:/home/simulations/ros2_sims_ws/install/cyclonedds:/opt/ros/jazzy/opt/gz_sim_vendor:/opt/ros/jazzy/opt/gz_sensors_vendor:/opt/ros/jazzy/opt/gz_physics_vendor:/opt/ros/jazzy/opt/sdformat_vendor:/opt/ros/jazzy/opt/gz_gui_vendor:/opt/ros/jazzy/opt/gz_transport_vendor:/opt/ros/jazzy/opt/gz_rendering_vendor:/opt/ros/jazzy/opt/gz_plugin_vendor:/opt/ros/jazzy/opt/gz_fuel_tools_vendor:/opt/ros/jazzy/opt/gz_msgs_vendor:/opt/ros/jazzy/opt/gz_common_vendor:/opt/ros/jazzy/opt/gz_math_vendor:/opt/ros/jazzy/opt/gz_utils_vendor:/opt/ros/jazzy/opt/gz_tools_vendor:/opt/ros/jazzy/opt/gz_ogre_next_vendor:/opt/ros/jazzy/opt/gz_dartsim_vendor:/opt/ros/jazzy/opt/gz_cmake_vendor:/opt/ros/jazzy:/opt/ros/jazzy:/home/user/ros2_ws/install/joint_trajectory_publisher:/home/user/ros2_ws/install/joint_trajectory_demo LD_LIBRARY_PATH=/home/user/ros2_ws/install/dynamixel_sdk/lib:/home/user/ros2_ws/install/rrbot_controller/lib:/home/user/ros2_ws/install/my_robot_hardware_interface/lib:/home/user/ros2_ws/install/dynamixel_hardware_interface/lib:/home/user/ros2_ws/install/dynamixel_workbench_toolbox/lib:/home/user/ros2_ws/install/dynamixel_sdk_custom_interfaces/lib:/home/simulations/ros2_sims_ws/install/rmw_cyclonedds_cpp/lib:/home/simulations/ros2_sims_ws/install/cyclonedds/lib:/home/user/catkin_ws/devel/lib:/home/simulations/public_sim_ws/devel/lib:/opt/ros/jazzy/lib:/opt/ros/jazzy/lib/x86_64-linux-gnu:/usr/local/cuda-10.2/lib64:/home/user/.catkin_ws_python3/src/TensorRT-7.0.0.11/lib:/home/user/catkin_ws/devel/lib:/home/simulations/public_sim_ws/devel/lib:/opt/ros/jazzy/lib:/opt/ros/jazzy/lib/x86_64-linux-gnu:/opt/ros/jazzy/opt/gz_sim_vendor/lib:/opt/ros/jazzy/opt/gz_sensors_vendor/lib:/opt/ros/jazzy/opt/gz_physics_vendor/lib:/opt/ros/jazzy/opt/sdformat_vendor/lib:/opt/ros/jazzy/opt/rviz_ogre_vendor/lib:/opt/ros/jazzy/lib/x86_64-linux-gnu:/opt/ros/jazzy/opt/gz_gui_vendor/lib:/opt/ros/jazzy/opt/gz_transport_vendor/lib:/opt/ros/jazzy/opt/gz_rendering_vendor/lib:/opt/ros/jazzy/opt/gz_plugin_vendor/lib:/opt/ros/jazzy/opt/gz_fuel_tools_vendor/lib:/opt/ros/jazzy/opt/gz_msgs_vendor/lib:/opt/ros/jazzy/opt/gz_common_vendor/lib:/opt/ros/jazzy/opt/gz_math_vendor/lib:/opt/ros/jazzy/opt/gz_utils_vendor/lib:/opt/ros/jazzy/opt/gz_tools_vendor/lib:/opt/ros/jazzy/opt/gz_ogre_next_vendor/lib:/opt/ros/jazzy/opt/gz_dartsim_vendor/lib:/opt/ros/jazzy/opt/gz_cmake_vendor/lib:/opt/ros/jazzy/lib:/usr/local/cuda-10.2/lib64:/home/user/.catkin_ws_python3/src/TensorRT-7.0.0.11/lib _=/usr/bin/env /usr/bin/cmake --build /home/user/ros2_ws/build/dynamixel_workbench_toolbox -- -j8 -l8
[2.041s] DEBUG:colcon.colcon_core.event_handler.log_command:Invoking command in '/home/user/ros2_ws/build/dynamixel_workbench_toolbox': CMAKE_PREFIX_PATH=/home/user/ros2_ws/install/dynamixel_sdk:/home/user/ros2_ws/install/spawn_solo:/home/user/ros2_ws/install/spawn_robot:/home/user/ros2_ws/install/solo_description:/home/user/ros2_ws/install/rrbot_unit5:/home/user/ros2_ws/install/rrbot_unit4:/home/user/ros2_ws/install/rrbot_unit3:/home/user/ros2_ws/install/rrbot_unit2:/home/user/ros2_ws/install/rrbot_controller:/home/user/ros2_ws/install/my_robot_hardware_interface:/home/user/ros2_ws/install/my_robot_bringup:/home/user/ros2_ws/install/my_quadruped_bringup:/home/user/ros2_ws/install/dynamixel_workbench:/home/user/ros2_ws/install/dynamixel_hardware_interface:/home/user/ros2_ws/install/dynamixel_workbench_toolbox:/home/user/ros2_ws/install/dynamixel_sdk_examples:/home/user/ros2_ws/install/dynamixel_sdk_custom_interfaces:/home/user/ros2_ws/install/diffbot_sim:/home/user/ros2_ws/install/diffbot_description:/home/simulations/ros2_sims_ws/install/unit6_simulation:/home/simulations/ros2_sims_ws/install/rrbot_sim:/home/simulations/ros2_sims_ws/install/rmw_cyclonedds_cpp:/home/simulations/ros2_sims_ws/install/cyclonedds:/opt/ros/jazzy/opt/gz_sim_vendor:/opt/ros/jazzy/opt/gz_sensors_vendor:/opt/ros/jazzy/opt/gz_physics_vendor:/opt/ros/jazzy/opt/sdformat_vendor:/opt/ros/jazzy/opt/gz_gui_vendor:/opt/ros/jazzy/opt/gz_transport_vendor:/opt/ros/jazzy/opt/gz_rendering_vendor:/opt/ros/jazzy/opt/gz_plugin_vendor:/opt/ros/jazzy/opt/gz_fuel_tools_vendor:/opt/ros/jazzy/opt/gz_msgs_vendor:/opt/ros/jazzy/opt/gz_common_vendor:/opt/ros/jazzy/opt/gz_math_vendor:/opt/ros/jazzy/opt/gz_utils_vendor:/opt/ros/jazzy/opt/gz_tools_vendor:/opt/ros/jazzy/opt/gz_ogre_next_vendor:/opt/ros/jazzy/opt/gz_dartsim_vendor:/opt/ros/jazzy/opt/gz_cmake_vendor:/opt/ros/jazzy:/opt/ros/jazzy:/home/user/ros2_ws/install/joint_trajectory_publisher:/home/user/ros2_ws/install/joint_trajectory_demo LD_LIBRARY_PATH=/home/user/ros2_ws/install/dynamixel_sdk/lib:/home/user/ros2_ws/install/rrbot_controller/lib:/home/user/ros2_ws/install/my_robot_hardware_interface/lib:/home/user/ros2_ws/install/dynamixel_hardware_interface/lib:/home/user/ros2_ws/install/dynamixel_workbench_toolbox/lib:/home/user/ros2_ws/install/dynamixel_sdk_custom_interfaces/lib:/home/simulations/ros2_sims_ws/install/rmw_cyclonedds_cpp/lib:/home/simulations/ros2_sims_ws/install/cyclonedds/lib:/home/user/catkin_ws/devel/lib:/home/simulations/public_sim_ws/devel/lib:/opt/ros/jazzy/lib:/opt/ros/jazzy/lib/x86_64-linux-gnu:/usr/local/cuda-10.2/lib64:/home/user/.catkin_ws_python3/src/TensorRT-7.0.0.11/lib:/home/user/catkin_ws/devel/lib:/home/simulations/public_sim_ws/devel/lib:/opt/ros/jazzy/lib:/opt/ros/jazzy/lib/x86_64-linux-gnu:/opt/ros/jazzy/opt/gz_sim_vendor/lib:/opt/ros/jazzy/opt/gz_sensors_vendor/lib:/opt/ros/jazzy/opt/gz_physics_vendor/lib:/opt/ros/jazzy/opt/sdformat_vendor/lib:/opt/ros/jazzy/opt/rviz_ogre_vendor/lib:/opt/ros/jazzy/lib/x86_64-linux-gnu:/opt/ros/jazzy/opt/gz_gui_vendor/lib:/opt/ros/jazzy/opt/gz_transport_vendor/lib:/opt/ros/jazzy/opt/gz_rendering_vendor/lib:/opt/ros/jazzy/opt/gz_plugin_vendor/lib:/opt/ros/jazzy/opt/gz_fuel_tools_vendor/lib:/opt/ros/jazzy/opt/gz_msgs_vendor/lib:/opt/ros/jazzy/opt/gz_common_vendor/lib:/opt/ros/jazzy/opt/gz_math_vendor/lib:/opt/ros/jazzy/opt/gz_utils_vendor/lib:/opt/ros/jazzy/opt/gz_tools_vendor/lib:/opt/ros/jazzy/opt/gz_ogre_next_vendor/lib:/opt/ros/jazzy/opt/gz_dartsim_vendor/lib:/opt/ros/jazzy/opt/gz_cmake_vendor/lib:/opt/ros/jazzy/lib:/usr/local/cuda-10.2/lib64:/home/user/.catkin_ws_python3/src/TensorRT-7.0.0.11/lib _=/usr/bin/env /usr/bin/cmake --install /home/user/ros2_ws/build/dynamixel_workbench_toolbox
[2.059s] DEBUG:colcon.colcon_core.event_handler.log_command:Invoked command in '/home/user/ros2_ws/build/rrbot_unit2' returned '0': CMAKE_PREFIX_PATH=${CMAKE_PREFIX_PATH}:/home/user/ros2_ws/install/joint_trajectory_publisher:/home/user/ros2_ws/install/joint_trajectory_demo _=/usr/bin/env /usr/bin/cmake --build /home/user/ros2_ws/build/rrbot_unit2 -- -j8 -l8
[2.062s] DEBUG:colcon.colcon_core.event_handler.log_command:Invoking command in '/home/user/ros2_ws/build/rrbot_unit2': CMAKE_PREFIX_PATH=${CMAKE_PREFIX_PATH}:/home/user/ros2_ws/install/joint_trajectory_publisher:/home/user/ros2_ws/install/joint_trajectory_demo _=/usr/bin/env /usr/bin/cmake --install /home/user/ros2_ws/build/rrbot_unit2
[2.079s] Level 1:colcon.colcon_core.environment:create_environment_scripts_only(dynamixel_workbench_toolbox)
[2.079s] Level 1:colcon.colcon_core.environment:checking '/home/user/ros2_ws/install/dynamixel_workbench_toolbox' for CMake module files
[2.081s] Level 1:colcon.colcon_core.environment:checking '/home/user/ros2_ws/install/dynamixel_workbench_toolbox' for CMake config files
[2.081s] Level 1:colcon.colcon_core.shell:create_environment_hook('dynamixel_workbench_toolbox', 'cmake_prefix_path')
[2.081s] INFO:colcon.colcon_core.shell:Creating environment hook '/home/user/ros2_ws/install/dynamixel_workbench_toolbox/share/dynamixel_workbench_toolbox/hook/cmake_prefix_path.ps1'
[2.082s] INFO:colcon.colcon_core.shell:Creating environment descriptor '/home/user/ros2_ws/install/dynamixel_workbench_toolbox/share/dynamixel_workbench_toolbox/hook/cmake_prefix_path.dsv'
[2.083s] INFO:colcon.colcon_core.shell:Creating environment hook '/home/user/ros2_ws/install/dynamixel_workbench_toolbox/share/dynamixel_workbench_toolbox/hook/cmake_prefix_path.sh'
[2.083s] Level 1:colcon.colcon_core.environment:checking '/home/user/ros2_ws/install/dynamixel_workbench_toolbox/lib'
[2.083s] Level 1:colcon.colcon_core.shell:create_environment_hook('dynamixel_workbench_toolbox', 'ld_library_path_lib')
[2.084s] INFO:colcon.colcon_core.shell:Creating environment hook '/home/user/ros2_ws/install/dynamixel_workbench_toolbox/share/dynamixel_workbench_toolbox/hook/ld_library_path_lib.ps1'
[2.084s] INFO:colcon.colcon_core.shell:Creating environment descriptor '/home/user/ros2_ws/install/dynamixel_workbench_toolbox/share/dynamixel_workbench_toolbox/hook/ld_library_path_lib.dsv'
[2.085s] INFO:colcon.colcon_core.shell:Creating environment hook '/home/user/ros2_ws/install/dynamixel_workbench_toolbox/share/dynamixel_workbench_toolbox/hook/ld_library_path_lib.sh'
[2.085s] Level 1:colcon.colcon_core.environment:checking '/home/user/ros2_ws/install/dynamixel_workbench_toolbox/bin'
[2.085s] Level 1:colcon.colcon_core.environment:checking '/home/user/ros2_ws/install/dynamixel_workbench_toolbox/lib/pkgconfig/dynamixel_workbench_toolbox.pc'
[2.086s] Level 1:colcon.colcon_core.environment:checking '/home/user/ros2_ws/install/dynamixel_workbench_toolbox/lib/python3.12/site-packages'
[2.086s] DEBUG:colcon.colcon_core.event_handler.log_command:Invoked command in '/home/user/ros2_ws/build/dynamixel_workbench_toolbox' returned '0': CMAKE_PREFIX_PATH=/home/user/ros2_ws/install/dynamixel_sdk:/home/user/ros2_ws/install/spawn_solo:/home/user/ros2_ws/install/spawn_robot:/home/user/ros2_ws/install/solo_description:/home/user/ros2_ws/install/rrbot_unit5:/home/user/ros2_ws/install/rrbot_unit4:/home/user/ros2_ws/install/rrbot_unit3:/home/user/ros2_ws/install/rrbot_unit2:/home/user/ros2_ws/install/rrbot_controller:/home/user/ros2_ws/install/my_robot_hardware_interface:/home/user/ros2_ws/install/my_robot_bringup:/home/user/ros2_ws/install/my_quadruped_bringup:/home/user/ros2_ws/install/dynamixel_workbench:/home/user/ros2_ws/install/dynamixel_hardware_interface:/home/user/ros2_ws/install/dynamixel_workbench_toolbox:/home/user/ros2_ws/install/dynamixel_sdk_examples:/home/user/ros2_ws/install/dynamixel_sdk_custom_interfaces:/home/user/ros2_ws/install/diffbot_sim:/home/user/ros2_ws/install/diffbot_description:/home/simulations/ros2_sims_ws/install/unit6_simulation:/home/simulations/ros2_sims_ws/install/rrbot_sim:/home/simulations/ros2_sims_ws/install/rmw_cyclonedds_cpp:/home/simulations/ros2_sims_ws/install/cyclonedds:/opt/ros/jazzy/opt/gz_sim_vendor:/opt/ros/jazzy/opt/gz_sensors_vendor:/opt/ros/jazzy/opt/gz_physics_vendor:/opt/ros/jazzy/opt/sdformat_vendor:/opt/ros/jazzy/opt/gz_gui_vendor:/opt/ros/jazzy/opt/gz_transport_vendor:/opt/ros/jazzy/opt/gz_rendering_vendor:/opt/ros/jazzy/opt/gz_plugin_vendor:/opt/ros/jazzy/opt/gz_fuel_tools_vendor:/opt/ros/jazzy/opt/gz_msgs_vendor:/opt/ros/jazzy/opt/gz_common_vendor:/opt/ros/jazzy/opt/gz_math_vendor:/opt/ros/jazzy/opt/gz_utils_vendor:/opt/ros/jazzy/opt/gz_tools_vendor:/opt/ros/jazzy/opt/gz_ogre_next_vendor:/opt/ros/jazzy/opt/gz_dartsim_vendor:/opt/ros/jazzy/opt/gz_cmake_vendor:/opt/ros/jazzy:/opt/ros/jazzy:/home/user/ros2_ws/install/joint_trajectory_publisher:/home/user/ros2_ws/install/joint_trajectory_demo LD_LIBRARY_PATH=/home/user/ros2_ws/install/dynamixel_sdk/lib:/home/user/ros2_ws/install/rrbot_controller/lib:/home/user/ros2_ws/install/my_robot_hardware_interface/lib:/home/user/ros2_ws/install/dynamixel_hardware_interface/lib:/home/user/ros2_ws/install/dynamixel_workbench_toolbox/lib:/home/user/ros2_ws/install/dynamixel_sdk_custom_interfaces/lib:/home/simulations/ros2_sims_ws/install/rmw_cyclonedds_cpp/lib:/home/simulations/ros2_sims_ws/install/cyclonedds/lib:/home/user/catkin_ws/devel/lib:/home/simulations/public_sim_ws/devel/lib:/opt/ros/jazzy/lib:/opt/ros/jazzy/lib/x86_64-linux-gnu:/usr/local/cuda-10.2/lib64:/home/user/.catkin_ws_python3/src/TensorRT-7.0.0.11/lib:/home/user/catkin_ws/devel/lib:/home/simulations/public_sim_ws/devel/lib:/opt/ros/jazzy/lib:/opt/ros/jazzy/lib/x86_64-linux-gnu:/opt/ros/jazzy/opt/gz_sim_vendor/lib:/opt/ros/jazzy/opt/gz_sensors_vendor/lib:/opt/ros/jazzy/opt/gz_physics_vendor/lib:/opt/ros/jazzy/opt/sdformat_vendor/lib:/opt/ros/jazzy/opt/rviz_ogre_vendor/lib:/opt/ros/jazzy/lib/x86_64-linux-gnu:/opt/ros/jazzy/opt/gz_gui_vendor/lib:/opt/ros/jazzy/opt/gz_transport_vendor/lib:/opt/ros/jazzy/opt/gz_rendering_vendor/lib:/opt/ros/jazzy/opt/gz_plugin_vendor/lib:/opt/ros/jazzy/opt/gz_fuel_tools_vendor/lib:/opt/ros/jazzy/opt/gz_msgs_vendor/lib:/opt/ros/jazzy/opt/gz_common_vendor/lib:/opt/ros/jazzy/opt/gz_math_vendor/lib:/opt/ros/jazzy/opt/gz_utils_vendor/lib:/opt/ros/jazzy/opt/gz_tools_vendor/lib:/opt/ros/jazzy/opt/gz_ogre_next_vendor/lib:/opt/ros/jazzy/opt/gz_dartsim_vendor/lib:/opt/ros/jazzy/opt/gz_cmake_vendor/lib:/opt/ros/jazzy/lib:/usr/local/cuda-10.2/lib64:/home/user/.catkin_ws_python3/src/TensorRT-7.0.0.11/lib _=/usr/bin/env /usr/bin/cmake --install /home/user/ros2_ws/build/dynamixel_workbench_toolbox
[2.086s] Level 1:colcon.colcon_core.environment:checking '/home/user/ros2_ws/install/dynamixel_workbench_toolbox/bin'
[2.087s] INFO:colcon.colcon_core.shell:Creating package script '/home/user/ros2_ws/install/dynamixel_workbench_toolbox/share/dynamixel_workbench_toolbox/package.ps1'
[2.088s] INFO:colcon.colcon_core.shell:Creating package descriptor '/home/user/ros2_ws/install/dynamixel_workbench_toolbox/share/dynamixel_workbench_toolbox/package.dsv'
[2.088s] INFO:colcon.colcon_core.shell:Creating package script '/home/user/ros2_ws/install/dynamixel_workbench_toolbox/share/dynamixel_workbench_toolbox/package.sh'
[2.089s] INFO:colcon.colcon_core.shell:Creating package script '/home/user/ros2_ws/install/dynamixel_workbench_toolbox/share/dynamixel_workbench_toolbox/package.bash'
[2.089s] INFO:colcon.colcon_core.shell:Creating package script '/home/user/ros2_ws/install/dynamixel_workbench_toolbox/share/dynamixel_workbench_toolbox/package.zsh'
[2.093s] Level 1:colcon.colcon_core.environment:create_file_with_runtime_dependencies(/home/user/ros2_ws/install/dynamixel_workbench_toolbox/share/colcon-core/packages/dynamixel_workbench_toolbox)
[2.093s] Level 1:colcon.colcon_core.environment:create_environment_scripts_only(dynamixel_workbench_toolbox)
[2.094s] Level 1:colcon.colcon_core.environment:checking '/home/user/ros2_ws/install/dynamixel_workbench_toolbox' for CMake module files
[2.094s] Level 1:colcon.colcon_core.environment:checking '/home/user/ros2_ws/install/dynamixel_workbench_toolbox' for CMake config files
[2.095s] Level 1:colcon.colcon_core.shell:create_environment_hook('dynamixel_workbench_toolbox', 'cmake_prefix_path')
[2.095s] INFO:colcon.colcon_core.shell:Creating environment hook '/home/user/ros2_ws/install/dynamixel_workbench_toolbox/share/dynamixel_workbench_toolbox/hook/cmake_prefix_path.ps1'
[2.096s] INFO:colcon.colcon_core.shell:Creating environment descriptor '/home/user/ros2_ws/install/dynamixel_workbench_toolbox/share/dynamixel_workbench_toolbox/hook/cmake_prefix_path.dsv'
[2.096s] INFO:colcon.colcon_core.shell:Creating environment hook '/home/user/ros2_ws/install/dynamixel_workbench_toolbox/share/dynamixel_workbench_toolbox/hook/cmake_prefix_path.sh'
[2.097s] Level 1:colcon.colcon_core.environment:checking '/home/user/ros2_ws/install/dynamixel_workbench_toolbox/lib'
[2.097s] Level 1:colcon.colcon_core.shell:create_environment_hook('dynamixel_workbench_toolbox', 'ld_library_path_lib')
[2.097s] INFO:colcon.colcon_core.shell:Creating environment hook '/home/user/ros2_ws/install/dynamixel_workbench_toolbox/share/dynamixel_workbench_toolbox/hook/ld_library_path_lib.ps1'
[2.106s] INFO:colcon.colcon_core.shell:Creating environment descriptor '/home/user/ros2_ws/install/dynamixel_workbench_toolbox/share/dynamixel_workbench_toolbox/hook/ld_library_path_lib.dsv'
[2.107s] INFO:colcon.colcon_core.shell:Creating environment hook '/home/user/ros2_ws/install/dynamixel_workbench_toolbox/share/dynamixel_workbench_toolbox/hook/ld_library_path_lib.sh'
[2.107s] Level 1:colcon.colcon_core.environment:checking '/home/user/ros2_ws/install/dynamixel_workbench_toolbox/bin'
[2.107s] Level 1:colcon.colcon_core.environment:checking '/home/user/ros2_ws/install/dynamixel_workbench_toolbox/lib/pkgconfig/dynamixel_workbench_toolbox.pc'
[2.108s] Level 1:colcon.colcon_core.environment:checking '/home/user/ros2_ws/install/dynamixel_workbench_toolbox/lib/python3.12/site-packages'
[2.108s] Level 1:colcon.colcon_core.environment:checking '/home/user/ros2_ws/install/dynamixel_workbench_toolbox/bin'
[2.109s] INFO:colcon.colcon_core.shell:Creating package script '/home/user/ros2_ws/install/dynamixel_workbench_toolbox/share/dynamixel_workbench_toolbox/package.ps1'
[2.109s] INFO:colcon.colcon_core.shell:Creating package descriptor '/home/user/ros2_ws/install/dynamixel_workbench_toolbox/share/dynamixel_workbench_toolbox/package.dsv'
[2.110s] INFO:colcon.colcon_core.shell:Creating package script '/home/user/ros2_ws/install/dynamixel_workbench_toolbox/share/dynamixel_workbench_toolbox/package.sh'
[2.111s] INFO:colcon.colcon_core.shell:Creating package script '/home/user/ros2_ws/install/dynamixel_workbench_toolbox/share/dynamixel_workbench_toolbox/package.bash'
[2.111s] INFO:colcon.colcon_core.shell:Creating package script '/home/user/ros2_ws/install/dynamixel_workbench_toolbox/share/dynamixel_workbench_toolbox/package.zsh'
[2.112s] Level 1:colcon.colcon_core.environment:create_file_with_runtime_dependencies(/home/user/ros2_ws/install/dynamixel_workbench_toolbox/share/colcon-core/packages/dynamixel_workbench_toolbox)
[2.114s] DEBUG:colcon.colcon_core.event_handler.log_command:Invoked command in '/home/user/ros2_ws/build/rrbot_unit3' returned '0': CMAKE_PREFIX_PATH=${CMAKE_PREFIX_PATH}:/home/user/ros2_ws/install/joint_trajectory_publisher:/home/user/ros2_ws/install/joint_trajectory_demo _=/usr/bin/env /usr/bin/cmake --build /home/user/ros2_ws/build/rrbot_unit3 -- -j8 -l8
[2.116s] DEBUG:colcon.colcon_core.event_handler.log_command:Invoking command in '/home/user/ros2_ws/build/rrbot_unit3': CMAKE_PREFIX_PATH=${CMAKE_PREFIX_PATH}:/home/user/ros2_ws/install/joint_trajectory_publisher:/home/user/ros2_ws/install/joint_trajectory_demo _=/usr/bin/env /usr/bin/cmake --install /home/user/ros2_ws/build/rrbot_unit3
[2.126s] INFO:colcon.colcon_ros.task.ament_cmake.build:Building ROS package in '/home/user/ros2_ws/src/ros2_control_course/unit5/rrbot_unit5' with build type 'ament_cmake'
[2.127s] INFO:colcon.colcon_cmake.task.cmake.build:Building CMake package in '/home/user/ros2_ws/src/ros2_control_course/unit5/rrbot_unit5'
[2.128s] INFO:colcon.colcon_core.shell:Skip shell extension 'powershell' for command environment: Not usable outside of PowerShell
[2.128s] DEBUG:colcon.colcon_core.shell:Skip shell extension 'dsv' for command environment
[2.150s] Level 1:colcon.colcon_core.environment:create_environment_scripts_only(rrbot_unit2)
[2.150s] DEBUG:colcon.colcon_core.event_handler.log_command:Invoked command in '/home/user/ros2_ws/build/rrbot_unit2' returned '0': CMAKE_PREFIX_PATH=${CMAKE_PREFIX_PATH}:/home/user/ros2_ws/install/joint_trajectory_publisher:/home/user/ros2_ws/install/joint_trajectory_demo _=/usr/bin/env /usr/bin/cmake --install /home/user/ros2_ws/build/rrbot_unit2
[2.151s] Level 1:colcon.colcon_core.environment:checking '/home/user/ros2_ws/install/rrbot_unit2' for CMake module files
[2.152s] Level 1:colcon.colcon_core.environment:checking '/home/user/ros2_ws/install/rrbot_unit2' for CMake config files
[2.153s] Level 1:colcon.colcon_core.shell:create_environment_hook('rrbot_unit2', 'cmake_prefix_path')
[2.153s] INFO:colcon.colcon_core.shell:Creating environment hook '/home/user/ros2_ws/install/rrbot_unit2/share/rrbot_unit2/hook/cmake_prefix_path.ps1'
[2.154s] INFO:colcon.colcon_core.shell:Creating environment descriptor '/home/user/ros2_ws/install/rrbot_unit2/share/rrbot_unit2/hook/cmake_prefix_path.dsv'
[2.155s] INFO:colcon.colcon_core.shell:Creating environment hook '/home/user/ros2_ws/install/rrbot_unit2/share/rrbot_unit2/hook/cmake_prefix_path.sh'
[2.156s] Level 1:colcon.colcon_core.environment:checking '/home/user/ros2_ws/install/rrbot_unit2/bin'
[2.156s] Level 1:colcon.colcon_core.environment:checking '/home/user/ros2_ws/install/rrbot_unit2/lib/pkgconfig/rrbot_unit2.pc'
[2.158s] Level 1:colcon.colcon_core.environment:checking '/home/user/ros2_ws/install/rrbot_unit2/lib/python3.12/site-packages'
[2.159s] Level 1:colcon.colcon_core.environment:checking '/home/user/ros2_ws/install/rrbot_unit2/bin'
[2.162s] INFO:colcon.colcon_core.shell:Creating package script '/home/user/ros2_ws/install/rrbot_unit2/share/rrbot_unit2/package.ps1'
[2.163s] INFO:colcon.colcon_core.shell:Creating package descriptor '/home/user/ros2_ws/install/rrbot_unit2/share/rrbot_unit2/package.dsv'
[2.164s] INFO:colcon.colcon_core.shell:Creating package script '/home/user/ros2_ws/install/rrbot_unit2/share/rrbot_unit2/package.sh'
[2.164s] INFO:colcon.colcon_core.shell:Creating package script '/home/user/ros2_ws/install/rrbot_unit2/share/rrbot_unit2/package.bash'
[2.165s] INFO:colcon.colcon_core.shell:Creating package script '/home/user/ros2_ws/install/rrbot_unit2/share/rrbot_unit2/package.zsh'
[2.165s] Level 1:colcon.colcon_core.environment:create_file_with_runtime_dependencies(/home/user/ros2_ws/install/rrbot_unit2/share/colcon-core/packages/rrbot_unit2)
[2.167s] Level 1:colcon.colcon_core.environment:create_environment_scripts_only(rrbot_unit2)
[2.167s] Level 1:colcon.colcon_core.environment:checking '/home/user/ros2_ws/install/rrbot_unit2' for CMake module files
[2.168s] Level 1:colcon.colcon_core.environment:checking '/home/user/ros2_ws/install/rrbot_unit2' for CMake config files
[2.168s] Level 1:colcon.colcon_core.shell:create_environment_hook('rrbot_unit2', 'cmake_prefix_path')
[2.168s] INFO:colcon.colcon_core.shell:Creating environment hook '/home/user/ros2_ws/install/rrbot_unit2/share/rrbot_unit2/hook/cmake_prefix_path.ps1'
[2.168s] INFO:colcon.colcon_core.shell:Creating environment descriptor '/home/user/ros2_ws/install/rrbot_unit2/share/rrbot_unit2/hook/cmake_prefix_path.dsv'
[2.169s] INFO:colcon.colcon_core.shell:Creating environment hook '/home/user/ros2_ws/install/rrbot_unit2/share/rrbot_unit2/hook/cmake_prefix_path.sh'
[2.169s] Level 1:colcon.colcon_core.environment:checking '/home/user/ros2_ws/install/rrbot_unit2/bin'
[2.169s] Level 1:colcon.colcon_core.environment:checking '/home/user/ros2_ws/install/rrbot_unit2/lib/pkgconfig/rrbot_unit2.pc'
[2.170s] Level 1:colcon.colcon_core.environment:checking '/home/user/ros2_ws/install/rrbot_unit2/lib/python3.12/site-packages'
[2.170s] Level 1:colcon.colcon_core.environment:checking '/home/user/ros2_ws/install/rrbot_unit2/bin'
[2.170s] INFO:colcon.colcon_core.shell:Creating package script '/home/user/ros2_ws/install/rrbot_unit2/share/rrbot_unit2/package.ps1'
[2.171s] INFO:colcon.colcon_core.shell:Creating package descriptor '/home/user/ros2_ws/install/rrbot_unit2/share/rrbot_unit2/package.dsv'
[2.172s] INFO:colcon.colcon_core.shell:Creating package script '/home/user/ros2_ws/install/rrbot_unit2/share/rrbot_unit2/package.sh'
[2.172s] INFO:colcon.colcon_core.shell:Creating package script '/home/user/ros2_ws/install/rrbot_unit2/share/rrbot_unit2/package.bash'
[2.173s] INFO:colcon.colcon_core.shell:Creating package script '/home/user/ros2_ws/install/rrbot_unit2/share/rrbot_unit2/package.zsh'
[2.174s] Level 1:colcon.colcon_core.environment:create_file_with_runtime_dependencies(/home/user/ros2_ws/install/rrbot_unit2/share/colcon-core/packages/rrbot_unit2)
[2.175s] DEBUG:colcon.colcon_core.event_handler.log_command:Invoked command in '/home/user/ros2_ws/build/rrbot_unit4' returned '0': CMAKE_PREFIX_PATH=${CMAKE_PREFIX_PATH}:/home/user/ros2_ws/install/joint_trajectory_publisher:/home/user/ros2_ws/install/joint_trajectory_demo _=/usr/bin/env /usr/bin/cmake --build /home/user/ros2_ws/build/rrbot_unit4 -- -j8 -l8
[2.185s] DEBUG:colcon.colcon_core.event_handler.log_command:Invoking command in '/home/user/ros2_ws/build/rrbot_unit4': CMAKE_PREFIX_PATH=${CMAKE_PREFIX_PATH}:/home/user/ros2_ws/install/joint_trajectory_publisher:/home/user/ros2_ws/install/joint_trajectory_demo _=/usr/bin/env /usr/bin/cmake --install /home/user/ros2_ws/build/rrbot_unit4
[2.218s] Level 1:colcon.colcon_core.environment:create_environment_scripts_only(rrbot_unit3)
[2.218s] Level 1:colcon.colcon_core.environment:checking '/home/user/ros2_ws/install/rrbot_unit3' for CMake module files
[2.219s] Level 1:colcon.colcon_core.environment:checking '/home/user/ros2_ws/install/rrbot_unit3' for CMake config files
[2.220s] DEBUG:colcon.colcon_core.event_handler.log_command:Invoked command in '/home/user/ros2_ws/build/rrbot_unit3' returned '0': CMAKE_PREFIX_PATH=${CMAKE_PREFIX_PATH}:/home/user/ros2_ws/install/joint_trajectory_publisher:/home/user/ros2_ws/install/joint_trajectory_demo _=/usr/bin/env /usr/bin/cmake --install /home/user/ros2_ws/build/rrbot_unit3
[2.223s] Level 1:colcon.colcon_core.shell:create_environment_hook('rrbot_unit3', 'cmake_prefix_path')
[2.232s] INFO:colcon.colcon_core.shell:Creating environment hook '/home/user/ros2_ws/install/rrbot_unit3/share/rrbot_unit3/hook/cmake_prefix_path.ps1'
[2.233s] INFO:colcon.colcon_core.shell:Creating environment descriptor '/home/user/ros2_ws/install/rrbot_unit3/share/rrbot_unit3/hook/cmake_prefix_path.dsv'
[2.233s] INFO:colcon.colcon_core.shell:Creating environment hook '/home/user/ros2_ws/install/rrbot_unit3/share/rrbot_unit3/hook/cmake_prefix_path.sh'
[2.234s] Level 1:colcon.colcon_core.environment:checking '/home/user/ros2_ws/install/rrbot_unit3/bin'
[2.234s] Level 1:colcon.colcon_core.environment:checking '/home/user/ros2_ws/install/rrbot_unit3/lib/pkgconfig/rrbot_unit3.pc'
[2.234s] Level 1:colcon.colcon_core.environment:checking '/home/user/ros2_ws/install/rrbot_unit3/lib/python3.12/site-packages'
[2.235s] Level 1:colcon.colcon_core.environment:checking '/home/user/ros2_ws/install/rrbot_unit3/bin'
[2.235s] INFO:colcon.colcon_core.shell:Creating package script '/home/user/ros2_ws/install/rrbot_unit3/share/rrbot_unit3/package.ps1'
[2.236s] INFO:colcon.colcon_core.shell:Creating package descriptor '/home/user/ros2_ws/install/rrbot_unit3/share/rrbot_unit3/package.dsv'
[2.236s] INFO:colcon.colcon_core.shell:Creating package script '/home/user/ros2_ws/install/rrbot_unit3/share/rrbot_unit3/package.sh'
[2.237s] INFO:colcon.colcon_core.shell:Creating package script '/home/user/ros2_ws/install/rrbot_unit3/share/rrbot_unit3/package.bash'
[2.237s] INFO:colcon.colcon_core.shell:Creating package script '/home/user/ros2_ws/install/rrbot_unit3/share/rrbot_unit3/package.zsh'
[2.239s] Level 1:colcon.colcon_core.environment:create_file_with_runtime_dependencies(/home/user/ros2_ws/install/rrbot_unit3/share/colcon-core/packages/rrbot_unit3)
[2.240s] Level 1:colcon.colcon_core.environment:create_environment_scripts_only(rrbot_unit3)
[2.240s] Level 1:colcon.colcon_core.environment:checking '/home/user/ros2_ws/install/rrbot_unit3' for CMake module files
[2.241s] Level 1:colcon.colcon_core.environment:checking '/home/user/ros2_ws/install/rrbot_unit3' for CMake config files
[2.241s] Level 1:colcon.colcon_core.shell:create_environment_hook('rrbot_unit3', 'cmake_prefix_path')
[2.241s] INFO:colcon.colcon_core.shell:Creating environment hook '/home/user/ros2_ws/install/rrbot_unit3/share/rrbot_unit3/hook/cmake_prefix_path.ps1'
[2.242s] INFO:colcon.colcon_core.shell:Creating environment descriptor '/home/user/ros2_ws/install/rrbot_unit3/share/rrbot_unit3/hook/cmake_prefix_path.dsv'
[2.242s] INFO:colcon.colcon_core.shell:Creating environment hook '/home/user/ros2_ws/install/rrbot_unit3/share/rrbot_unit3/hook/cmake_prefix_path.sh'
[2.243s] Level 1:colcon.colcon_core.environment:checking '/home/user/ros2_ws/install/rrbot_unit3/bin'
[2.243s] Level 1:colcon.colcon_core.environment:checking '/home/user/ros2_ws/install/rrbot_unit3/lib/pkgconfig/rrbot_unit3.pc'
[2.244s] Level 1:colcon.colcon_core.environment:checking '/home/user/ros2_ws/install/rrbot_unit3/lib/python3.12/site-packages'
[2.244s] Level 1:colcon.colcon_core.environment:checking '/home/user/ros2_ws/install/rrbot_unit3/bin'
[2.244s] INFO:colcon.colcon_core.shell:Creating package script '/home/user/ros2_ws/install/rrbot_unit3/share/rrbot_unit3/package.ps1'
[2.245s] INFO:colcon.colcon_core.shell:Creating package descriptor '/home/user/ros2_ws/install/rrbot_unit3/share/rrbot_unit3/package.dsv'
[2.246s] INFO:colcon.colcon_core.shell:Creating package script '/home/user/ros2_ws/install/rrbot_unit3/share/rrbot_unit3/package.sh'
[2.246s] INFO:colcon.colcon_core.shell:Creating package script '/home/user/ros2_ws/install/rrbot_unit3/share/rrbot_unit3/package.bash'
[2.247s] INFO:colcon.colcon_core.shell:Creating package script '/home/user/ros2_ws/install/rrbot_unit3/share/rrbot_unit3/package.zsh'
[2.247s] Level 1:colcon.colcon_core.environment:create_file_with_runtime_dependencies(/home/user/ros2_ws/install/rrbot_unit3/share/colcon-core/packages/rrbot_unit3)
[2.249s] INFO:colcon.colcon_ros.task.ament_cmake.build:Building ROS package in '/home/user/ros2_ws/src/ros2_control_course/unit6/solo_description' with build type 'ament_cmake'
[2.249s] INFO:colcon.colcon_cmake.task.cmake.build:Building CMake package in '/home/user/ros2_ws/src/ros2_control_course/unit6/solo_description'
[2.249s] INFO:colcon.colcon_core.shell:Skip shell extension 'powershell' for command environment: Not usable outside of PowerShell
[2.249s] DEBUG:colcon.colcon_core.shell:Skip shell extension 'dsv' for command environment
[2.269s] INFO:colcon.colcon_ros.task.ament_cmake.build:Building ROS package in '/home/user/ros2_ws/src/ros2_control_course/unit5/spawn_robot' with build type 'ament_cmake'
[2.269s] INFO:colcon.colcon_cmake.task.cmake.build:Building CMake package in '/home/user/ros2_ws/src/ros2_control_course/unit5/spawn_robot'
[2.269s] INFO:colcon.colcon_core.shell:Skip shell extension 'powershell' for command environment: Not usable outside of PowerShell
[2.269s] DEBUG:colcon.colcon_core.shell:Skip shell extension 'dsv' for command environment
[2.288s] DEBUG:colcon.colcon_core.event_handler.log_command:Invoked command in '/home/user/ros2_ws/build/my_robot_hardware_interface' returned '0': CMAKE_PREFIX_PATH=${CMAKE_PREFIX_PATH}:/home/user/ros2_ws/install/joint_trajectory_publisher:/home/user/ros2_ws/install/joint_trajectory_demo _=/usr/bin/env /usr/bin/cmake --build /home/user/ros2_ws/build/my_robot_hardware_interface -- -j8 -l8
[2.289s] DEBUG:colcon.colcon_core.event_handler.log_command:Invoking command in '/home/user/ros2_ws/build/my_robot_hardware_interface': CMAKE_PREFIX_PATH=${CMAKE_PREFIX_PATH}:/home/user/ros2_ws/install/joint_trajectory_publisher:/home/user/ros2_ws/install/joint_trajectory_demo _=/usr/bin/env /usr/bin/cmake --install /home/user/ros2_ws/build/my_robot_hardware_interface
[2.295s] Level 1:colcon.colcon_core.environment:create_environment_scripts_only(rrbot_unit4)
[2.295s] Level 1:colcon.colcon_core.environment:checking '/home/user/ros2_ws/install/rrbot_unit4' for CMake module files
[2.296s] DEBUG:colcon.colcon_core.event_handler.log_command:Invoked command in '/home/user/ros2_ws/build/rrbot_unit4' returned '0': CMAKE_PREFIX_PATH=${CMAKE_PREFIX_PATH}:/home/user/ros2_ws/install/joint_trajectory_publisher:/home/user/ros2_ws/install/joint_trajectory_demo _=/usr/bin/env /usr/bin/cmake --install /home/user/ros2_ws/build/rrbot_unit4
[2.298s] Level 1:colcon.colcon_core.environment:checking '/home/user/ros2_ws/install/rrbot_unit4' for CMake config files
[2.298s] Level 1:colcon.colcon_core.shell:create_environment_hook('rrbot_unit4', 'cmake_prefix_path')
[2.298s] INFO:colcon.colcon_core.shell:Creating environment hook '/home/user/ros2_ws/install/rrbot_unit4/share/rrbot_unit4/hook/cmake_prefix_path.ps1'
[2.299s] INFO:colcon.colcon_core.shell:Creating environment descriptor '/home/user/ros2_ws/install/rrbot_unit4/share/rrbot_unit4/hook/cmake_prefix_path.dsv'
[2.300s] INFO:colcon.colcon_core.shell:Creating environment hook '/home/user/ros2_ws/install/rrbot_unit4/share/rrbot_unit4/hook/cmake_prefix_path.sh'
[2.301s] Level 1:colcon.colcon_core.environment:checking '/home/user/ros2_ws/install/rrbot_unit4/bin'
[2.301s] Level 1:colcon.colcon_core.environment:checking '/home/user/ros2_ws/install/rrbot_unit4/lib/pkgconfig/rrbot_unit4.pc'
[2.301s] Level 1:colcon.colcon_core.environment:checking '/home/user/ros2_ws/install/rrbot_unit4/lib/python3.12/site-packages'
[2.301s] Level 1:colcon.colcon_core.environment:checking '/home/user/ros2_ws/install/rrbot_unit4/bin'
[2.302s] INFO:colcon.colcon_core.shell:Creating package script '/home/user/ros2_ws/install/rrbot_unit4/share/rrbot_unit4/package.ps1'
[2.302s] INFO:colcon.colcon_core.shell:Creating package descriptor '/home/user/ros2_ws/install/rrbot_unit4/share/rrbot_unit4/package.dsv'
[2.303s] INFO:colcon.colcon_core.shell:Creating package script '/home/user/ros2_ws/install/rrbot_unit4/share/rrbot_unit4/package.sh'
[2.304s] INFO:colcon.colcon_core.shell:Creating package script '/home/user/ros2_ws/install/rrbot_unit4/share/rrbot_unit4/package.bash'
[2.304s] INFO:colcon.colcon_core.shell:Creating package script '/home/user/ros2_ws/install/rrbot_unit4/share/rrbot_unit4/package.zsh'
[2.305s] Level 1:colcon.colcon_core.environment:create_file_with_runtime_dependencies(/home/user/ros2_ws/install/rrbot_unit4/share/colcon-core/packages/rrbot_unit4)
[2.306s] Level 1:colcon.colcon_core.environment:create_environment_scripts_only(rrbot_unit4)
[2.306s] Level 1:colcon.colcon_core.environment:checking '/home/user/ros2_ws/install/rrbot_unit4' for CMake module files
[2.310s] Level 1:colcon.colcon_core.environment:checking '/home/user/ros2_ws/install/rrbot_unit4' for CMake config files
[2.320s] Level 1:colcon.colcon_core.shell:create_environment_hook('rrbot_unit4', 'cmake_prefix_path')
[2.320s] INFO:colcon.colcon_core.shell:Creating environment hook '/home/user/ros2_ws/install/rrbot_unit4/share/rrbot_unit4/hook/cmake_prefix_path.ps1'
[2.322s] INFO:colcon.colcon_core.shell:Creating environment descriptor '/home/user/ros2_ws/install/rrbot_unit4/share/rrbot_unit4/hook/cmake_prefix_path.dsv'
[2.323s] INFO:colcon.colcon_core.shell:Creating environment hook '/home/user/ros2_ws/install/rrbot_unit4/share/rrbot_unit4/hook/cmake_prefix_path.sh'
[2.326s] Level 1:colcon.colcon_core.environment:checking '/home/user/ros2_ws/install/rrbot_unit4/bin'
[2.326s] Level 1:colcon.colcon_core.environment:checking '/home/user/ros2_ws/install/rrbot_unit4/lib/pkgconfig/rrbot_unit4.pc'
[2.326s] Level 1:colcon.colcon_core.environment:checking '/home/user/ros2_ws/install/rrbot_unit4/lib/python3.12/site-packages'
[2.327s] Level 1:colcon.colcon_core.environment:checking '/home/user/ros2_ws/install/rrbot_unit4/bin'
[2.327s] INFO:colcon.colcon_core.shell:Creating package script '/home/user/ros2_ws/install/rrbot_unit4/share/rrbot_unit4/package.ps1'
[2.328s] INFO:colcon.colcon_core.shell:Creating package descriptor '/home/user/ros2_ws/install/rrbot_unit4/share/rrbot_unit4/package.dsv'
[2.328s] INFO:colcon.colcon_core.shell:Creating package script '/home/user/ros2_ws/install/rrbot_unit4/share/rrbot_unit4/package.sh'
[2.329s] INFO:colcon.colcon_core.shell:Creating package script '/home/user/ros2_ws/install/rrbot_unit4/share/rrbot_unit4/package.bash'
[2.330s] INFO:colcon.colcon_core.shell:Creating package script '/home/user/ros2_ws/install/rrbot_unit4/share/rrbot_unit4/package.zsh'
[2.330s] Level 1:colcon.colcon_core.environment:create_file_with_runtime_dependencies(/home/user/ros2_ws/install/rrbot_unit4/share/colcon-core/packages/rrbot_unit4)
[2.333s] DEBUG:colcon.colcon_core.event_handler.log_command:Invoked command in '/home/user/ros2_ws/build/rrbot_controller' returned '0': CMAKE_PREFIX_PATH=${CMAKE_PREFIX_PATH}:/home/user/ros2_ws/install/joint_trajectory_publisher:/home/user/ros2_ws/install/joint_trajectory_demo _=/usr/bin/env /usr/bin/cmake --build /home/user/ros2_ws/build/rrbot_controller -- -j8 -l8
[2.334s] DEBUG:colcon.colcon_core.event_handler.log_command:Invoking command in '/home/user/ros2_ws/build/rrbot_controller': CMAKE_PREFIX_PATH=${CMAKE_PREFIX_PATH}:/home/user/ros2_ws/install/joint_trajectory_publisher:/home/user/ros2_ws/install/joint_trajectory_demo _=/usr/bin/env /usr/bin/cmake --install /home/user/ros2_ws/build/rrbot_controller
[2.350s] DEBUG:colcon.colcon_core.event_handler.log_command:Invoking command in '/home/user/ros2_ws/build/rrbot_unit5': CMAKE_PREFIX_PATH=${CMAKE_PREFIX_PATH}:/home/user/ros2_ws/install/joint_trajectory_publisher:/home/user/ros2_ws/install/joint_trajectory_demo _=/usr/bin/env /usr/bin/cmake --build /home/user/ros2_ws/build/rrbot_unit5 -- -j8 -l8
[2.371s] INFO:colcon.colcon_ros.task.ament_cmake.build:Building ROS package in '/home/user/ros2_ws/src/ros2_control_course/unit6/spawn_solo' with build type 'ament_cmake'
[2.371s] INFO:colcon.colcon_cmake.task.cmake.build:Building CMake package in '/home/user/ros2_ws/src/ros2_control_course/unit6/spawn_solo'
[2.371s] INFO:colcon.colcon_core.shell:Skip shell extension 'powershell' for command environment: Not usable outside of PowerShell
[2.371s] DEBUG:colcon.colcon_core.shell:Skip shell extension 'dsv' for command environment
[2.432s] DEBUG:colcon.colcon_core.event_handler.log_command:Invoking command in '/home/user/ros2_ws/build/solo_description': CMAKE_PREFIX_PATH=${CMAKE_PREFIX_PATH}:/home/user/ros2_ws/install/joint_trajectory_publisher:/home/user/ros2_ws/install/joint_trajectory_demo _=/usr/bin/env /usr/bin/cmake --build /home/user/ros2_ws/build/solo_description -- -j8 -l8
[2.433s] DEBUG:colcon.colcon_core.event_handler.log_command:Invoking command in '/home/user/ros2_ws/build/spawn_robot': CMAKE_PREFIX_PATH=${CMAKE_PREFIX_PATH}:/home/user/ros2_ws/install/joint_trajectory_publisher:/home/user/ros2_ws/install/joint_trajectory_demo _=/usr/bin/env /usr/bin/cmake --build /home/user/ros2_ws/build/spawn_robot -- -j8 -l8
[2.450s] Level 1:colcon.colcon_core.environment:create_environment_scripts_only(my_robot_hardware_interface)
[2.451s] Level 1:colcon.colcon_core.environment:checking '/home/user/ros2_ws/install/my_robot_hardware_interface' for CMake module files
[2.452s] Level 1:colcon.colcon_core.environment:checking '/home/user/ros2_ws/install/my_robot_hardware_interface' for CMake config files
[2.452s] Level 1:colcon.colcon_core.shell:create_environment_hook('my_robot_hardware_interface', 'cmake_prefix_path')
[2.453s] INFO:colcon.colcon_core.shell:Creating environment hook '/home/user/ros2_ws/install/my_robot_hardware_interface/share/my_robot_hardware_interface/hook/cmake_prefix_path.ps1'
[2.453s] INFO:colcon.colcon_core.shell:Creating environment descriptor '/home/user/ros2_ws/install/my_robot_hardware_interface/share/my_robot_hardware_interface/hook/cmake_prefix_path.dsv'
[2.454s] INFO:colcon.colcon_core.shell:Creating environment hook '/home/user/ros2_ws/install/my_robot_hardware_interface/share/my_robot_hardware_interface/hook/cmake_prefix_path.sh'
[2.455s] Level 1:colcon.colcon_core.environment:checking '/home/user/ros2_ws/install/my_robot_hardware_interface/lib'
[2.455s] Level 1:colcon.colcon_core.shell:create_environment_hook('my_robot_hardware_interface', 'ld_library_path_lib')
[2.455s] INFO:colcon.colcon_core.shell:Creating environment hook '/home/user/ros2_ws/install/my_robot_hardware_interface/share/my_robot_hardware_interface/hook/ld_library_path_lib.ps1'
[2.456s] INFO:colcon.colcon_core.shell:Creating environment descriptor '/home/user/ros2_ws/install/my_robot_hardware_interface/share/my_robot_hardware_interface/hook/ld_library_path_lib.dsv'
[2.456s] INFO:colcon.colcon_core.shell:Creating environment hook '/home/user/ros2_ws/install/my_robot_hardware_interface/share/my_robot_hardware_interface/hook/ld_library_path_lib.sh'
[2.457s] Level 1:colcon.colcon_core.environment:checking '/home/user/ros2_ws/install/my_robot_hardware_interface/bin'
[2.457s] Level 1:colcon.colcon_core.environment:checking '/home/user/ros2_ws/install/my_robot_hardware_interface/lib/pkgconfig/my_robot_hardware_interface.pc'
[2.458s] Level 1:colcon.colcon_core.environment:checking '/home/user/ros2_ws/install/my_robot_hardware_interface/lib/python3.12/site-packages'
[2.458s] Level 1:colcon.colcon_core.environment:checking '/home/user/ros2_ws/install/my_robot_hardware_interface/bin'
[2.459s] INFO:colcon.colcon_core.shell:Creating package script '/home/user/ros2_ws/install/my_robot_hardware_interface/share/my_robot_hardware_interface/package.ps1'
[2.459s] INFO:colcon.colcon_core.shell:Creating package descriptor '/home/user/ros2_ws/install/my_robot_hardware_interface/share/my_robot_hardware_interface/package.dsv'
[2.460s] INFO:colcon.colcon_core.shell:Creating package script '/home/user/ros2_ws/install/my_robot_hardware_interface/share/my_robot_hardware_interface/package.sh'
[2.461s] DEBUG:colcon.colcon_core.event_handler.log_command:Invoked command in '/home/user/ros2_ws/build/my_robot_hardware_interface' returned '0': CMAKE_PREFIX_PATH=${CMAKE_PREFIX_PATH}:/home/user/ros2_ws/install/joint_trajectory_publisher:/home/user/ros2_ws/install/joint_trajectory_demo _=/usr/bin/env /usr/bin/cmake --install /home/user/ros2_ws/build/my_robot_hardware_interface
[2.462s] INFO:colcon.colcon_core.shell:Creating package script '/home/user/ros2_ws/install/my_robot_hardware_interface/share/my_robot_hardware_interface/package.bash'
[2.462s] INFO:colcon.colcon_core.shell:Creating package script '/home/user/ros2_ws/install/my_robot_hardware_interface/share/my_robot_hardware_interface/package.zsh'
[2.463s] Level 1:colcon.colcon_core.environment:create_file_with_runtime_dependencies(/home/user/ros2_ws/install/my_robot_hardware_interface/share/colcon-core/packages/my_robot_hardware_interface)
[2.463s] Level 1:colcon.colcon_core.environment:create_environment_scripts_only(my_robot_hardware_interface)
[2.464s] Level 1:colcon.colcon_core.environment:checking '/home/user/ros2_ws/install/my_robot_hardware_interface' for CMake module files
[2.465s] Level 1:colcon.colcon_core.environment:checking '/home/user/ros2_ws/install/my_robot_hardware_interface' for CMake config files
[2.465s] Level 1:colcon.colcon_core.shell:create_environment_hook('my_robot_hardware_interface', 'cmake_prefix_path')
[2.465s] INFO:colcon.colcon_core.shell:Creating environment hook '/home/user/ros2_ws/install/my_robot_hardware_interface/share/my_robot_hardware_interface/hook/cmake_prefix_path.ps1'
[2.466s] INFO:colcon.colcon_core.shell:Creating environment descriptor '/home/user/ros2_ws/install/my_robot_hardware_interface/share/my_robot_hardware_interface/hook/cmake_prefix_path.dsv'
[2.467s] INFO:colcon.colcon_core.shell:Creating environment hook '/home/user/ros2_ws/install/my_robot_hardware_interface/share/my_robot_hardware_interface/hook/cmake_prefix_path.sh'
[2.467s] Level 1:colcon.colcon_core.environment:checking '/home/user/ros2_ws/install/my_robot_hardware_interface/lib'
[2.468s] Level 1:colcon.colcon_core.shell:create_environment_hook('my_robot_hardware_interface', 'ld_library_path_lib')
[2.468s] INFO:colcon.colcon_core.shell:Creating environment hook '/home/user/ros2_ws/install/my_robot_hardware_interface/share/my_robot_hardware_interface/hook/ld_library_path_lib.ps1'
[2.469s] INFO:colcon.colcon_core.shell:Creating environment descriptor '/home/user/ros2_ws/install/my_robot_hardware_interface/share/my_robot_hardware_interface/hook/ld_library_path_lib.dsv'
[2.469s] INFO:colcon.colcon_core.shell:Creating environment hook '/home/user/ros2_ws/install/my_robot_hardware_interface/share/my_robot_hardware_interface/hook/ld_library_path_lib.sh'
[2.470s] Level 1:colcon.colcon_core.environment:checking '/home/user/ros2_ws/install/my_robot_hardware_interface/bin'
[2.470s] Level 1:colcon.colcon_core.environment:checking '/home/user/ros2_ws/install/my_robot_hardware_interface/lib/pkgconfig/my_robot_hardware_interface.pc'
[2.470s] Level 1:colcon.colcon_core.environment:checking '/home/user/ros2_ws/install/my_robot_hardware_interface/lib/python3.12/site-packages'
[2.471s] Level 1:colcon.colcon_core.environment:checking '/home/user/ros2_ws/install/my_robot_hardware_interface/bin'
[2.471s] INFO:colcon.colcon_core.shell:Creating package script '/home/user/ros2_ws/install/my_robot_hardware_interface/share/my_robot_hardware_interface/package.ps1'
[2.472s] INFO:colcon.colcon_core.shell:Creating package descriptor '/home/user/ros2_ws/install/my_robot_hardware_interface/share/my_robot_hardware_interface/package.dsv'
[2.473s] INFO:colcon.colcon_core.shell:Creating package script '/home/user/ros2_ws/install/my_robot_hardware_interface/share/my_robot_hardware_interface/package.sh'
[2.473s] INFO:colcon.colcon_core.shell:Creating package script '/home/user/ros2_ws/install/my_robot_hardware_interface/share/my_robot_hardware_interface/package.bash'
[2.474s] INFO:colcon.colcon_core.shell:Creating package script '/home/user/ros2_ws/install/my_robot_hardware_interface/share/my_robot_hardware_interface/package.zsh'
[2.474s] Level 1:colcon.colcon_core.environment:create_file_with_runtime_dependencies(/home/user/ros2_ws/install/my_robot_hardware_interface/share/colcon-core/packages/my_robot_hardware_interface)
[2.477s] Level 1:colcon.colcon_core.environment:create_environment_scripts_only(rrbot_controller)
[2.477s] Level 1:colcon.colcon_core.environment:checking '/home/user/ros2_ws/install/rrbot_controller' for CMake module files
[2.478s] DEBUG:colcon.colcon_core.event_handler.log_command:Invoked command in '/home/user/ros2_ws/build/rrbot_controller' returned '0': CMAKE_PREFIX_PATH=${CMAKE_PREFIX_PATH}:/home/user/ros2_ws/install/joint_trajectory_publisher:/home/user/ros2_ws/install/joint_trajectory_demo _=/usr/bin/env /usr/bin/cmake --install /home/user/ros2_ws/build/rrbot_controller
[2.479s] Level 1:colcon.colcon_core.environment:checking '/home/user/ros2_ws/install/rrbot_controller' for CMake config files
[2.480s] Level 1:colcon.colcon_core.shell:create_environment_hook('rrbot_controller', 'cmake_prefix_path')
[2.480s] INFO:colcon.colcon_core.shell:Creating environment hook '/home/user/ros2_ws/install/rrbot_controller/share/rrbot_controller/hook/cmake_prefix_path.ps1'
[2.481s] INFO:colcon.colcon_core.shell:Creating environment descriptor '/home/user/ros2_ws/install/rrbot_controller/share/rrbot_controller/hook/cmake_prefix_path.dsv'
[2.481s] INFO:colcon.colcon_core.shell:Creating environment hook '/home/user/ros2_ws/install/rrbot_controller/share/rrbot_controller/hook/cmake_prefix_path.sh'
[2.482s] Level 1:colcon.colcon_core.environment:checking '/home/user/ros2_ws/install/rrbot_controller/lib'
[2.482s] Level 1:colcon.colcon_core.shell:create_environment_hook('rrbot_controller', 'ld_library_path_lib')
[2.482s] INFO:colcon.colcon_core.shell:Creating environment hook '/home/user/ros2_ws/install/rrbot_controller/share/rrbot_controller/hook/ld_library_path_lib.ps1'
[2.483s] INFO:colcon.colcon_core.shell:Creating environment descriptor '/home/user/ros2_ws/install/rrbot_controller/share/rrbot_controller/hook/ld_library_path_lib.dsv'
[2.484s] INFO:colcon.colcon_core.shell:Creating environment hook '/home/user/ros2_ws/install/rrbot_controller/share/rrbot_controller/hook/ld_library_path_lib.sh'
[2.485s] Level 1:colcon.colcon_core.environment:checking '/home/user/ros2_ws/install/rrbot_controller/bin'
[2.485s] Level 1:colcon.colcon_core.environment:checking '/home/user/ros2_ws/install/rrbot_controller/lib/pkgconfig/rrbot_controller.pc'
[2.485s] Level 1:colcon.colcon_core.environment:checking '/home/user/ros2_ws/install/rrbot_controller/lib/python3.12/site-packages'
[2.485s] Level 1:colcon.colcon_core.environment:checking '/home/user/ros2_ws/install/rrbot_controller/bin'
[2.486s] INFO:colcon.colcon_core.shell:Creating package script '/home/user/ros2_ws/install/rrbot_controller/share/rrbot_controller/package.ps1'
[2.486s] INFO:colcon.colcon_core.shell:Creating package descriptor '/home/user/ros2_ws/install/rrbot_controller/share/rrbot_controller/package.dsv'
[2.487s] INFO:colcon.colcon_core.shell:Creating package script '/home/user/ros2_ws/install/rrbot_controller/share/rrbot_controller/package.sh'
[2.488s] INFO:colcon.colcon_core.shell:Creating package script '/home/user/ros2_ws/install/rrbot_controller/share/rrbot_controller/package.bash'
[2.488s] INFO:colcon.colcon_core.shell:Creating package script '/home/user/ros2_ws/install/rrbot_controller/share/rrbot_controller/package.zsh'
[2.489s] Level 1:colcon.colcon_core.environment:create_file_with_runtime_dependencies(/home/user/ros2_ws/install/rrbot_controller/share/colcon-core/packages/rrbot_controller)
[2.489s] Level 1:colcon.colcon_core.environment:create_environment_scripts_only(rrbot_controller)
[2.490s] Level 1:colcon.colcon_core.environment:checking '/home/user/ros2_ws/install/rrbot_controller' for CMake module files
[2.491s] Level 1:colcon.colcon_core.environment:checking '/home/user/ros2_ws/install/rrbot_controller' for CMake config files
[2.491s] Level 1:colcon.colcon_core.shell:create_environment_hook('rrbot_controller', 'cmake_prefix_path')
[2.491s] INFO:colcon.colcon_core.shell:Creating environment hook '/home/user/ros2_ws/install/rrbot_controller/share/rrbot_controller/hook/cmake_prefix_path.ps1'
[2.492s] INFO:colcon.colcon_core.shell:Creating environment descriptor '/home/user/ros2_ws/install/rrbot_controller/share/rrbot_controller/hook/cmake_prefix_path.dsv'
[2.492s] INFO:colcon.colcon_core.shell:Creating environment hook '/home/user/ros2_ws/install/rrbot_controller/share/rrbot_controller/hook/cmake_prefix_path.sh'
[2.493s] Level 1:colcon.colcon_core.environment:checking '/home/user/ros2_ws/install/rrbot_controller/lib'
[2.493s] Level 1:colcon.colcon_core.shell:create_environment_hook('rrbot_controller', 'ld_library_path_lib')
[2.493s] INFO:colcon.colcon_core.shell:Creating environment hook '/home/user/ros2_ws/install/rrbot_controller/share/rrbot_controller/hook/ld_library_path_lib.ps1'
[2.494s] INFO:colcon.colcon_core.shell:Creating environment descriptor '/home/user/ros2_ws/install/rrbot_controller/share/rrbot_controller/hook/ld_library_path_lib.dsv'
[2.494s] INFO:colcon.colcon_core.shell:Creating environment hook '/home/user/ros2_ws/install/rrbot_controller/share/rrbot_controller/hook/ld_library_path_lib.sh'
[2.495s] Level 1:colcon.colcon_core.environment:checking '/home/user/ros2_ws/install/rrbot_controller/bin'
[2.495s] Level 1:colcon.colcon_core.environment:checking '/home/user/ros2_ws/install/rrbot_controller/lib/pkgconfig/rrbot_controller.pc'
[2.496s] Level 1:colcon.colcon_core.environment:checking '/home/user/ros2_ws/install/rrbot_controller/lib/python3.12/site-packages'
[2.496s] Level 1:colcon.colcon_core.environment:checking '/home/user/ros2_ws/install/rrbot_controller/bin'
[2.496s] INFO:colcon.colcon_core.shell:Creating package script '/home/user/ros2_ws/install/rrbot_controller/share/rrbot_controller/package.ps1'
[2.497s] INFO:colcon.colcon_core.shell:Creating package descriptor '/home/user/ros2_ws/install/rrbot_controller/share/rrbot_controller/package.dsv'
[2.498s] INFO:colcon.colcon_core.shell:Creating package script '/home/user/ros2_ws/install/rrbot_controller/share/rrbot_controller/package.sh'
[2.499s] INFO:colcon.colcon_core.shell:Creating package script '/home/user/ros2_ws/install/rrbot_controller/share/rrbot_controller/package.bash'
[2.499s] INFO:colcon.colcon_core.shell:Creating package script '/home/user/ros2_ws/install/rrbot_controller/share/rrbot_controller/package.zsh'
[2.500s] Level 1:colcon.colcon_core.environment:create_file_with_runtime_dependencies(/home/user/ros2_ws/install/rrbot_controller/share/colcon-core/packages/rrbot_controller)
[2.500s] INFO:colcon.colcon_ros.task.ament_cmake.build:Building ROS package in '/home/user/ros2_ws/src/DynamixelSDK/dynamixel_sdk_examples' with build type 'ament_cmake'
[2.501s] INFO:colcon.colcon_cmake.task.cmake.build:Building CMake package in '/home/user/ros2_ws/src/DynamixelSDK/dynamixel_sdk_examples'
[2.502s] INFO:colcon.colcon_core.shell:Skip shell extension 'powershell' for command environment: Not usable outside of PowerShell
[2.502s] DEBUG:colcon.colcon_core.shell:Skip shell extension 'dsv' for command environment
[2.519s] DEBUG:colcon.colcon_core.event_handler.log_command:Invoking command in '/home/user/ros2_ws/src/ros2_control_course/unit1/joint_trajectory_demo': PYTHONPATH=/home/user/ros2_ws/build/joint_trajectory_demo/prefix_override:/usr/lib/python3/dist-packages/colcon_core/task/python/colcon_distutils_commands:/home/user/ros2_ws/install/joint_trajectory_demo/lib/python3.12/site-packages:${PYTHONPATH} _=/usr/bin/env /usr/bin/python3 -W ignore:setup.py install is deprecated -W ignore:easy_install command is deprecated setup.py egg_info --egg-base ../../../../build/joint_trajectory_demo build --build-base /home/user/ros2_ws/build/joint_trajectory_demo/build install --record /home/user/ros2_ws/build/joint_trajectory_demo/install.log --single-version-externally-managed install_data
[2.527s] INFO:colcon.colcon_ros.task.ament_cmake.build:Building ROS package in '/home/user/ros2_ws/src/dynamixel_hardware_interface' with build type 'ament_cmake'
[2.527s] INFO:colcon.colcon_cmake.task.cmake.build:Building CMake package in '/home/user/ros2_ws/src/dynamixel_hardware_interface'
[2.527s] INFO:colcon.colcon_core.shell:Skip shell extension 'powershell' for command environment: Not usable outside of PowerShell
[2.528s] DEBUG:colcon.colcon_core.shell:Skip shell extension 'dsv' for command environment
[2.561s] DEBUG:colcon.colcon_core.event_handler.log_command:Invoking command in '/home/user/ros2_ws/build/spawn_solo': CMAKE_PREFIX_PATH=${CMAKE_PREFIX_PATH}:/home/user/ros2_ws/install/joint_trajectory_publisher:/home/user/ros2_ws/install/joint_trajectory_demo _=/usr/bin/env /usr/bin/cmake --build /home/user/ros2_ws/build/spawn_solo -- -j8 -l8
[2.576s] DEBUG:colcon.colcon_core.event_handler.log_command:Invoking command in '/home/user/ros2_ws/src/ros2_control_course/common/joint_trajectory_publisher': PYTHONPATH=/home/user/ros2_ws/build/joint_trajectory_publisher/prefix_override:/usr/lib/python3/dist-packages/colcon_core/task/python/colcon_distutils_commands:/home/user/ros2_ws/install/joint_trajectory_publisher/lib/python3.12/site-packages:${PYTHONPATH} _=/usr/bin/env /usr/bin/python3 -W ignore:setup.py install is deprecated -W ignore:easy_install command is deprecated setup.py egg_info --egg-base ../../../../build/joint_trajectory_publisher build --build-base /home/user/ros2_ws/build/joint_trajectory_publisher/build install --record /home/user/ros2_ws/build/joint_trajectory_publisher/install.log --single-version-externally-managed install_data
[2.595s] DEBUG:colcon.colcon_core.event_handler.log_command:Invoked command in '/home/user/ros2_ws/build/rrbot_unit5' returned '0': CMAKE_PREFIX_PATH=${CMAKE_PREFIX_PATH}:/home/user/ros2_ws/install/joint_trajectory_publisher:/home/user/ros2_ws/install/joint_trajectory_demo _=/usr/bin/env /usr/bin/cmake --build /home/user/ros2_ws/build/rrbot_unit5 -- -j8 -l8
[2.599s] DEBUG:colcon.colcon_core.event_handler.log_command:Invoking command in '/home/user/ros2_ws/build/rrbot_unit5': CMAKE_PREFIX_PATH=${CMAKE_PREFIX_PATH}:/home/user/ros2_ws/install/joint_trajectory_publisher:/home/user/ros2_ws/install/joint_trajectory_demo _=/usr/bin/env /usr/bin/cmake --install /home/user/ros2_ws/build/rrbot_unit5
[2.614s] DEBUG:colcon.colcon_core.event_handler.log_command:Invoked command in '/home/user/ros2_ws/build/solo_description' returned '0': CMAKE_PREFIX_PATH=${CMAKE_PREFIX_PATH}:/home/user/ros2_ws/install/joint_trajectory_publisher:/home/user/ros2_ws/install/joint_trajectory_demo _=/usr/bin/env /usr/bin/cmake --build /home/user/ros2_ws/build/solo_description -- -j8 -l8
[2.614s] DEBUG:colcon.colcon_core.event_handler.log_command:Invoking command in '/home/user/ros2_ws/build/solo_description': CMAKE_PREFIX_PATH=${CMAKE_PREFIX_PATH}:/home/user/ros2_ws/install/joint_trajectory_publisher:/home/user/ros2_ws/install/joint_trajectory_demo _=/usr/bin/env /usr/bin/cmake --install /home/user/ros2_ws/build/solo_description
[2.630s] DEBUG:colcon.colcon_core.event_handler.log_command:Invoked command in '/home/user/ros2_ws/build/spawn_robot' returned '0': CMAKE_PREFIX_PATH=${CMAKE_PREFIX_PATH}:/home/user/ros2_ws/install/joint_trajectory_publisher:/home/user/ros2_ws/install/joint_trajectory_demo _=/usr/bin/env /usr/bin/cmake --build /home/user/ros2_ws/build/spawn_robot -- -j8 -l8
[2.635s] DEBUG:colcon.colcon_core.event_handler.log_command:Invoking command in '/home/user/ros2_ws/build/spawn_robot': CMAKE_PREFIX_PATH=${CMAKE_PREFIX_PATH}:/home/user/ros2_ws/install/joint_trajectory_publisher:/home/user/ros2_ws/install/joint_trajectory_demo _=/usr/bin/env /usr/bin/cmake --install /home/user/ros2_ws/build/spawn_robot
[2.646s] DEBUG:colcon.colcon_core.event_handler.log_command:Invoking command in '/home/user/ros2_ws/build/dynamixel_hardware_interface': CMAKE_PREFIX_PATH=/home/user/ros2_ws/install/dynamixel_workbench_toolbox:/home/user/ros2_ws/install/dynamixel_sdk:/home/user/ros2_ws/install/spawn_solo:/home/user/ros2_ws/install/spawn_robot:/home/user/ros2_ws/install/solo_description:/home/user/ros2_ws/install/rrbot_unit5:/home/user/ros2_ws/install/rrbot_unit4:/home/user/ros2_ws/install/rrbot_unit3:/home/user/ros2_ws/install/rrbot_unit2:/home/user/ros2_ws/install/rrbot_controller:/home/user/ros2_ws/install/my_robot_hardware_interface:/home/user/ros2_ws/install/my_robot_bringup:/home/user/ros2_ws/install/my_quadruped_bringup:/home/user/ros2_ws/install/dynamixel_workbench:/home/user/ros2_ws/install/dynamixel_hardware_interface:/home/user/ros2_ws/install/dynamixel_sdk_examples:/home/user/ros2_ws/install/dynamixel_sdk_custom_interfaces:/home/user/ros2_ws/install/diffbot_sim:/home/user/ros2_ws/install/diffbot_description:/home/simulations/ros2_sims_ws/install/unit6_simulation:/home/simulations/ros2_sims_ws/install/rrbot_sim:/home/simulations/ros2_sims_ws/install/rmw_cyclonedds_cpp:/home/simulations/ros2_sims_ws/install/cyclonedds:/opt/ros/jazzy/opt/gz_sim_vendor:/opt/ros/jazzy/opt/gz_sensors_vendor:/opt/ros/jazzy/opt/gz_physics_vendor:/opt/ros/jazzy/opt/sdformat_vendor:/opt/ros/jazzy/opt/gz_gui_vendor:/opt/ros/jazzy/opt/gz_transport_vendor:/opt/ros/jazzy/opt/gz_rendering_vendor:/opt/ros/jazzy/opt/gz_plugin_vendor:/opt/ros/jazzy/opt/gz_fuel_tools_vendor:/opt/ros/jazzy/opt/gz_msgs_vendor:/opt/ros/jazzy/opt/gz_common_vendor:/opt/ros/jazzy/opt/gz_math_vendor:/opt/ros/jazzy/opt/gz_utils_vendor:/opt/ros/jazzy/opt/gz_tools_vendor:/opt/ros/jazzy/opt/gz_ogre_next_vendor:/opt/ros/jazzy/opt/gz_dartsim_vendor:/opt/ros/jazzy/opt/gz_cmake_vendor:/opt/ros/jazzy:/opt/ros/jazzy:/home/user/ros2_ws/install/joint_trajectory_publisher:/home/user/ros2_ws/install/joint_trajectory_demo LD_LIBRARY_PATH=/home/user/ros2_ws/install/dynamixel_workbench_toolbox/lib:/home/user/ros2_ws/install/dynamixel_sdk/lib:/home/user/ros2_ws/install/rrbot_controller/lib:/home/user/ros2_ws/install/my_robot_hardware_interface/lib:/home/user/ros2_ws/install/dynamixel_hardware_interface/lib:/home/user/ros2_ws/install/dynamixel_sdk_custom_interfaces/lib:/home/simulations/ros2_sims_ws/install/rmw_cyclonedds_cpp/lib:/home/simulations/ros2_sims_ws/install/cyclonedds/lib:/home/user/catkin_ws/devel/lib:/home/simulations/public_sim_ws/devel/lib:/opt/ros/jazzy/lib:/opt/ros/jazzy/lib/x86_64-linux-gnu:/usr/local/cuda-10.2/lib64:/home/user/.catkin_ws_python3/src/TensorRT-7.0.0.11/lib:/home/user/catkin_ws/devel/lib:/home/simulations/public_sim_ws/devel/lib:/opt/ros/jazzy/lib:/opt/ros/jazzy/lib/x86_64-linux-gnu:/opt/ros/jazzy/opt/gz_sim_vendor/lib:/opt/ros/jazzy/opt/gz_sensors_vendor/lib:/opt/ros/jazzy/opt/gz_physics_vendor/lib:/opt/ros/jazzy/opt/sdformat_vendor/lib:/opt/ros/jazzy/opt/rviz_ogre_vendor/lib:/opt/ros/jazzy/lib/x86_64-linux-gnu:/opt/ros/jazzy/opt/gz_gui_vendor/lib:/opt/ros/jazzy/opt/gz_transport_vendor/lib:/opt/ros/jazzy/opt/gz_rendering_vendor/lib:/opt/ros/jazzy/opt/gz_plugin_vendor/lib:/opt/ros/jazzy/opt/gz_fuel_tools_vendor/lib:/opt/ros/jazzy/opt/gz_msgs_vendor/lib:/opt/ros/jazzy/opt/gz_common_vendor/lib:/opt/ros/jazzy/opt/gz_math_vendor/lib:/opt/ros/jazzy/opt/gz_utils_vendor/lib:/opt/ros/jazzy/opt/gz_tools_vendor/lib:/opt/ros/jazzy/opt/gz_ogre_next_vendor/lib:/opt/ros/jazzy/opt/gz_dartsim_vendor/lib:/opt/ros/jazzy/opt/gz_cmake_vendor/lib:/opt/ros/jazzy/lib:/usr/local/cuda-10.2/lib64:/home/user/.catkin_ws_python3/src/TensorRT-7.0.0.11/lib _=/usr/bin/env /usr/bin/cmake --build /home/user/ros2_ws/build/dynamixel_hardware_interface -- -j8 -l8
[2.682s] DEBUG:colcon.colcon_core.event_handler.log_command:Invoking command in '/home/user/ros2_ws/build/dynamixel_sdk_examples': CMAKE_PREFIX_PATH=/home/user/ros2_ws/install/dynamixel_sdk_custom_interfaces:/home/user/ros2_ws/install/dynamixel_sdk:/home/user/ros2_ws/install/spawn_solo:/home/user/ros2_ws/install/spawn_robot:/home/user/ros2_ws/install/solo_description:/home/user/ros2_ws/install/rrbot_unit5:/home/user/ros2_ws/install/rrbot_unit4:/home/user/ros2_ws/install/rrbot_unit3:/home/user/ros2_ws/install/rrbot_unit2:/home/user/ros2_ws/install/rrbot_controller:/home/user/ros2_ws/install/my_robot_hardware_interface:/home/user/ros2_ws/install/my_robot_bringup:/home/user/ros2_ws/install/my_quadruped_bringup:/home/user/ros2_ws/install/dynamixel_workbench:/home/user/ros2_ws/install/dynamixel_hardware_interface:/home/user/ros2_ws/install/dynamixel_workbench_toolbox:/home/user/ros2_ws/install/dynamixel_sdk_examples:/home/user/ros2_ws/install/diffbot_sim:/home/user/ros2_ws/install/diffbot_description:/home/simulations/ros2_sims_ws/install/unit6_simulation:/home/simulations/ros2_sims_ws/install/rrbot_sim:/home/simulations/ros2_sims_ws/install/rmw_cyclonedds_cpp:/home/simulations/ros2_sims_ws/install/cyclonedds:/opt/ros/jazzy/opt/gz_sim_vendor:/opt/ros/jazzy/opt/gz_sensors_vendor:/opt/ros/jazzy/opt/gz_physics_vendor:/opt/ros/jazzy/opt/sdformat_vendor:/opt/ros/jazzy/opt/gz_gui_vendor:/opt/ros/jazzy/opt/gz_transport_vendor:/opt/ros/jazzy/opt/gz_rendering_vendor:/opt/ros/jazzy/opt/gz_plugin_vendor:/opt/ros/jazzy/opt/gz_fuel_tools_vendor:/opt/ros/jazzy/opt/gz_msgs_vendor:/opt/ros/jazzy/opt/gz_common_vendor:/opt/ros/jazzy/opt/gz_math_vendor:/opt/ros/jazzy/opt/gz_utils_vendor:/opt/ros/jazzy/opt/gz_tools_vendor:/opt/ros/jazzy/opt/gz_ogre_next_vendor:/opt/ros/jazzy/opt/gz_dartsim_vendor:/opt/ros/jazzy/opt/gz_cmake_vendor:/opt/ros/jazzy:/opt/ros/jazzy:/home/user/ros2_ws/install/joint_trajectory_publisher:/home/user/ros2_ws/install/joint_trajectory_demo LD_LIBRARY_PATH=/home/user/ros2_ws/install/dynamixel_sdk_custom_interfaces/lib:/home/user/ros2_ws/install/dynamixel_sdk/lib:/home/user/ros2_ws/install/rrbot_controller/lib:/home/user/ros2_ws/install/my_robot_hardware_interface/lib:/home/user/ros2_ws/install/dynamixel_hardware_interface/lib:/home/user/ros2_ws/install/dynamixel_workbench_toolbox/lib:/home/simulations/ros2_sims_ws/install/rmw_cyclonedds_cpp/lib:/home/simulations/ros2_sims_ws/install/cyclonedds/lib:/home/user/catkin_ws/devel/lib:/home/simulations/public_sim_ws/devel/lib:/opt/ros/jazzy/lib:/opt/ros/jazzy/lib/x86_64-linux-gnu:/usr/local/cuda-10.2/lib64:/home/user/.catkin_ws_python3/src/TensorRT-7.0.0.11/lib:/home/user/catkin_ws/devel/lib:/home/simulations/public_sim_ws/devel/lib:/opt/ros/jazzy/lib:/opt/ros/jazzy/lib/x86_64-linux-gnu:/opt/ros/jazzy/opt/gz_sim_vendor/lib:/opt/ros/jazzy/opt/gz_sensors_vendor/lib:/opt/ros/jazzy/opt/gz_physics_vendor/lib:/opt/ros/jazzy/opt/sdformat_vendor/lib:/opt/ros/jazzy/opt/rviz_ogre_vendor/lib:/opt/ros/jazzy/lib/x86_64-linux-gnu:/opt/ros/jazzy/opt/gz_gui_vendor/lib:/opt/ros/jazzy/opt/gz_transport_vendor/lib:/opt/ros/jazzy/opt/gz_rendering_vendor/lib:/opt/ros/jazzy/opt/gz_plugin_vendor/lib:/opt/ros/jazzy/opt/gz_fuel_tools_vendor/lib:/opt/ros/jazzy/opt/gz_msgs_vendor/lib:/opt/ros/jazzy/opt/gz_common_vendor/lib:/opt/ros/jazzy/opt/gz_math_vendor/lib:/opt/ros/jazzy/opt/gz_utils_vendor/lib:/opt/ros/jazzy/opt/gz_tools_vendor/lib:/opt/ros/jazzy/opt/gz_ogre_next_vendor/lib:/opt/ros/jazzy/opt/gz_dartsim_vendor/lib:/opt/ros/jazzy/opt/gz_cmake_vendor/lib:/opt/ros/jazzy/lib:/usr/local/cuda-10.2/lib64:/home/user/.catkin_ws_python3/src/TensorRT-7.0.0.11/lib PYTHONPATH=/home/user/ros2_ws/install/dynamixel_sdk_custom_interfaces/lib/python3.12/site-packages:/home/user/ros2_ws/install/joint_trajectory_publisher/lib/python3.12/site-packages:/home/user/ros2_ws/install/joint_trajectory_demo/lib/python3.12/site-packages:/opt/ros/jazzy/lib/python3.12/site-packages:/home/simulations/public_sim_ws/src/all/ros_basics_examples/python_course_class:/home/simulations/public_sim_ws/src/ros_basics_examples/python_course_class:/home/simulations/public_sim_ws/src/all/kinematics_course_utils/kinematics _=/usr/bin/env /usr/bin/cmake --build /home/user/ros2_ws/build/dynamixel_sdk_examples -- -j8 -l8
[2.685s] DEBUG:colcon.colcon_core.event_handler.log_command:Invoked command in '/home/user/ros2_ws/build/spawn_solo' returned '0': CMAKE_PREFIX_PATH=${CMAKE_PREFIX_PATH}:/home/user/ros2_ws/install/joint_trajectory_publisher:/home/user/ros2_ws/install/joint_trajectory_demo _=/usr/bin/env /usr/bin/cmake --build /home/user/ros2_ws/build/spawn_solo -- -j8 -l8
[2.686s] DEBUG:colcon.colcon_core.event_handler.log_command:Invoking command in '/home/user/ros2_ws/build/spawn_solo': CMAKE_PREFIX_PATH=${CMAKE_PREFIX_PATH}:/home/user/ros2_ws/install/joint_trajectory_publisher:/home/user/ros2_ws/install/joint_trajectory_demo _=/usr/bin/env /usr/bin/cmake --install /home/user/ros2_ws/build/spawn_solo
[2.710s] Level 1:colcon.colcon_core.environment:create_environment_scripts_only(solo_description)
[2.711s] Level 1:colcon.colcon_core.environment:checking '/home/user/ros2_ws/install/solo_description' for CMake module files
[2.711s] Level 1:colcon.colcon_core.environment:checking '/home/user/ros2_ws/install/solo_description' for CMake config files
[2.713s] Level 1:colcon.colcon_core.shell:create_environment_hook('solo_description', 'cmake_prefix_path')
[2.713s] INFO:colcon.colcon_core.shell:Creating environment hook '/home/user/ros2_ws/install/solo_description/share/solo_description/hook/cmake_prefix_path.ps1'
[2.714s] INFO:colcon.colcon_core.shell:Creating environment descriptor '/home/user/ros2_ws/install/solo_description/share/solo_description/hook/cmake_prefix_path.dsv'
[2.714s] INFO:colcon.colcon_core.shell:Creating environment hook '/home/user/ros2_ws/install/solo_description/share/solo_description/hook/cmake_prefix_path.sh'
[2.715s] Level 1:colcon.colcon_core.environment:checking '/home/user/ros2_ws/install/solo_description/bin'
[2.715s] Level 1:colcon.colcon_core.environment:checking '/home/user/ros2_ws/install/solo_description/lib/pkgconfig/solo_description.pc'
[2.715s] Level 1:colcon.colcon_core.environment:checking '/home/user/ros2_ws/install/solo_description/lib/python3.12/site-packages'
[2.716s] Level 1:colcon.colcon_core.environment:checking '/home/user/ros2_ws/install/solo_description/bin'
[2.716s] INFO:colcon.colcon_core.shell:Creating package script '/home/user/ros2_ws/install/solo_description/share/solo_description/package.ps1'
[2.717s] INFO:colcon.colcon_core.shell:Creating package descriptor '/home/user/ros2_ws/install/solo_description/share/solo_description/package.dsv'
[2.717s] INFO:colcon.colcon_core.shell:Creating package script '/home/user/ros2_ws/install/solo_description/share/solo_description/package.sh'
[2.719s] INFO:colcon.colcon_core.shell:Creating package script '/home/user/ros2_ws/install/solo_description/share/solo_description/package.bash'
[2.722s] INFO:colcon.colcon_core.shell:Creating package script '/home/user/ros2_ws/install/solo_description/share/solo_description/package.zsh'
[2.722s] Level 1:colcon.colcon_core.environment:create_file_with_runtime_dependencies(/home/user/ros2_ws/install/solo_description/share/colcon-core/packages/solo_description)
[2.723s] Level 1:colcon.colcon_core.environment:create_environment_scripts_only(solo_description)
[2.723s] Level 1:colcon.colcon_core.environment:checking '/home/user/ros2_ws/install/solo_description' for CMake module files
[2.724s] Level 1:colcon.colcon_core.environment:checking '/home/user/ros2_ws/install/solo_description' for CMake config files
[2.724s] Level 1:colcon.colcon_core.shell:create_environment_hook('solo_description', 'cmake_prefix_path')
[2.725s] INFO:colcon.colcon_core.shell:Creating environment hook '/home/user/ros2_ws/install/solo_description/share/solo_description/hook/cmake_prefix_path.ps1'
[2.725s] INFO:colcon.colcon_core.shell:Creating environment descriptor '/home/user/ros2_ws/install/solo_description/share/solo_description/hook/cmake_prefix_path.dsv'
[2.725s] INFO:colcon.colcon_core.shell:Creating environment hook '/home/user/ros2_ws/install/solo_description/share/solo_description/hook/cmake_prefix_path.sh'
[2.727s] Level 1:colcon.colcon_core.environment:checking '/home/user/ros2_ws/install/solo_description/bin'
[2.727s] Level 1:colcon.colcon_core.environment:checking '/home/user/ros2_ws/install/solo_description/lib/pkgconfig/solo_description.pc'
[2.727s] Level 1:colcon.colcon_core.environment:checking '/home/user/ros2_ws/install/solo_description/lib/python3.12/site-packages'
[2.728s] Level 1:colcon.colcon_core.environment:checking '/home/user/ros2_ws/install/solo_description/bin'
[2.728s] INFO:colcon.colcon_core.shell:Creating package script '/home/user/ros2_ws/install/solo_description/share/solo_description/package.ps1'
[2.729s] INFO:colcon.colcon_core.shell:Creating package descriptor '/home/user/ros2_ws/install/solo_description/share/solo_description/package.dsv'
[2.729s] INFO:colcon.colcon_core.shell:Creating package script '/home/user/ros2_ws/install/solo_description/share/solo_description/package.sh'
[2.730s] DEBUG:colcon.colcon_core.event_handler.log_command:Invoked command in '/home/user/ros2_ws/build/solo_description' returned '0': CMAKE_PREFIX_PATH=${CMAKE_PREFIX_PATH}:/home/user/ros2_ws/install/joint_trajectory_publisher:/home/user/ros2_ws/install/joint_trajectory_demo _=/usr/bin/env /usr/bin/cmake --install /home/user/ros2_ws/build/solo_description
[2.731s] INFO:colcon.colcon_core.shell:Creating package script '/home/user/ros2_ws/install/solo_description/share/solo_description/package.bash'
[2.731s] INFO:colcon.colcon_core.shell:Creating package script '/home/user/ros2_ws/install/solo_description/share/solo_description/package.zsh'
[2.732s] Level 1:colcon.colcon_core.environment:create_file_with_runtime_dependencies(/home/user/ros2_ws/install/solo_description/share/colcon-core/packages/solo_description)
[2.732s] Level 1:colcon.colcon_core.environment:create_environment_scripts_only(rrbot_unit5)
[2.733s] DEBUG:colcon.colcon_core.event_handler.log_command:Invoked command in '/home/user/ros2_ws/build/rrbot_unit5' returned '0': CMAKE_PREFIX_PATH=${CMAKE_PREFIX_PATH}:/home/user/ros2_ws/install/joint_trajectory_publisher:/home/user/ros2_ws/install/joint_trajectory_demo _=/usr/bin/env /usr/bin/cmake --install /home/user/ros2_ws/build/rrbot_unit5
[2.733s] Level 1:colcon.colcon_core.environment:checking '/home/user/ros2_ws/install/rrbot_unit5' for CMake module files
[2.734s] Level 1:colcon.colcon_core.environment:checking '/home/user/ros2_ws/install/rrbot_unit5' for CMake config files
[2.734s] Level 1:colcon.colcon_core.shell:create_environment_hook('rrbot_unit5', 'cmake_prefix_path')
[2.735s] INFO:colcon.colcon_core.shell:Creating environment hook '/home/user/ros2_ws/install/rrbot_unit5/share/rrbot_unit5/hook/cmake_prefix_path.ps1'
[2.735s] INFO:colcon.colcon_core.shell:Creating environment descriptor '/home/user/ros2_ws/install/rrbot_unit5/share/rrbot_unit5/hook/cmake_prefix_path.dsv'
[2.735s] INFO:colcon.colcon_core.shell:Creating environment hook '/home/user/ros2_ws/install/rrbot_unit5/share/rrbot_unit5/hook/cmake_prefix_path.sh'
[2.737s] Level 1:colcon.colcon_core.environment:checking '/home/user/ros2_ws/install/rrbot_unit5/bin'
[2.737s] Level 1:colcon.colcon_core.environment:checking '/home/user/ros2_ws/install/rrbot_unit5/lib/pkgconfig/rrbot_unit5.pc'
[2.737s] Level 1:colcon.colcon_core.environment:checking '/home/user/ros2_ws/install/rrbot_unit5/lib/python3.12/site-packages'
[2.738s] Level 1:colcon.colcon_core.environment:checking '/home/user/ros2_ws/install/rrbot_unit5/bin'
[2.738s] INFO:colcon.colcon_core.shell:Creating package script '/home/user/ros2_ws/install/rrbot_unit5/share/rrbot_unit5/package.ps1'
[2.738s] INFO:colcon.colcon_core.shell:Creating package descriptor '/home/user/ros2_ws/install/rrbot_unit5/share/rrbot_unit5/package.dsv'
[2.739s] INFO:colcon.colcon_core.shell:Creating package script '/home/user/ros2_ws/install/rrbot_unit5/share/rrbot_unit5/package.sh'
[2.739s] INFO:colcon.colcon_core.shell:Creating package script '/home/user/ros2_ws/install/rrbot_unit5/share/rrbot_unit5/package.bash'
[2.740s] INFO:colcon.colcon_core.shell:Creating package script '/home/user/ros2_ws/install/rrbot_unit5/share/rrbot_unit5/package.zsh'
[2.740s] Level 1:colcon.colcon_core.environment:create_file_with_runtime_dependencies(/home/user/ros2_ws/install/rrbot_unit5/share/colcon-core/packages/rrbot_unit5)
[2.741s] Level 1:colcon.colcon_core.environment:create_environment_scripts_only(rrbot_unit5)
[2.741s] Level 1:colcon.colcon_core.environment:checking '/home/user/ros2_ws/install/rrbot_unit5' for CMake module files
[2.741s] Level 1:colcon.colcon_core.environment:checking '/home/user/ros2_ws/install/rrbot_unit5' for CMake config files
[2.741s] Level 1:colcon.colcon_core.shell:create_environment_hook('rrbot_unit5', 'cmake_prefix_path')
[2.742s] INFO:colcon.colcon_core.shell:Creating environment hook '/home/user/ros2_ws/install/rrbot_unit5/share/rrbot_unit5/hook/cmake_prefix_path.ps1'
[2.743s] INFO:colcon.colcon_core.shell:Creating environment descriptor '/home/user/ros2_ws/install/rrbot_unit5/share/rrbot_unit5/hook/cmake_prefix_path.dsv'
[2.743s] INFO:colcon.colcon_core.shell:Creating environment hook '/home/user/ros2_ws/install/rrbot_unit5/share/rrbot_unit5/hook/cmake_prefix_path.sh'
[2.744s] Level 1:colcon.colcon_core.environment:checking '/home/user/ros2_ws/install/rrbot_unit5/bin'
[2.744s] Level 1:colcon.colcon_core.environment:checking '/home/user/ros2_ws/install/rrbot_unit5/lib/pkgconfig/rrbot_unit5.pc'
[2.744s] Level 1:colcon.colcon_core.environment:checking '/home/user/ros2_ws/install/rrbot_unit5/lib/python3.12/site-packages'
[2.745s] Level 1:colcon.colcon_core.environment:checking '/home/user/ros2_ws/install/rrbot_unit5/bin'
[2.745s] INFO:colcon.colcon_core.shell:Creating package script '/home/user/ros2_ws/install/rrbot_unit5/share/rrbot_unit5/package.ps1'
[2.745s] INFO:colcon.colcon_core.shell:Creating package descriptor '/home/user/ros2_ws/install/rrbot_unit5/share/rrbot_unit5/package.dsv'
[2.746s] INFO:colcon.colcon_core.shell:Creating package script '/home/user/ros2_ws/install/rrbot_unit5/share/rrbot_unit5/package.sh'
[2.747s] INFO:colcon.colcon_core.shell:Creating package script '/home/user/ros2_ws/install/rrbot_unit5/share/rrbot_unit5/package.bash'
[2.747s] INFO:colcon.colcon_core.shell:Creating package script '/home/user/ros2_ws/install/rrbot_unit5/share/rrbot_unit5/package.zsh'
[2.748s] Level 1:colcon.colcon_core.environment:create_file_with_runtime_dependencies(/home/user/ros2_ws/install/rrbot_unit5/share/colcon-core/packages/rrbot_unit5)
[2.749s] INFO:colcon.colcon_ros.task.ament_cmake.build:Building ROS package in '/home/user/ros2_ws/src/dynamixel-workbench/dynamixel_workbench' with build type 'ament_cmake'
[2.754s] INFO:colcon.colcon_cmake.task.cmake.build:Building CMake package in '/home/user/ros2_ws/src/dynamixel-workbench/dynamixel_workbench'
[2.754s] INFO:colcon.colcon_core.shell:Skip shell extension 'powershell' for command environment: Not usable outside of PowerShell
[2.754s] DEBUG:colcon.colcon_core.shell:Skip shell extension 'dsv' for command environment
[2.775s] Level 1:colcon.colcon_core.environment:create_environment_scripts_only(spawn_robot)
[2.776s] Level 1:colcon.colcon_core.environment:checking '/home/user/ros2_ws/install/spawn_robot' for CMake module files
[2.776s] Level 1:colcon.colcon_core.environment:checking '/home/user/ros2_ws/install/spawn_robot' for CMake config files
[2.777s] DEBUG:colcon.colcon_core.event_handler.log_command:Invoked command in '/home/user/ros2_ws/build/spawn_robot' returned '0': CMAKE_PREFIX_PATH=${CMAKE_PREFIX_PATH}:/home/user/ros2_ws/install/joint_trajectory_publisher:/home/user/ros2_ws/install/joint_trajectory_demo _=/usr/bin/env /usr/bin/cmake --install /home/user/ros2_ws/build/spawn_robot
[2.777s] Level 1:colcon.colcon_core.shell:create_environment_hook('spawn_robot', 'cmake_prefix_path')
[2.778s] INFO:colcon.colcon_core.shell:Creating environment hook '/home/user/ros2_ws/install/spawn_robot/share/spawn_robot/hook/cmake_prefix_path.ps1'
[2.778s] INFO:colcon.colcon_core.shell:Creating environment descriptor '/home/user/ros2_ws/install/spawn_robot/share/spawn_robot/hook/cmake_prefix_path.dsv'
[2.779s] INFO:colcon.colcon_core.shell:Creating environment hook '/home/user/ros2_ws/install/spawn_robot/share/spawn_robot/hook/cmake_prefix_path.sh'
[2.779s] Level 1:colcon.colcon_core.environment:checking '/home/user/ros2_ws/install/spawn_robot/lib'
[2.779s] Level 1:colcon.colcon_core.environment:checking '/home/user/ros2_ws/install/spawn_robot/bin'
[2.779s] Level 1:colcon.colcon_core.environment:checking '/home/user/ros2_ws/install/spawn_robot/lib/pkgconfig/spawn_robot.pc'
[2.780s] Level 1:colcon.colcon_core.environment:checking '/home/user/ros2_ws/install/spawn_robot/lib/python3.12/site-packages'
[2.780s] Level 1:colcon.colcon_core.environment:checking '/home/user/ros2_ws/install/spawn_robot/bin'
[2.780s] INFO:colcon.colcon_core.shell:Creating package script '/home/user/ros2_ws/install/spawn_robot/share/spawn_robot/package.ps1'
[2.780s] INFO:colcon.colcon_core.shell:Creating package descriptor '/home/user/ros2_ws/install/spawn_robot/share/spawn_robot/package.dsv'
[2.781s] INFO:colcon.colcon_core.shell:Creating package script '/home/user/ros2_ws/install/spawn_robot/share/spawn_robot/package.sh'
[2.782s] INFO:colcon.colcon_core.shell:Creating package script '/home/user/ros2_ws/install/spawn_robot/share/spawn_robot/package.bash'
[2.782s] INFO:colcon.colcon_core.shell:Creating package script '/home/user/ros2_ws/install/spawn_robot/share/spawn_robot/package.zsh'
[2.783s] Level 1:colcon.colcon_core.environment:create_file_with_runtime_dependencies(/home/user/ros2_ws/install/spawn_robot/share/colcon-core/packages/spawn_robot)
[2.784s] Level 1:colcon.colcon_core.environment:create_environment_scripts_only(spawn_robot)
[2.784s] Level 1:colcon.colcon_core.environment:checking '/home/user/ros2_ws/install/spawn_robot' for CMake module files
[2.785s] Level 1:colcon.colcon_core.environment:checking '/home/user/ros2_ws/install/spawn_robot' for CMake config files
[2.785s] Level 1:colcon.colcon_core.shell:create_environment_hook('spawn_robot', 'cmake_prefix_path')
[2.786s] INFO:colcon.colcon_core.shell:Creating environment hook '/home/user/ros2_ws/install/spawn_robot/share/spawn_robot/hook/cmake_prefix_path.ps1'
[2.786s] INFO:colcon.colcon_core.shell:Creating environment descriptor '/home/user/ros2_ws/install/spawn_robot/share/spawn_robot/hook/cmake_prefix_path.dsv'
[2.787s] INFO:colcon.colcon_core.shell:Creating environment hook '/home/user/ros2_ws/install/spawn_robot/share/spawn_robot/hook/cmake_prefix_path.sh'
[2.790s] Level 1:colcon.colcon_core.environment:checking '/home/user/ros2_ws/install/spawn_robot/lib'
[2.791s] Level 1:colcon.colcon_core.environment:checking '/home/user/ros2_ws/install/spawn_robot/bin'
[2.791s] Level 1:colcon.colcon_core.environment:checking '/home/user/ros2_ws/install/spawn_robot/lib/pkgconfig/spawn_robot.pc'
[2.791s] Level 1:colcon.colcon_core.environment:checking '/home/user/ros2_ws/install/spawn_robot/lib/python3.12/site-packages'
[2.791s] Level 1:colcon.colcon_core.environment:checking '/home/user/ros2_ws/install/spawn_robot/bin'
[2.792s] INFO:colcon.colcon_core.shell:Creating package script '/home/user/ros2_ws/install/spawn_robot/share/spawn_robot/package.ps1'
[2.792s] INFO:colcon.colcon_core.shell:Creating package descriptor '/home/user/ros2_ws/install/spawn_robot/share/spawn_robot/package.dsv'
[2.793s] INFO:colcon.colcon_core.shell:Creating package script '/home/user/ros2_ws/install/spawn_robot/share/spawn_robot/package.sh'
[2.794s] INFO:colcon.colcon_core.shell:Creating package script '/home/user/ros2_ws/install/spawn_robot/share/spawn_robot/package.bash'
[2.803s] INFO:colcon.colcon_core.shell:Creating package script '/home/user/ros2_ws/install/spawn_robot/share/spawn_robot/package.zsh'
[2.804s] Level 1:colcon.colcon_core.environment:create_file_with_runtime_dependencies(/home/user/ros2_ws/install/spawn_robot/share/colcon-core/packages/spawn_robot)
[2.805s] Level 1:colcon.colcon_core.environment:create_environment_scripts_only(spawn_solo)
[2.805s] DEBUG:colcon.colcon_core.event_handler.log_command:Invoked command in '/home/user/ros2_ws/build/spawn_solo' returned '0': CMAKE_PREFIX_PATH=${CMAKE_PREFIX_PATH}:/home/user/ros2_ws/install/joint_trajectory_publisher:/home/user/ros2_ws/install/joint_trajectory_demo _=/usr/bin/env /usr/bin/cmake --install /home/user/ros2_ws/build/spawn_solo
[2.806s] Level 1:colcon.colcon_core.environment:checking '/home/user/ros2_ws/install/spawn_solo' for CMake module files
[2.807s] Level 1:colcon.colcon_core.environment:checking '/home/user/ros2_ws/install/spawn_solo' for CMake config files
[2.807s] Level 1:colcon.colcon_core.shell:create_environment_hook('spawn_solo', 'cmake_prefix_path')
[2.807s] INFO:colcon.colcon_core.shell:Creating environment hook '/home/user/ros2_ws/install/spawn_solo/share/spawn_solo/hook/cmake_prefix_path.ps1'
[2.808s] INFO:colcon.colcon_core.shell:Creating environment descriptor '/home/user/ros2_ws/install/spawn_solo/share/spawn_solo/hook/cmake_prefix_path.dsv'
[2.808s] INFO:colcon.colcon_core.shell:Creating environment hook '/home/user/ros2_ws/install/spawn_solo/share/spawn_solo/hook/cmake_prefix_path.sh'
[2.809s] Level 1:colcon.colcon_core.environment:checking '/home/user/ros2_ws/install/spawn_solo/lib'
[2.809s] Level 1:colcon.colcon_core.environment:checking '/home/user/ros2_ws/install/spawn_solo/bin'
[2.809s] Level 1:colcon.colcon_core.environment:checking '/home/user/ros2_ws/install/spawn_solo/lib/pkgconfig/spawn_solo.pc'
[2.810s] Level 1:colcon.colcon_core.environment:checking '/home/user/ros2_ws/install/spawn_solo/lib/python3.12/site-packages'
[2.810s] Level 1:colcon.colcon_core.environment:checking '/home/user/ros2_ws/install/spawn_solo/bin'
[2.810s] INFO:colcon.colcon_core.shell:Creating package script '/home/user/ros2_ws/install/spawn_solo/share/spawn_solo/package.ps1'
[2.811s] INFO:colcon.colcon_core.shell:Creating package descriptor '/home/user/ros2_ws/install/spawn_solo/share/spawn_solo/package.dsv'
[2.811s] INFO:colcon.colcon_core.shell:Creating package script '/home/user/ros2_ws/install/spawn_solo/share/spawn_solo/package.sh'
[2.812s] INFO:colcon.colcon_core.shell:Creating package script '/home/user/ros2_ws/install/spawn_solo/share/spawn_solo/package.bash'
[2.812s] INFO:colcon.colcon_core.shell:Creating package script '/home/user/ros2_ws/install/spawn_solo/share/spawn_solo/package.zsh'
[2.813s] Level 1:colcon.colcon_core.environment:create_file_with_runtime_dependencies(/home/user/ros2_ws/install/spawn_solo/share/colcon-core/packages/spawn_solo)
[2.814s] Level 1:colcon.colcon_core.environment:create_environment_scripts_only(spawn_solo)
[2.814s] Level 1:colcon.colcon_core.environment:checking '/home/user/ros2_ws/install/spawn_solo' for CMake module files
[2.816s] Level 1:colcon.colcon_core.environment:checking '/home/user/ros2_ws/install/spawn_solo' for CMake config files
[2.816s] Level 1:colcon.colcon_core.shell:create_environment_hook('spawn_solo', 'cmake_prefix_path')
[2.816s] INFO:colcon.colcon_core.shell:Creating environment hook '/home/user/ros2_ws/install/spawn_solo/share/spawn_solo/hook/cmake_prefix_path.ps1'
[2.817s] INFO:colcon.colcon_core.shell:Creating environment descriptor '/home/user/ros2_ws/install/spawn_solo/share/spawn_solo/hook/cmake_prefix_path.dsv'
[2.817s] INFO:colcon.colcon_core.shell:Creating environment hook '/home/user/ros2_ws/install/spawn_solo/share/spawn_solo/hook/cmake_prefix_path.sh'
[2.818s] Level 1:colcon.colcon_core.environment:checking '/home/user/ros2_ws/install/spawn_solo/lib'
[2.818s] Level 1:colcon.colcon_core.environment:checking '/home/user/ros2_ws/install/spawn_solo/bin'
[2.818s] Level 1:colcon.colcon_core.environment:checking '/home/user/ros2_ws/install/spawn_solo/lib/pkgconfig/spawn_solo.pc'
[2.819s] Level 1:colcon.colcon_core.environment:checking '/home/user/ros2_ws/install/spawn_solo/lib/python3.12/site-packages'
[2.819s] Level 1:colcon.colcon_core.environment:checking '/home/user/ros2_ws/install/spawn_solo/bin'
[2.819s] INFO:colcon.colcon_core.shell:Creating package script '/home/user/ros2_ws/install/spawn_solo/share/spawn_solo/package.ps1'
[2.820s] INFO:colcon.colcon_core.shell:Creating package descriptor '/home/user/ros2_ws/install/spawn_solo/share/spawn_solo/package.dsv'
[2.820s] INFO:colcon.colcon_core.shell:Creating package script '/home/user/ros2_ws/install/spawn_solo/share/spawn_solo/package.sh'
[2.821s] INFO:colcon.colcon_core.shell:Creating package script '/home/user/ros2_ws/install/spawn_solo/share/spawn_solo/package.bash'
[2.822s] INFO:colcon.colcon_core.shell:Creating package script '/home/user/ros2_ws/install/spawn_solo/share/spawn_solo/package.zsh'
[2.822s] Level 1:colcon.colcon_core.environment:create_file_with_runtime_dependencies(/home/user/ros2_ws/install/spawn_solo/share/colcon-core/packages/spawn_solo)
[2.861s] DEBUG:colcon.colcon_core.event_handler.log_command:Invoking command in '/home/user/ros2_ws/build/dynamixel_workbench': CMAKE_PREFIX_PATH=/home/user/ros2_ws/install/dynamixel_workbench_toolbox:/home/user/ros2_ws/install/dynamixel_sdk:/home/user/ros2_ws/install/spawn_solo:/home/user/ros2_ws/install/spawn_robot:/home/user/ros2_ws/install/solo_description:/home/user/ros2_ws/install/rrbot_unit5:/home/user/ros2_ws/install/rrbot_unit4:/home/user/ros2_ws/install/rrbot_unit3:/home/user/ros2_ws/install/rrbot_unit2:/home/user/ros2_ws/install/rrbot_controller:/home/user/ros2_ws/install/my_robot_hardware_interface:/home/user/ros2_ws/install/my_robot_bringup:/home/user/ros2_ws/install/my_quadruped_bringup:/home/user/ros2_ws/install/dynamixel_workbench:/home/user/ros2_ws/install/dynamixel_hardware_interface:/home/user/ros2_ws/install/dynamixel_sdk_examples:/home/user/ros2_ws/install/dynamixel_sdk_custom_interfaces:/home/user/ros2_ws/install/diffbot_sim:/home/user/ros2_ws/install/diffbot_description:/home/simulations/ros2_sims_ws/install/unit6_simulation:/home/simulations/ros2_sims_ws/install/rrbot_sim:/home/simulations/ros2_sims_ws/install/rmw_cyclonedds_cpp:/home/simulations/ros2_sims_ws/install/cyclonedds:/opt/ros/jazzy/opt/gz_sim_vendor:/opt/ros/jazzy/opt/gz_sensors_vendor:/opt/ros/jazzy/opt/gz_physics_vendor:/opt/ros/jazzy/opt/sdformat_vendor:/opt/ros/jazzy/opt/gz_gui_vendor:/opt/ros/jazzy/opt/gz_transport_vendor:/opt/ros/jazzy/opt/gz_rendering_vendor:/opt/ros/jazzy/opt/gz_plugin_vendor:/opt/ros/jazzy/opt/gz_fuel_tools_vendor:/opt/ros/jazzy/opt/gz_msgs_vendor:/opt/ros/jazzy/opt/gz_common_vendor:/opt/ros/jazzy/opt/gz_math_vendor:/opt/ros/jazzy/opt/gz_utils_vendor:/opt/ros/jazzy/opt/gz_tools_vendor:/opt/ros/jazzy/opt/gz_ogre_next_vendor:/opt/ros/jazzy/opt/gz_dartsim_vendor:/opt/ros/jazzy/opt/gz_cmake_vendor:/opt/ros/jazzy:/opt/ros/jazzy:/home/user/ros2_ws/install/joint_trajectory_publisher:/home/user/ros2_ws/install/joint_trajectory_demo LD_LIBRARY_PATH=/home/user/ros2_ws/install/dynamixel_workbench_toolbox/lib:/home/user/ros2_ws/install/dynamixel_sdk/lib:/home/user/ros2_ws/install/rrbot_controller/lib:/home/user/ros2_ws/install/my_robot_hardware_interface/lib:/home/user/ros2_ws/install/dynamixel_hardware_interface/lib:/home/user/ros2_ws/install/dynamixel_sdk_custom_interfaces/lib:/home/simulations/ros2_sims_ws/install/rmw_cyclonedds_cpp/lib:/home/simulations/ros2_sims_ws/install/cyclonedds/lib:/home/user/catkin_ws/devel/lib:/home/simulations/public_sim_ws/devel/lib:/opt/ros/jazzy/lib:/opt/ros/jazzy/lib/x86_64-linux-gnu:/usr/local/cuda-10.2/lib64:/home/user/.catkin_ws_python3/src/TensorRT-7.0.0.11/lib:/home/user/catkin_ws/devel/lib:/home/simulations/public_sim_ws/devel/lib:/opt/ros/jazzy/lib:/opt/ros/jazzy/lib/x86_64-linux-gnu:/opt/ros/jazzy/opt/gz_sim_vendor/lib:/opt/ros/jazzy/opt/gz_sensors_vendor/lib:/opt/ros/jazzy/opt/gz_physics_vendor/lib:/opt/ros/jazzy/opt/sdformat_vendor/lib:/opt/ros/jazzy/opt/rviz_ogre_vendor/lib:/opt/ros/jazzy/lib/x86_64-linux-gnu:/opt/ros/jazzy/opt/gz_gui_vendor/lib:/opt/ros/jazzy/opt/gz_transport_vendor/lib:/opt/ros/jazzy/opt/gz_rendering_vendor/lib:/opt/ros/jazzy/opt/gz_plugin_vendor/lib:/opt/ros/jazzy/opt/gz_fuel_tools_vendor/lib:/opt/ros/jazzy/opt/gz_msgs_vendor/lib:/opt/ros/jazzy/opt/gz_common_vendor/lib:/opt/ros/jazzy/opt/gz_math_vendor/lib:/opt/ros/jazzy/opt/gz_utils_vendor/lib:/opt/ros/jazzy/opt/gz_tools_vendor/lib:/opt/ros/jazzy/opt/gz_ogre_next_vendor/lib:/opt/ros/jazzy/opt/gz_dartsim_vendor/lib:/opt/ros/jazzy/opt/gz_cmake_vendor/lib:/opt/ros/jazzy/lib:/usr/local/cuda-10.2/lib64:/home/user/.catkin_ws_python3/src/TensorRT-7.0.0.11/lib _=/usr/bin/env /usr/bin/cmake --build /home/user/ros2_ws/build/dynamixel_workbench -- -j8 -l8
[2.886s] DEBUG:colcon.colcon_core.event_handler.log_command:Invoked command in '/home/user/ros2_ws/build/dynamixel_hardware_interface' returned '0': CMAKE_PREFIX_PATH=/home/user/ros2_ws/install/dynamixel_workbench_toolbox:/home/user/ros2_ws/install/dynamixel_sdk:/home/user/ros2_ws/install/spawn_solo:/home/user/ros2_ws/install/spawn_robot:/home/user/ros2_ws/install/solo_description:/home/user/ros2_ws/install/rrbot_unit5:/home/user/ros2_ws/install/rrbot_unit4:/home/user/ros2_ws/install/rrbot_unit3:/home/user/ros2_ws/install/rrbot_unit2:/home/user/ros2_ws/install/rrbot_controller:/home/user/ros2_ws/install/my_robot_hardware_interface:/home/user/ros2_ws/install/my_robot_bringup:/home/user/ros2_ws/install/my_quadruped_bringup:/home/user/ros2_ws/install/dynamixel_workbench:/home/user/ros2_ws/install/dynamixel_hardware_interface:/home/user/ros2_ws/install/dynamixel_sdk_examples:/home/user/ros2_ws/install/dynamixel_sdk_custom_interfaces:/home/user/ros2_ws/install/diffbot_sim:/home/user/ros2_ws/install/diffbot_description:/home/simulations/ros2_sims_ws/install/unit6_simulation:/home/simulations/ros2_sims_ws/install/rrbot_sim:/home/simulations/ros2_sims_ws/install/rmw_cyclonedds_cpp:/home/simulations/ros2_sims_ws/install/cyclonedds:/opt/ros/jazzy/opt/gz_sim_vendor:/opt/ros/jazzy/opt/gz_sensors_vendor:/opt/ros/jazzy/opt/gz_physics_vendor:/opt/ros/jazzy/opt/sdformat_vendor:/opt/ros/jazzy/opt/gz_gui_vendor:/opt/ros/jazzy/opt/gz_transport_vendor:/opt/ros/jazzy/opt/gz_rendering_vendor:/opt/ros/jazzy/opt/gz_plugin_vendor:/opt/ros/jazzy/opt/gz_fuel_tools_vendor:/opt/ros/jazzy/opt/gz_msgs_vendor:/opt/ros/jazzy/opt/gz_common_vendor:/opt/ros/jazzy/opt/gz_math_vendor:/opt/ros/jazzy/opt/gz_utils_vendor:/opt/ros/jazzy/opt/gz_tools_vendor:/opt/ros/jazzy/opt/gz_ogre_next_vendor:/opt/ros/jazzy/opt/gz_dartsim_vendor:/opt/ros/jazzy/opt/gz_cmake_vendor:/opt/ros/jazzy:/opt/ros/jazzy:/home/user/ros2_ws/install/joint_trajectory_publisher:/home/user/ros2_ws/install/joint_trajectory_demo LD_LIBRARY_PATH=/home/user/ros2_ws/install/dynamixel_workbench_toolbox/lib:/home/user/ros2_ws/install/dynamixel_sdk/lib:/home/user/ros2_ws/install/rrbot_controller/lib:/home/user/ros2_ws/install/my_robot_hardware_interface/lib:/home/user/ros2_ws/install/dynamixel_hardware_interface/lib:/home/user/ros2_ws/install/dynamixel_sdk_custom_interfaces/lib:/home/simulations/ros2_sims_ws/install/rmw_cyclonedds_cpp/lib:/home/simulations/ros2_sims_ws/install/cyclonedds/lib:/home/user/catkin_ws/devel/lib:/home/simulations/public_sim_ws/devel/lib:/opt/ros/jazzy/lib:/opt/ros/jazzy/lib/x86_64-linux-gnu:/usr/local/cuda-10.2/lib64:/home/user/.catkin_ws_python3/src/TensorRT-7.0.0.11/lib:/home/user/catkin_ws/devel/lib:/home/simulations/public_sim_ws/devel/lib:/opt/ros/jazzy/lib:/opt/ros/jazzy/lib/x86_64-linux-gnu:/opt/ros/jazzy/opt/gz_sim_vendor/lib:/opt/ros/jazzy/opt/gz_sensors_vendor/lib:/opt/ros/jazzy/opt/gz_physics_vendor/lib:/opt/ros/jazzy/opt/sdformat_vendor/lib:/opt/ros/jazzy/opt/rviz_ogre_vendor/lib:/opt/ros/jazzy/lib/x86_64-linux-gnu:/opt/ros/jazzy/opt/gz_gui_vendor/lib:/opt/ros/jazzy/opt/gz_transport_vendor/lib:/opt/ros/jazzy/opt/gz_rendering_vendor/lib:/opt/ros/jazzy/opt/gz_plugin_vendor/lib:/opt/ros/jazzy/opt/gz_fuel_tools_vendor/lib:/opt/ros/jazzy/opt/gz_msgs_vendor/lib:/opt/ros/jazzy/opt/gz_common_vendor/lib:/opt/ros/jazzy/opt/gz_math_vendor/lib:/opt/ros/jazzy/opt/gz_utils_vendor/lib:/opt/ros/jazzy/opt/gz_tools_vendor/lib:/opt/ros/jazzy/opt/gz_ogre_next_vendor/lib:/opt/ros/jazzy/opt/gz_dartsim_vendor/lib:/opt/ros/jazzy/opt/gz_cmake_vendor/lib:/opt/ros/jazzy/lib:/usr/local/cuda-10.2/lib64:/home/user/.catkin_ws_python3/src/TensorRT-7.0.0.11/lib _=/usr/bin/env /usr/bin/cmake --build /home/user/ros2_ws/build/dynamixel_hardware_interface -- -j8 -l8
[2.887s] DEBUG:colcon.colcon_core.event_handler.log_command:Invoking command in '/home/user/ros2_ws/build/dynamixel_hardware_interface': CMAKE_PREFIX_PATH=/home/user/ros2_ws/install/dynamixel_workbench_toolbox:/home/user/ros2_ws/install/dynamixel_sdk:/home/user/ros2_ws/install/spawn_solo:/home/user/ros2_ws/install/spawn_robot:/home/user/ros2_ws/install/solo_description:/home/user/ros2_ws/install/rrbot_unit5:/home/user/ros2_ws/install/rrbot_unit4:/home/user/ros2_ws/install/rrbot_unit3:/home/user/ros2_ws/install/rrbot_unit2:/home/user/ros2_ws/install/rrbot_controller:/home/user/ros2_ws/install/my_robot_hardware_interface:/home/user/ros2_ws/install/my_robot_bringup:/home/user/ros2_ws/install/my_quadruped_bringup:/home/user/ros2_ws/install/dynamixel_workbench:/home/user/ros2_ws/install/dynamixel_hardware_interface:/home/user/ros2_ws/install/dynamixel_sdk_examples:/home/user/ros2_ws/install/dynamixel_sdk_custom_interfaces:/home/user/ros2_ws/install/diffbot_sim:/home/user/ros2_ws/install/diffbot_description:/home/simulations/ros2_sims_ws/install/unit6_simulation:/home/simulations/ros2_sims_ws/install/rrbot_sim:/home/simulations/ros2_sims_ws/install/rmw_cyclonedds_cpp:/home/simulations/ros2_sims_ws/install/cyclonedds:/opt/ros/jazzy/opt/gz_sim_vendor:/opt/ros/jazzy/opt/gz_sensors_vendor:/opt/ros/jazzy/opt/gz_physics_vendor:/opt/ros/jazzy/opt/sdformat_vendor:/opt/ros/jazzy/opt/gz_gui_vendor:/opt/ros/jazzy/opt/gz_transport_vendor:/opt/ros/jazzy/opt/gz_rendering_vendor:/opt/ros/jazzy/opt/gz_plugin_vendor:/opt/ros/jazzy/opt/gz_fuel_tools_vendor:/opt/ros/jazzy/opt/gz_msgs_vendor:/opt/ros/jazzy/opt/gz_common_vendor:/opt/ros/jazzy/opt/gz_math_vendor:/opt/ros/jazzy/opt/gz_utils_vendor:/opt/ros/jazzy/opt/gz_tools_vendor:/opt/ros/jazzy/opt/gz_ogre_next_vendor:/opt/ros/jazzy/opt/gz_dartsim_vendor:/opt/ros/jazzy/opt/gz_cmake_vendor:/opt/ros/jazzy:/opt/ros/jazzy:/home/user/ros2_ws/install/joint_trajectory_publisher:/home/user/ros2_ws/install/joint_trajectory_demo LD_LIBRARY_PATH=/home/user/ros2_ws/install/dynamixel_workbench_toolbox/lib:/home/user/ros2_ws/install/dynamixel_sdk/lib:/home/user/ros2_ws/install/rrbot_controller/lib:/home/user/ros2_ws/install/my_robot_hardware_interface/lib:/home/user/ros2_ws/install/dynamixel_hardware_interface/lib:/home/user/ros2_ws/install/dynamixel_sdk_custom_interfaces/lib:/home/simulations/ros2_sims_ws/install/rmw_cyclonedds_cpp/lib:/home/simulations/ros2_sims_ws/install/cyclonedds/lib:/home/user/catkin_ws/devel/lib:/home/simulations/public_sim_ws/devel/lib:/opt/ros/jazzy/lib:/opt/ros/jazzy/lib/x86_64-linux-gnu:/usr/local/cuda-10.2/lib64:/home/user/.catkin_ws_python3/src/TensorRT-7.0.0.11/lib:/home/user/catkin_ws/devel/lib:/home/simulations/public_sim_ws/devel/lib:/opt/ros/jazzy/lib:/opt/ros/jazzy/lib/x86_64-linux-gnu:/opt/ros/jazzy/opt/gz_sim_vendor/lib:/opt/ros/jazzy/opt/gz_sensors_vendor/lib:/opt/ros/jazzy/opt/gz_physics_vendor/lib:/opt/ros/jazzy/opt/sdformat_vendor/lib:/opt/ros/jazzy/opt/rviz_ogre_vendor/lib:/opt/ros/jazzy/lib/x86_64-linux-gnu:/opt/ros/jazzy/opt/gz_gui_vendor/lib:/opt/ros/jazzy/opt/gz_transport_vendor/lib:/opt/ros/jazzy/opt/gz_rendering_vendor/lib:/opt/ros/jazzy/opt/gz_plugin_vendor/lib:/opt/ros/jazzy/opt/gz_fuel_tools_vendor/lib:/opt/ros/jazzy/opt/gz_msgs_vendor/lib:/opt/ros/jazzy/opt/gz_common_vendor/lib:/opt/ros/jazzy/opt/gz_math_vendor/lib:/opt/ros/jazzy/opt/gz_utils_vendor/lib:/opt/ros/jazzy/opt/gz_tools_vendor/lib:/opt/ros/jazzy/opt/gz_ogre_next_vendor/lib:/opt/ros/jazzy/opt/gz_dartsim_vendor/lib:/opt/ros/jazzy/opt/gz_cmake_vendor/lib:/opt/ros/jazzy/lib:/usr/local/cuda-10.2/lib64:/home/user/.catkin_ws_python3/src/TensorRT-7.0.0.11/lib _=/usr/bin/env /usr/bin/cmake --install /home/user/ros2_ws/build/dynamixel_hardware_interface
[2.917s] Level 1:colcon.colcon_core.environment:create_environment_scripts_only(dynamixel_hardware_interface)
[2.918s] Level 1:colcon.colcon_core.environment:checking '/home/user/ros2_ws/install/dynamixel_hardware_interface' for CMake module files
[2.919s] Level 1:colcon.colcon_core.environment:checking '/home/user/ros2_ws/install/dynamixel_hardware_interface' for CMake config files
[2.919s] Level 1:colcon.colcon_core.shell:create_environment_hook('dynamixel_hardware_interface', 'cmake_prefix_path')
[2.919s] INFO:colcon.colcon_core.shell:Creating environment hook '/home/user/ros2_ws/install/dynamixel_hardware_interface/share/dynamixel_hardware_interface/hook/cmake_prefix_path.ps1'
[2.920s] INFO:colcon.colcon_core.shell:Creating environment descriptor '/home/user/ros2_ws/install/dynamixel_hardware_interface/share/dynamixel_hardware_interface/hook/cmake_prefix_path.dsv'
[2.921s] INFO:colcon.colcon_core.shell:Creating environment hook '/home/user/ros2_ws/install/dynamixel_hardware_interface/share/dynamixel_hardware_interface/hook/cmake_prefix_path.sh'
[2.921s] Level 1:colcon.colcon_core.environment:checking '/home/user/ros2_ws/install/dynamixel_hardware_interface/lib'
[2.922s] Level 1:colcon.colcon_core.shell:create_environment_hook('dynamixel_hardware_interface', 'ld_library_path_lib')
[2.922s] INFO:colcon.colcon_core.shell:Creating environment hook '/home/user/ros2_ws/install/dynamixel_hardware_interface/share/dynamixel_hardware_interface/hook/ld_library_path_lib.ps1'
[2.922s] INFO:colcon.colcon_core.shell:Creating environment descriptor '/home/user/ros2_ws/install/dynamixel_hardware_interface/share/dynamixel_hardware_interface/hook/ld_library_path_lib.dsv'
[2.923s] INFO:colcon.colcon_core.shell:Creating environment hook '/home/user/ros2_ws/install/dynamixel_hardware_interface/share/dynamixel_hardware_interface/hook/ld_library_path_lib.sh'
[2.923s] Level 1:colcon.colcon_core.environment:checking '/home/user/ros2_ws/install/dynamixel_hardware_interface/bin'
[2.923s] Level 1:colcon.colcon_core.environment:checking '/home/user/ros2_ws/install/dynamixel_hardware_interface/lib/pkgconfig/dynamixel_hardware_interface.pc'
[2.924s] Level 1:colcon.colcon_core.environment:checking '/home/user/ros2_ws/install/dynamixel_hardware_interface/lib/python3.12/site-packages'
[2.924s] Level 1:colcon.colcon_core.environment:checking '/home/user/ros2_ws/install/dynamixel_hardware_interface/bin'
[2.924s] INFO:colcon.colcon_core.shell:Creating package script '/home/user/ros2_ws/install/dynamixel_hardware_interface/share/dynamixel_hardware_interface/package.ps1'
[2.925s] INFO:colcon.colcon_core.shell:Creating package descriptor '/home/user/ros2_ws/install/dynamixel_hardware_interface/share/dynamixel_hardware_interface/package.dsv'
[2.926s] INFO:colcon.colcon_core.shell:Creating package script '/home/user/ros2_ws/install/dynamixel_hardware_interface/share/dynamixel_hardware_interface/package.sh'
[2.927s] DEBUG:colcon.colcon_core.event_handler.log_command:Invoked command in '/home/user/ros2_ws/build/dynamixel_hardware_interface' returned '0': CMAKE_PREFIX_PATH=/home/user/ros2_ws/install/dynamixel_workbench_toolbox:/home/user/ros2_ws/install/dynamixel_sdk:/home/user/ros2_ws/install/spawn_solo:/home/user/ros2_ws/install/spawn_robot:/home/user/ros2_ws/install/solo_description:/home/user/ros2_ws/install/rrbot_unit5:/home/user/ros2_ws/install/rrbot_unit4:/home/user/ros2_ws/install/rrbot_unit3:/home/user/ros2_ws/install/rrbot_unit2:/home/user/ros2_ws/install/rrbot_controller:/home/user/ros2_ws/install/my_robot_hardware_interface:/home/user/ros2_ws/install/my_robot_bringup:/home/user/ros2_ws/install/my_quadruped_bringup:/home/user/ros2_ws/install/dynamixel_workbench:/home/user/ros2_ws/install/dynamixel_hardware_interface:/home/user/ros2_ws/install/dynamixel_sdk_examples:/home/user/ros2_ws/install/dynamixel_sdk_custom_interfaces:/home/user/ros2_ws/install/diffbot_sim:/home/user/ros2_ws/install/diffbot_description:/home/simulations/ros2_sims_ws/install/unit6_simulation:/home/simulations/ros2_sims_ws/install/rrbot_sim:/home/simulations/ros2_sims_ws/install/rmw_cyclonedds_cpp:/home/simulations/ros2_sims_ws/install/cyclonedds:/opt/ros/jazzy/opt/gz_sim_vendor:/opt/ros/jazzy/opt/gz_sensors_vendor:/opt/ros/jazzy/opt/gz_physics_vendor:/opt/ros/jazzy/opt/sdformat_vendor:/opt/ros/jazzy/opt/gz_gui_vendor:/opt/ros/jazzy/opt/gz_transport_vendor:/opt/ros/jazzy/opt/gz_rendering_vendor:/opt/ros/jazzy/opt/gz_plugin_vendor:/opt/ros/jazzy/opt/gz_fuel_tools_vendor:/opt/ros/jazzy/opt/gz_msgs_vendor:/opt/ros/jazzy/opt/gz_common_vendor:/opt/ros/jazzy/opt/gz_math_vendor:/opt/ros/jazzy/opt/gz_utils_vendor:/opt/ros/jazzy/opt/gz_tools_vendor:/opt/ros/jazzy/opt/gz_ogre_next_vendor:/opt/ros/jazzy/opt/gz_dartsim_vendor:/opt/ros/jazzy/opt/gz_cmake_vendor:/opt/ros/jazzy:/opt/ros/jazzy:/home/user/ros2_ws/install/joint_trajectory_publisher:/home/user/ros2_ws/install/joint_trajectory_demo LD_LIBRARY_PATH=/home/user/ros2_ws/install/dynamixel_workbench_toolbox/lib:/home/user/ros2_ws/install/dynamixel_sdk/lib:/home/user/ros2_ws/install/rrbot_controller/lib:/home/user/ros2_ws/install/my_robot_hardware_interface/lib:/home/user/ros2_ws/install/dynamixel_hardware_interface/lib:/home/user/ros2_ws/install/dynamixel_sdk_custom_interfaces/lib:/home/simulations/ros2_sims_ws/install/rmw_cyclonedds_cpp/lib:/home/simulations/ros2_sims_ws/install/cyclonedds/lib:/home/user/catkin_ws/devel/lib:/home/simulations/public_sim_ws/devel/lib:/opt/ros/jazzy/lib:/opt/ros/jazzy/lib/x86_64-linux-gnu:/usr/local/cuda-10.2/lib64:/home/user/.catkin_ws_python3/src/TensorRT-7.0.0.11/lib:/home/user/catkin_ws/devel/lib:/home/simulations/public_sim_ws/devel/lib:/opt/ros/jazzy/lib:/opt/ros/jazzy/lib/x86_64-linux-gnu:/opt/ros/jazzy/opt/gz_sim_vendor/lib:/opt/ros/jazzy/opt/gz_sensors_vendor/lib:/opt/ros/jazzy/opt/gz_physics_vendor/lib:/opt/ros/jazzy/opt/sdformat_vendor/lib:/opt/ros/jazzy/opt/rviz_ogre_vendor/lib:/opt/ros/jazzy/lib/x86_64-linux-gnu:/opt/ros/jazzy/opt/gz_gui_vendor/lib:/opt/ros/jazzy/opt/gz_transport_vendor/lib:/opt/ros/jazzy/opt/gz_rendering_vendor/lib:/opt/ros/jazzy/opt/gz_plugin_vendor/lib:/opt/ros/jazzy/opt/gz_fuel_tools_vendor/lib:/opt/ros/jazzy/opt/gz_msgs_vendor/lib:/opt/ros/jazzy/opt/gz_common_vendor/lib:/opt/ros/jazzy/opt/gz_math_vendor/lib:/opt/ros/jazzy/opt/gz_utils_vendor/lib:/opt/ros/jazzy/opt/gz_tools_vendor/lib:/opt/ros/jazzy/opt/gz_ogre_next_vendor/lib:/opt/ros/jazzy/opt/gz_dartsim_vendor/lib:/opt/ros/jazzy/opt/gz_cmake_vendor/lib:/opt/ros/jazzy/lib:/usr/local/cuda-10.2/lib64:/home/user/.catkin_ws_python3/src/TensorRT-7.0.0.11/lib _=/usr/bin/env /usr/bin/cmake --install /home/user/ros2_ws/build/dynamixel_hardware_interface
[2.928s] INFO:colcon.colcon_core.shell:Creating package script '/home/user/ros2_ws/install/dynamixel_hardware_interface/share/dynamixel_hardware_interface/package.bash'
[2.928s] INFO:colcon.colcon_core.shell:Creating package script '/home/user/ros2_ws/install/dynamixel_hardware_interface/share/dynamixel_hardware_interface/package.zsh'
[2.929s] Level 1:colcon.colcon_core.environment:create_file_with_runtime_dependencies(/home/user/ros2_ws/install/dynamixel_hardware_interface/share/colcon-core/packages/dynamixel_hardware_interface)
[2.930s] Level 1:colcon.colcon_core.environment:create_environment_scripts_only(dynamixel_hardware_interface)
[2.930s] Level 1:colcon.colcon_core.environment:checking '/home/user/ros2_ws/install/dynamixel_hardware_interface' for CMake module files
[2.931s] Level 1:colcon.colcon_core.environment:checking '/home/user/ros2_ws/install/dynamixel_hardware_interface' for CMake config files
[2.932s] Level 1:colcon.colcon_core.shell:create_environment_hook('dynamixel_hardware_interface', 'cmake_prefix_path')
[2.932s] INFO:colcon.colcon_core.shell:Creating environment hook '/home/user/ros2_ws/install/dynamixel_hardware_interface/share/dynamixel_hardware_interface/hook/cmake_prefix_path.ps1'
[2.933s] INFO:colcon.colcon_core.shell:Creating environment descriptor '/home/user/ros2_ws/install/dynamixel_hardware_interface/share/dynamixel_hardware_interface/hook/cmake_prefix_path.dsv'
[2.933s] INFO:colcon.colcon_core.shell:Creating environment hook '/home/user/ros2_ws/install/dynamixel_hardware_interface/share/dynamixel_hardware_interface/hook/cmake_prefix_path.sh'
[2.934s] Level 1:colcon.colcon_core.environment:checking '/home/user/ros2_ws/install/dynamixel_hardware_interface/lib'
[2.935s] Level 1:colcon.colcon_core.shell:create_environment_hook('dynamixel_hardware_interface', 'ld_library_path_lib')
[2.935s] INFO:colcon.colcon_core.shell:Creating environment hook '/home/user/ros2_ws/install/dynamixel_hardware_interface/share/dynamixel_hardware_interface/hook/ld_library_path_lib.ps1'
[2.935s] INFO:colcon.colcon_core.shell:Creating environment descriptor '/home/user/ros2_ws/install/dynamixel_hardware_interface/share/dynamixel_hardware_interface/hook/ld_library_path_lib.dsv'
[2.936s] INFO:colcon.colcon_core.shell:Creating environment hook '/home/user/ros2_ws/install/dynamixel_hardware_interface/share/dynamixel_hardware_interface/hook/ld_library_path_lib.sh'
[2.937s] Level 1:colcon.colcon_core.environment:checking '/home/user/ros2_ws/install/dynamixel_hardware_interface/bin'
[2.937s] Level 1:colcon.colcon_core.environment:checking '/home/user/ros2_ws/install/dynamixel_hardware_interface/lib/pkgconfig/dynamixel_hardware_interface.pc'
[2.937s] Level 1:colcon.colcon_core.environment:checking '/home/user/ros2_ws/install/dynamixel_hardware_interface/lib/python3.12/site-packages'
[2.938s] Level 1:colcon.colcon_core.environment:checking '/home/user/ros2_ws/install/dynamixel_hardware_interface/bin'
[2.938s] INFO:colcon.colcon_core.shell:Creating package script '/home/user/ros2_ws/install/dynamixel_hardware_interface/share/dynamixel_hardware_interface/package.ps1'
[2.939s] INFO:colcon.colcon_core.shell:Creating package descriptor '/home/user/ros2_ws/install/dynamixel_hardware_interface/share/dynamixel_hardware_interface/package.dsv'
[2.940s] INFO:colcon.colcon_core.shell:Creating package script '/home/user/ros2_ws/install/dynamixel_hardware_interface/share/dynamixel_hardware_interface/package.sh'
[2.941s] INFO:colcon.colcon_core.shell:Creating package script '/home/user/ros2_ws/install/dynamixel_hardware_interface/share/dynamixel_hardware_interface/package.bash'
[2.942s] INFO:colcon.colcon_core.shell:Creating package script '/home/user/ros2_ws/install/dynamixel_hardware_interface/share/dynamixel_hardware_interface/package.zsh'
[2.942s] Level 1:colcon.colcon_core.environment:create_file_with_runtime_dependencies(/home/user/ros2_ws/install/dynamixel_hardware_interface/share/colcon-core/packages/dynamixel_hardware_interface)
[2.945s] DEBUG:colcon.colcon_core.event_handler.log_command:Invoked command in '/home/user/ros2_ws/build/dynamixel_sdk_examples' returned '0': CMAKE_PREFIX_PATH=/home/user/ros2_ws/install/dynamixel_sdk_custom_interfaces:/home/user/ros2_ws/install/dynamixel_sdk:/home/user/ros2_ws/install/spawn_solo:/home/user/ros2_ws/install/spawn_robot:/home/user/ros2_ws/install/solo_description:/home/user/ros2_ws/install/rrbot_unit5:/home/user/ros2_ws/install/rrbot_unit4:/home/user/ros2_ws/install/rrbot_unit3:/home/user/ros2_ws/install/rrbot_unit2:/home/user/ros2_ws/install/rrbot_controller:/home/user/ros2_ws/install/my_robot_hardware_interface:/home/user/ros2_ws/install/my_robot_bringup:/home/user/ros2_ws/install/my_quadruped_bringup:/home/user/ros2_ws/install/dynamixel_workbench:/home/user/ros2_ws/install/dynamixel_hardware_interface:/home/user/ros2_ws/install/dynamixel_workbench_toolbox:/home/user/ros2_ws/install/dynamixel_sdk_examples:/home/user/ros2_ws/install/diffbot_sim:/home/user/ros2_ws/install/diffbot_description:/home/simulations/ros2_sims_ws/install/unit6_simulation:/home/simulations/ros2_sims_ws/install/rrbot_sim:/home/simulations/ros2_sims_ws/install/rmw_cyclonedds_cpp:/home/simulations/ros2_sims_ws/install/cyclonedds:/opt/ros/jazzy/opt/gz_sim_vendor:/opt/ros/jazzy/opt/gz_sensors_vendor:/opt/ros/jazzy/opt/gz_physics_vendor:/opt/ros/jazzy/opt/sdformat_vendor:/opt/ros/jazzy/opt/gz_gui_vendor:/opt/ros/jazzy/opt/gz_transport_vendor:/opt/ros/jazzy/opt/gz_rendering_vendor:/opt/ros/jazzy/opt/gz_plugin_vendor:/opt/ros/jazzy/opt/gz_fuel_tools_vendor:/opt/ros/jazzy/opt/gz_msgs_vendor:/opt/ros/jazzy/opt/gz_common_vendor:/opt/ros/jazzy/opt/gz_math_vendor:/opt/ros/jazzy/opt/gz_utils_vendor:/opt/ros/jazzy/opt/gz_tools_vendor:/opt/ros/jazzy/opt/gz_ogre_next_vendor:/opt/ros/jazzy/opt/gz_dartsim_vendor:/opt/ros/jazzy/opt/gz_cmake_vendor:/opt/ros/jazzy:/opt/ros/jazzy:/home/user/ros2_ws/install/joint_trajectory_publisher:/home/user/ros2_ws/install/joint_trajectory_demo LD_LIBRARY_PATH=/home/user/ros2_ws/install/dynamixel_sdk_custom_interfaces/lib:/home/user/ros2_ws/install/dynamixel_sdk/lib:/home/user/ros2_ws/install/rrbot_controller/lib:/home/user/ros2_ws/install/my_robot_hardware_interface/lib:/home/user/ros2_ws/install/dynamixel_hardware_interface/lib:/home/user/ros2_ws/install/dynamixel_workbench_toolbox/lib:/home/simulations/ros2_sims_ws/install/rmw_cyclonedds_cpp/lib:/home/simulations/ros2_sims_ws/install/cyclonedds/lib:/home/user/catkin_ws/devel/lib:/home/simulations/public_sim_ws/devel/lib:/opt/ros/jazzy/lib:/opt/ros/jazzy/lib/x86_64-linux-gnu:/usr/local/cuda-10.2/lib64:/home/user/.catkin_ws_python3/src/TensorRT-7.0.0.11/lib:/home/user/catkin_ws/devel/lib:/home/simulations/public_sim_ws/devel/lib:/opt/ros/jazzy/lib:/opt/ros/jazzy/lib/x86_64-linux-gnu:/opt/ros/jazzy/opt/gz_sim_vendor/lib:/opt/ros/jazzy/opt/gz_sensors_vendor/lib:/opt/ros/jazzy/opt/gz_physics_vendor/lib:/opt/ros/jazzy/opt/sdformat_vendor/lib:/opt/ros/jazzy/opt/rviz_ogre_vendor/lib:/opt/ros/jazzy/lib/x86_64-linux-gnu:/opt/ros/jazzy/opt/gz_gui_vendor/lib:/opt/ros/jazzy/opt/gz_transport_vendor/lib:/opt/ros/jazzy/opt/gz_rendering_vendor/lib:/opt/ros/jazzy/opt/gz_plugin_vendor/lib:/opt/ros/jazzy/opt/gz_fuel_tools_vendor/lib:/opt/ros/jazzy/opt/gz_msgs_vendor/lib:/opt/ros/jazzy/opt/gz_common_vendor/lib:/opt/ros/jazzy/opt/gz_math_vendor/lib:/opt/ros/jazzy/opt/gz_utils_vendor/lib:/opt/ros/jazzy/opt/gz_tools_vendor/lib:/opt/ros/jazzy/opt/gz_ogre_next_vendor/lib:/opt/ros/jazzy/opt/gz_dartsim_vendor/lib:/opt/ros/jazzy/opt/gz_cmake_vendor/lib:/opt/ros/jazzy/lib:/usr/local/cuda-10.2/lib64:/home/user/.catkin_ws_python3/src/TensorRT-7.0.0.11/lib PYTHONPATH=/home/user/ros2_ws/install/dynamixel_sdk_custom_interfaces/lib/python3.12/site-packages:/home/user/ros2_ws/install/joint_trajectory_publisher/lib/python3.12/site-packages:/home/user/ros2_ws/install/joint_trajectory_demo/lib/python3.12/site-packages:/opt/ros/jazzy/lib/python3.12/site-packages:/home/simulations/public_sim_ws/src/all/ros_basics_examples/python_course_class:/home/simulations/public_sim_ws/src/ros_basics_examples/python_course_class:/home/simulations/public_sim_ws/src/all/kinematics_course_utils/kinematics _=/usr/bin/env /usr/bin/cmake --build /home/user/ros2_ws/build/dynamixel_sdk_examples -- -j8 -l8
[2.946s] DEBUG:colcon.colcon_core.event_handler.log_command:Invoking command in '/home/user/ros2_ws/build/dynamixel_sdk_examples': CMAKE_PREFIX_PATH=/home/user/ros2_ws/install/dynamixel_sdk_custom_interfaces:/home/user/ros2_ws/install/dynamixel_sdk:/home/user/ros2_ws/install/spawn_solo:/home/user/ros2_ws/install/spawn_robot:/home/user/ros2_ws/install/solo_description:/home/user/ros2_ws/install/rrbot_unit5:/home/user/ros2_ws/install/rrbot_unit4:/home/user/ros2_ws/install/rrbot_unit3:/home/user/ros2_ws/install/rrbot_unit2:/home/user/ros2_ws/install/rrbot_controller:/home/user/ros2_ws/install/my_robot_hardware_interface:/home/user/ros2_ws/install/my_robot_bringup:/home/user/ros2_ws/install/my_quadruped_bringup:/home/user/ros2_ws/install/dynamixel_workbench:/home/user/ros2_ws/install/dynamixel_hardware_interface:/home/user/ros2_ws/install/dynamixel_workbench_toolbox:/home/user/ros2_ws/install/dynamixel_sdk_examples:/home/user/ros2_ws/install/diffbot_sim:/home/user/ros2_ws/install/diffbot_description:/home/simulations/ros2_sims_ws/install/unit6_simulation:/home/simulations/ros2_sims_ws/install/rrbot_sim:/home/simulations/ros2_sims_ws/install/rmw_cyclonedds_cpp:/home/simulations/ros2_sims_ws/install/cyclonedds:/opt/ros/jazzy/opt/gz_sim_vendor:/opt/ros/jazzy/opt/gz_sensors_vendor:/opt/ros/jazzy/opt/gz_physics_vendor:/opt/ros/jazzy/opt/sdformat_vendor:/opt/ros/jazzy/opt/gz_gui_vendor:/opt/ros/jazzy/opt/gz_transport_vendor:/opt/ros/jazzy/opt/gz_rendering_vendor:/opt/ros/jazzy/opt/gz_plugin_vendor:/opt/ros/jazzy/opt/gz_fuel_tools_vendor:/opt/ros/jazzy/opt/gz_msgs_vendor:/opt/ros/jazzy/opt/gz_common_vendor:/opt/ros/jazzy/opt/gz_math_vendor:/opt/ros/jazzy/opt/gz_utils_vendor:/opt/ros/jazzy/opt/gz_tools_vendor:/opt/ros/jazzy/opt/gz_ogre_next_vendor:/opt/ros/jazzy/opt/gz_dartsim_vendor:/opt/ros/jazzy/opt/gz_cmake_vendor:/opt/ros/jazzy:/opt/ros/jazzy:/home/user/ros2_ws/install/joint_trajectory_publisher:/home/user/ros2_ws/install/joint_trajectory_demo LD_LIBRARY_PATH=/home/user/ros2_ws/install/dynamixel_sdk_custom_interfaces/lib:/home/user/ros2_ws/install/dynamixel_sdk/lib:/home/user/ros2_ws/install/rrbot_controller/lib:/home/user/ros2_ws/install/my_robot_hardware_interface/lib:/home/user/ros2_ws/install/dynamixel_hardware_interface/lib:/home/user/ros2_ws/install/dynamixel_workbench_toolbox/lib:/home/simulations/ros2_sims_ws/install/rmw_cyclonedds_cpp/lib:/home/simulations/ros2_sims_ws/install/cyclonedds/lib:/home/user/catkin_ws/devel/lib:/home/simulations/public_sim_ws/devel/lib:/opt/ros/jazzy/lib:/opt/ros/jazzy/lib/x86_64-linux-gnu:/usr/local/cuda-10.2/lib64:/home/user/.catkin_ws_python3/src/TensorRT-7.0.0.11/lib:/home/user/catkin_ws/devel/lib:/home/simulations/public_sim_ws/devel/lib:/opt/ros/jazzy/lib:/opt/ros/jazzy/lib/x86_64-linux-gnu:/opt/ros/jazzy/opt/gz_sim_vendor/lib:/opt/ros/jazzy/opt/gz_sensors_vendor/lib:/opt/ros/jazzy/opt/gz_physics_vendor/lib:/opt/ros/jazzy/opt/sdformat_vendor/lib:/opt/ros/jazzy/opt/rviz_ogre_vendor/lib:/opt/ros/jazzy/lib/x86_64-linux-gnu:/opt/ros/jazzy/opt/gz_gui_vendor/lib:/opt/ros/jazzy/opt/gz_transport_vendor/lib:/opt/ros/jazzy/opt/gz_rendering_vendor/lib:/opt/ros/jazzy/opt/gz_plugin_vendor/lib:/opt/ros/jazzy/opt/gz_fuel_tools_vendor/lib:/opt/ros/jazzy/opt/gz_msgs_vendor/lib:/opt/ros/jazzy/opt/gz_common_vendor/lib:/opt/ros/jazzy/opt/gz_math_vendor/lib:/opt/ros/jazzy/opt/gz_utils_vendor/lib:/opt/ros/jazzy/opt/gz_tools_vendor/lib:/opt/ros/jazzy/opt/gz_ogre_next_vendor/lib:/opt/ros/jazzy/opt/gz_dartsim_vendor/lib:/opt/ros/jazzy/opt/gz_cmake_vendor/lib:/opt/ros/jazzy/lib:/usr/local/cuda-10.2/lib64:/home/user/.catkin_ws_python3/src/TensorRT-7.0.0.11/lib PYTHONPATH=/home/user/ros2_ws/install/dynamixel_sdk_custom_interfaces/lib/python3.12/site-packages:/home/user/ros2_ws/install/joint_trajectory_publisher/lib/python3.12/site-packages:/home/user/ros2_ws/install/joint_trajectory_demo/lib/python3.12/site-packages:/opt/ros/jazzy/lib/python3.12/site-packages:/home/simulations/public_sim_ws/src/all/ros_basics_examples/python_course_class:/home/simulations/public_sim_ws/src/ros_basics_examples/python_course_class:/home/simulations/public_sim_ws/src/all/kinematics_course_utils/kinematics _=/usr/bin/env /usr/bin/cmake --install /home/user/ros2_ws/build/dynamixel_sdk_examples
[2.972s] Level 1:colcon.colcon_core.environment:create_environment_scripts_only(dynamixel_sdk_examples)
[2.973s] Level 1:colcon.colcon_core.environment:checking '/home/user/ros2_ws/install/dynamixel_sdk_examples' for CMake module files
[2.974s] DEBUG:colcon.colcon_core.event_handler.log_command:Invoked command in '/home/user/ros2_ws/build/dynamixel_sdk_examples' returned '0': CMAKE_PREFIX_PATH=/home/user/ros2_ws/install/dynamixel_sdk_custom_interfaces:/home/user/ros2_ws/install/dynamixel_sdk:/home/user/ros2_ws/install/spawn_solo:/home/user/ros2_ws/install/spawn_robot:/home/user/ros2_ws/install/solo_description:/home/user/ros2_ws/install/rrbot_unit5:/home/user/ros2_ws/install/rrbot_unit4:/home/user/ros2_ws/install/rrbot_unit3:/home/user/ros2_ws/install/rrbot_unit2:/home/user/ros2_ws/install/rrbot_controller:/home/user/ros2_ws/install/my_robot_hardware_interface:/home/user/ros2_ws/install/my_robot_bringup:/home/user/ros2_ws/install/my_quadruped_bringup:/home/user/ros2_ws/install/dynamixel_workbench:/home/user/ros2_ws/install/dynamixel_hardware_interface:/home/user/ros2_ws/install/dynamixel_workbench_toolbox:/home/user/ros2_ws/install/dynamixel_sdk_examples:/home/user/ros2_ws/install/diffbot_sim:/home/user/ros2_ws/install/diffbot_description:/home/simulations/ros2_sims_ws/install/unit6_simulation:/home/simulations/ros2_sims_ws/install/rrbot_sim:/home/simulations/ros2_sims_ws/install/rmw_cyclonedds_cpp:/home/simulations/ros2_sims_ws/install/cyclonedds:/opt/ros/jazzy/opt/gz_sim_vendor:/opt/ros/jazzy/opt/gz_sensors_vendor:/opt/ros/jazzy/opt/gz_physics_vendor:/opt/ros/jazzy/opt/sdformat_vendor:/opt/ros/jazzy/opt/gz_gui_vendor:/opt/ros/jazzy/opt/gz_transport_vendor:/opt/ros/jazzy/opt/gz_rendering_vendor:/opt/ros/jazzy/opt/gz_plugin_vendor:/opt/ros/jazzy/opt/gz_fuel_tools_vendor:/opt/ros/jazzy/opt/gz_msgs_vendor:/opt/ros/jazzy/opt/gz_common_vendor:/opt/ros/jazzy/opt/gz_math_vendor:/opt/ros/jazzy/opt/gz_utils_vendor:/opt/ros/jazzy/opt/gz_tools_vendor:/opt/ros/jazzy/opt/gz_ogre_next_vendor:/opt/ros/jazzy/opt/gz_dartsim_vendor:/opt/ros/jazzy/opt/gz_cmake_vendor:/opt/ros/jazzy:/opt/ros/jazzy:/home/user/ros2_ws/install/joint_trajectory_publisher:/home/user/ros2_ws/install/joint_trajectory_demo LD_LIBRARY_PATH=/home/user/ros2_ws/install/dynamixel_sdk_custom_interfaces/lib:/home/user/ros2_ws/install/dynamixel_sdk/lib:/home/user/ros2_ws/install/rrbot_controller/lib:/home/user/ros2_ws/install/my_robot_hardware_interface/lib:/home/user/ros2_ws/install/dynamixel_hardware_interface/lib:/home/user/ros2_ws/install/dynamixel_workbench_toolbox/lib:/home/simulations/ros2_sims_ws/install/rmw_cyclonedds_cpp/lib:/home/simulations/ros2_sims_ws/install/cyclonedds/lib:/home/user/catkin_ws/devel/lib:/home/simulations/public_sim_ws/devel/lib:/opt/ros/jazzy/lib:/opt/ros/jazzy/lib/x86_64-linux-gnu:/usr/local/cuda-10.2/lib64:/home/user/.catkin_ws_python3/src/TensorRT-7.0.0.11/lib:/home/user/catkin_ws/devel/lib:/home/simulations/public_sim_ws/devel/lib:/opt/ros/jazzy/lib:/opt/ros/jazzy/lib/x86_64-linux-gnu:/opt/ros/jazzy/opt/gz_sim_vendor/lib:/opt/ros/jazzy/opt/gz_sensors_vendor/lib:/opt/ros/jazzy/opt/gz_physics_vendor/lib:/opt/ros/jazzy/opt/sdformat_vendor/lib:/opt/ros/jazzy/opt/rviz_ogre_vendor/lib:/opt/ros/jazzy/lib/x86_64-linux-gnu:/opt/ros/jazzy/opt/gz_gui_vendor/lib:/opt/ros/jazzy/opt/gz_transport_vendor/lib:/opt/ros/jazzy/opt/gz_rendering_vendor/lib:/opt/ros/jazzy/opt/gz_plugin_vendor/lib:/opt/ros/jazzy/opt/gz_fuel_tools_vendor/lib:/opt/ros/jazzy/opt/gz_msgs_vendor/lib:/opt/ros/jazzy/opt/gz_common_vendor/lib:/opt/ros/jazzy/opt/gz_math_vendor/lib:/opt/ros/jazzy/opt/gz_utils_vendor/lib:/opt/ros/jazzy/opt/gz_tools_vendor/lib:/opt/ros/jazzy/opt/gz_ogre_next_vendor/lib:/opt/ros/jazzy/opt/gz_dartsim_vendor/lib:/opt/ros/jazzy/opt/gz_cmake_vendor/lib:/opt/ros/jazzy/lib:/usr/local/cuda-10.2/lib64:/home/user/.catkin_ws_python3/src/TensorRT-7.0.0.11/lib PYTHONPATH=/home/user/ros2_ws/install/dynamixel_sdk_custom_interfaces/lib/python3.12/site-packages:/home/user/ros2_ws/install/joint_trajectory_publisher/lib/python3.12/site-packages:/home/user/ros2_ws/install/joint_trajectory_demo/lib/python3.12/site-packages:/opt/ros/jazzy/lib/python3.12/site-packages:/home/simulations/public_sim_ws/src/all/ros_basics_examples/python_course_class:/home/simulations/public_sim_ws/src/ros_basics_examples/python_course_class:/home/simulations/public_sim_ws/src/all/kinematics_course_utils/kinematics _=/usr/bin/env /usr/bin/cmake --install /home/user/ros2_ws/build/dynamixel_sdk_examples
[2.974s] Level 1:colcon.colcon_core.environment:checking '/home/user/ros2_ws/install/dynamixel_sdk_examples' for CMake config files
[2.974s] Level 1:colcon.colcon_core.shell:create_environment_hook('dynamixel_sdk_examples', 'cmake_prefix_path')
[2.975s] INFO:colcon.colcon_core.shell:Creating environment hook '/home/user/ros2_ws/install/dynamixel_sdk_examples/share/dynamixel_sdk_examples/hook/cmake_prefix_path.ps1'
[2.976s] INFO:colcon.colcon_core.shell:Creating environment descriptor '/home/user/ros2_ws/install/dynamixel_sdk_examples/share/dynamixel_sdk_examples/hook/cmake_prefix_path.dsv'
[2.976s] INFO:colcon.colcon_core.shell:Creating environment hook '/home/user/ros2_ws/install/dynamixel_sdk_examples/share/dynamixel_sdk_examples/hook/cmake_prefix_path.sh'
[2.977s] Level 1:colcon.colcon_core.environment:checking '/home/user/ros2_ws/install/dynamixel_sdk_examples/lib'
[2.977s] Level 1:colcon.colcon_core.environment:checking '/home/user/ros2_ws/install/dynamixel_sdk_examples/bin'
[2.977s] Level 1:colcon.colcon_core.environment:checking '/home/user/ros2_ws/install/dynamixel_sdk_examples/lib/pkgconfig/dynamixel_sdk_examples.pc'
[2.978s] Level 1:colcon.colcon_core.environment:checking '/home/user/ros2_ws/install/dynamixel_sdk_examples/lib/python3.12/site-packages'
[2.978s] Level 1:colcon.colcon_core.environment:checking '/home/user/ros2_ws/install/dynamixel_sdk_examples/bin'
[2.979s] INFO:colcon.colcon_core.shell:Creating package script '/home/user/ros2_ws/install/dynamixel_sdk_examples/share/dynamixel_sdk_examples/package.ps1'
[2.979s] INFO:colcon.colcon_core.shell:Creating package descriptor '/home/user/ros2_ws/install/dynamixel_sdk_examples/share/dynamixel_sdk_examples/package.dsv'
[2.980s] INFO:colcon.colcon_core.shell:Creating package script '/home/user/ros2_ws/install/dynamixel_sdk_examples/share/dynamixel_sdk_examples/package.sh'
[2.980s] INFO:colcon.colcon_core.shell:Creating package script '/home/user/ros2_ws/install/dynamixel_sdk_examples/share/dynamixel_sdk_examples/package.bash'
[2.981s] INFO:colcon.colcon_core.shell:Creating package script '/home/user/ros2_ws/install/dynamixel_sdk_examples/share/dynamixel_sdk_examples/package.zsh'
[2.981s] Level 1:colcon.colcon_core.environment:create_file_with_runtime_dependencies(/home/user/ros2_ws/install/dynamixel_sdk_examples/share/colcon-core/packages/dynamixel_sdk_examples)
[2.982s] Level 1:colcon.colcon_core.environment:create_environment_scripts_only(dynamixel_sdk_examples)
[2.982s] Level 1:colcon.colcon_core.environment:checking '/home/user/ros2_ws/install/dynamixel_sdk_examples' for CMake module files
[2.983s] Level 1:colcon.colcon_core.environment:checking '/home/user/ros2_ws/install/dynamixel_sdk_examples' for CMake config files
[2.984s] Level 1:colcon.colcon_core.shell:create_environment_hook('dynamixel_sdk_examples', 'cmake_prefix_path')
[2.986s] INFO:colcon.colcon_core.shell:Creating environment hook '/home/user/ros2_ws/install/dynamixel_sdk_examples/share/dynamixel_sdk_examples/hook/cmake_prefix_path.ps1'
[2.987s] INFO:colcon.colcon_core.shell:Creating environment descriptor '/home/user/ros2_ws/install/dynamixel_sdk_examples/share/dynamixel_sdk_examples/hook/cmake_prefix_path.dsv'
[2.987s] INFO:colcon.colcon_core.shell:Creating environment hook '/home/user/ros2_ws/install/dynamixel_sdk_examples/share/dynamixel_sdk_examples/hook/cmake_prefix_path.sh'
[2.988s] Level 1:colcon.colcon_core.environment:checking '/home/user/ros2_ws/install/dynamixel_sdk_examples/lib'
[2.988s] Level 1:colcon.colcon_core.environment:checking '/home/user/ros2_ws/install/dynamixel_sdk_examples/bin'
[2.988s] Level 1:colcon.colcon_core.environment:checking '/home/user/ros2_ws/install/dynamixel_sdk_examples/lib/pkgconfig/dynamixel_sdk_examples.pc'
[2.988s] Level 1:colcon.colcon_core.environment:checking '/home/user/ros2_ws/install/dynamixel_sdk_examples/lib/python3.12/site-packages'
[2.993s] Level 1:colcon.colcon_core.environment:checking '/home/user/ros2_ws/install/dynamixel_sdk_examples/bin'
[2.993s] INFO:colcon.colcon_core.shell:Creating package script '/home/user/ros2_ws/install/dynamixel_sdk_examples/share/dynamixel_sdk_examples/package.ps1'
[2.994s] INFO:colcon.colcon_core.shell:Creating package descriptor '/home/user/ros2_ws/install/dynamixel_sdk_examples/share/dynamixel_sdk_examples/package.dsv'
[2.995s] INFO:colcon.colcon_core.shell:Creating package script '/home/user/ros2_ws/install/dynamixel_sdk_examples/share/dynamixel_sdk_examples/package.sh'
[2.996s] INFO:colcon.colcon_core.shell:Creating package script '/home/user/ros2_ws/install/dynamixel_sdk_examples/share/dynamixel_sdk_examples/package.bash'
[2.996s] INFO:colcon.colcon_core.shell:Creating package script '/home/user/ros2_ws/install/dynamixel_sdk_examples/share/dynamixel_sdk_examples/package.zsh'
[2.997s] Level 1:colcon.colcon_core.environment:create_file_with_runtime_dependencies(/home/user/ros2_ws/install/dynamixel_sdk_examples/share/colcon-core/packages/dynamixel_sdk_examples)
[3.002s] DEBUG:colcon.colcon_core.event_handler.log_command:Invoked command in '/home/user/ros2_ws/build/dynamixel_workbench' returned '0': CMAKE_PREFIX_PATH=/home/user/ros2_ws/install/dynamixel_workbench_toolbox:/home/user/ros2_ws/install/dynamixel_sdk:/home/user/ros2_ws/install/spawn_solo:/home/user/ros2_ws/install/spawn_robot:/home/user/ros2_ws/install/solo_description:/home/user/ros2_ws/install/rrbot_unit5:/home/user/ros2_ws/install/rrbot_unit4:/home/user/ros2_ws/install/rrbot_unit3:/home/user/ros2_ws/install/rrbot_unit2:/home/user/ros2_ws/install/rrbot_controller:/home/user/ros2_ws/install/my_robot_hardware_interface:/home/user/ros2_ws/install/my_robot_bringup:/home/user/ros2_ws/install/my_quadruped_bringup:/home/user/ros2_ws/install/dynamixel_workbench:/home/user/ros2_ws/install/dynamixel_hardware_interface:/home/user/ros2_ws/install/dynamixel_sdk_examples:/home/user/ros2_ws/install/dynamixel_sdk_custom_interfaces:/home/user/ros2_ws/install/diffbot_sim:/home/user/ros2_ws/install/diffbot_description:/home/simulations/ros2_sims_ws/install/unit6_simulation:/home/simulations/ros2_sims_ws/install/rrbot_sim:/home/simulations/ros2_sims_ws/install/rmw_cyclonedds_cpp:/home/simulations/ros2_sims_ws/install/cyclonedds:/opt/ros/jazzy/opt/gz_sim_vendor:/opt/ros/jazzy/opt/gz_sensors_vendor:/opt/ros/jazzy/opt/gz_physics_vendor:/opt/ros/jazzy/opt/sdformat_vendor:/opt/ros/jazzy/opt/gz_gui_vendor:/opt/ros/jazzy/opt/gz_transport_vendor:/opt/ros/jazzy/opt/gz_rendering_vendor:/opt/ros/jazzy/opt/gz_plugin_vendor:/opt/ros/jazzy/opt/gz_fuel_tools_vendor:/opt/ros/jazzy/opt/gz_msgs_vendor:/opt/ros/jazzy/opt/gz_common_vendor:/opt/ros/jazzy/opt/gz_math_vendor:/opt/ros/jazzy/opt/gz_utils_vendor:/opt/ros/jazzy/opt/gz_tools_vendor:/opt/ros/jazzy/opt/gz_ogre_next_vendor:/opt/ros/jazzy/opt/gz_dartsim_vendor:/opt/ros/jazzy/opt/gz_cmake_vendor:/opt/ros/jazzy:/opt/ros/jazzy:/home/user/ros2_ws/install/joint_trajectory_publisher:/home/user/ros2_ws/install/joint_trajectory_demo LD_LIBRARY_PATH=/home/user/ros2_ws/install/dynamixel_workbench_toolbox/lib:/home/user/ros2_ws/install/dynamixel_sdk/lib:/home/user/ros2_ws/install/rrbot_controller/lib:/home/user/ros2_ws/install/my_robot_hardware_interface/lib:/home/user/ros2_ws/install/dynamixel_hardware_interface/lib:/home/user/ros2_ws/install/dynamixel_sdk_custom_interfaces/lib:/home/simulations/ros2_sims_ws/install/rmw_cyclonedds_cpp/lib:/home/simulations/ros2_sims_ws/install/cyclonedds/lib:/home/user/catkin_ws/devel/lib:/home/simulations/public_sim_ws/devel/lib:/opt/ros/jazzy/lib:/opt/ros/jazzy/lib/x86_64-linux-gnu:/usr/local/cuda-10.2/lib64:/home/user/.catkin_ws_python3/src/TensorRT-7.0.0.11/lib:/home/user/catkin_ws/devel/lib:/home/simulations/public_sim_ws/devel/lib:/opt/ros/jazzy/lib:/opt/ros/jazzy/lib/x86_64-linux-gnu:/opt/ros/jazzy/opt/gz_sim_vendor/lib:/opt/ros/jazzy/opt/gz_sensors_vendor/lib:/opt/ros/jazzy/opt/gz_physics_vendor/lib:/opt/ros/jazzy/opt/sdformat_vendor/lib:/opt/ros/jazzy/opt/rviz_ogre_vendor/lib:/opt/ros/jazzy/lib/x86_64-linux-gnu:/opt/ros/jazzy/opt/gz_gui_vendor/lib:/opt/ros/jazzy/opt/gz_transport_vendor/lib:/opt/ros/jazzy/opt/gz_rendering_vendor/lib:/opt/ros/jazzy/opt/gz_plugin_vendor/lib:/opt/ros/jazzy/opt/gz_fuel_tools_vendor/lib:/opt/ros/jazzy/opt/gz_msgs_vendor/lib:/opt/ros/jazzy/opt/gz_common_vendor/lib:/opt/ros/jazzy/opt/gz_math_vendor/lib:/opt/ros/jazzy/opt/gz_utils_vendor/lib:/opt/ros/jazzy/opt/gz_tools_vendor/lib:/opt/ros/jazzy/opt/gz_ogre_next_vendor/lib:/opt/ros/jazzy/opt/gz_dartsim_vendor/lib:/opt/ros/jazzy/opt/gz_cmake_vendor/lib:/opt/ros/jazzy/lib:/usr/local/cuda-10.2/lib64:/home/user/.catkin_ws_python3/src/TensorRT-7.0.0.11/lib _=/usr/bin/env /usr/bin/cmake --build /home/user/ros2_ws/build/dynamixel_workbench -- -j8 -l8
[3.003s] DEBUG:colcon.colcon_core.event_handler.log_command:Invoking command in '/home/user/ros2_ws/build/dynamixel_workbench': CMAKE_PREFIX_PATH=/home/user/ros2_ws/install/dynamixel_workbench_toolbox:/home/user/ros2_ws/install/dynamixel_sdk:/home/user/ros2_ws/install/spawn_solo:/home/user/ros2_ws/install/spawn_robot:/home/user/ros2_ws/install/solo_description:/home/user/ros2_ws/install/rrbot_unit5:/home/user/ros2_ws/install/rrbot_unit4:/home/user/ros2_ws/install/rrbot_unit3:/home/user/ros2_ws/install/rrbot_unit2:/home/user/ros2_ws/install/rrbot_controller:/home/user/ros2_ws/install/my_robot_hardware_interface:/home/user/ros2_ws/install/my_robot_bringup:/home/user/ros2_ws/install/my_quadruped_bringup:/home/user/ros2_ws/install/dynamixel_workbench:/home/user/ros2_ws/install/dynamixel_hardware_interface:/home/user/ros2_ws/install/dynamixel_sdk_examples:/home/user/ros2_ws/install/dynamixel_sdk_custom_interfaces:/home/user/ros2_ws/install/diffbot_sim:/home/user/ros2_ws/install/diffbot_description:/home/simulations/ros2_sims_ws/install/unit6_simulation:/home/simulations/ros2_sims_ws/install/rrbot_sim:/home/simulations/ros2_sims_ws/install/rmw_cyclonedds_cpp:/home/simulations/ros2_sims_ws/install/cyclonedds:/opt/ros/jazzy/opt/gz_sim_vendor:/opt/ros/jazzy/opt/gz_sensors_vendor:/opt/ros/jazzy/opt/gz_physics_vendor:/opt/ros/jazzy/opt/sdformat_vendor:/opt/ros/jazzy/opt/gz_gui_vendor:/opt/ros/jazzy/opt/gz_transport_vendor:/opt/ros/jazzy/opt/gz_rendering_vendor:/opt/ros/jazzy/opt/gz_plugin_vendor:/opt/ros/jazzy/opt/gz_fuel_tools_vendor:/opt/ros/jazzy/opt/gz_msgs_vendor:/opt/ros/jazzy/opt/gz_common_vendor:/opt/ros/jazzy/opt/gz_math_vendor:/opt/ros/jazzy/opt/gz_utils_vendor:/opt/ros/jazzy/opt/gz_tools_vendor:/opt/ros/jazzy/opt/gz_ogre_next_vendor:/opt/ros/jazzy/opt/gz_dartsim_vendor:/opt/ros/jazzy/opt/gz_cmake_vendor:/opt/ros/jazzy:/opt/ros/jazzy:/home/user/ros2_ws/install/joint_trajectory_publisher:/home/user/ros2_ws/install/joint_trajectory_demo LD_LIBRARY_PATH=/home/user/ros2_ws/install/dynamixel_workbench_toolbox/lib:/home/user/ros2_ws/install/dynamixel_sdk/lib:/home/user/ros2_ws/install/rrbot_controller/lib:/home/user/ros2_ws/install/my_robot_hardware_interface/lib:/home/user/ros2_ws/install/dynamixel_hardware_interface/lib:/home/user/ros2_ws/install/dynamixel_sdk_custom_interfaces/lib:/home/simulations/ros2_sims_ws/install/rmw_cyclonedds_cpp/lib:/home/simulations/ros2_sims_ws/install/cyclonedds/lib:/home/user/catkin_ws/devel/lib:/home/simulations/public_sim_ws/devel/lib:/opt/ros/jazzy/lib:/opt/ros/jazzy/lib/x86_64-linux-gnu:/usr/local/cuda-10.2/lib64:/home/user/.catkin_ws_python3/src/TensorRT-7.0.0.11/lib:/home/user/catkin_ws/devel/lib:/home/simulations/public_sim_ws/devel/lib:/opt/ros/jazzy/lib:/opt/ros/jazzy/lib/x86_64-linux-gnu:/opt/ros/jazzy/opt/gz_sim_vendor/lib:/opt/ros/jazzy/opt/gz_sensors_vendor/lib:/opt/ros/jazzy/opt/gz_physics_vendor/lib:/opt/ros/jazzy/opt/sdformat_vendor/lib:/opt/ros/jazzy/opt/rviz_ogre_vendor/lib:/opt/ros/jazzy/lib/x86_64-linux-gnu:/opt/ros/jazzy/opt/gz_gui_vendor/lib:/opt/ros/jazzy/opt/gz_transport_vendor/lib:/opt/ros/jazzy/opt/gz_rendering_vendor/lib:/opt/ros/jazzy/opt/gz_plugin_vendor/lib:/opt/ros/jazzy/opt/gz_fuel_tools_vendor/lib:/opt/ros/jazzy/opt/gz_msgs_vendor/lib:/opt/ros/jazzy/opt/gz_common_vendor/lib:/opt/ros/jazzy/opt/gz_math_vendor/lib:/opt/ros/jazzy/opt/gz_utils_vendor/lib:/opt/ros/jazzy/opt/gz_tools_vendor/lib:/opt/ros/jazzy/opt/gz_ogre_next_vendor/lib:/opt/ros/jazzy/opt/gz_dartsim_vendor/lib:/opt/ros/jazzy/opt/gz_cmake_vendor/lib:/opt/ros/jazzy/lib:/usr/local/cuda-10.2/lib64:/home/user/.catkin_ws_python3/src/TensorRT-7.0.0.11/lib _=/usr/bin/env /usr/bin/cmake --install /home/user/ros2_ws/build/dynamixel_workbench
[3.033s] Level 1:colcon.colcon_core.environment:create_environment_scripts_only(dynamixel_workbench)
[3.033s] Level 1:colcon.colcon_core.environment:checking '/home/user/ros2_ws/install/dynamixel_workbench' for CMake module files
[3.034s] Level 1:colcon.colcon_core.environment:checking '/home/user/ros2_ws/install/dynamixel_workbench' for CMake config files
[3.034s] Level 1:colcon.colcon_core.shell:create_environment_hook('dynamixel_workbench', 'cmake_prefix_path')
[3.035s] INFO:colcon.colcon_core.shell:Creating environment hook '/home/user/ros2_ws/install/dynamixel_workbench/share/dynamixel_workbench/hook/cmake_prefix_path.ps1'
[3.035s] INFO:colcon.colcon_core.shell:Creating environment descriptor '/home/user/ros2_ws/install/dynamixel_workbench/share/dynamixel_workbench/hook/cmake_prefix_path.dsv'
[3.036s] INFO:colcon.colcon_core.shell:Creating environment hook '/home/user/ros2_ws/install/dynamixel_workbench/share/dynamixel_workbench/hook/cmake_prefix_path.sh'
[3.036s] Level 1:colcon.colcon_core.environment:checking '/home/user/ros2_ws/install/dynamixel_workbench/bin'
[3.036s] Level 1:colcon.colcon_core.environment:checking '/home/user/ros2_ws/install/dynamixel_workbench/lib/pkgconfig/dynamixel_workbench.pc'
[3.037s] Level 1:colcon.colcon_core.environment:checking '/home/user/ros2_ws/install/dynamixel_workbench/lib/python3.12/site-packages'
[3.037s] Level 1:colcon.colcon_core.environment:checking '/home/user/ros2_ws/install/dynamixel_workbench/bin'
[3.038s] INFO:colcon.colcon_core.shell:Creating package script '/home/user/ros2_ws/install/dynamixel_workbench/share/dynamixel_workbench/package.ps1'
[3.039s] DEBUG:colcon.colcon_core.event_handler.log_command:Invoked command in '/home/user/ros2_ws/build/dynamixel_workbench' returned '0': CMAKE_PREFIX_PATH=/home/user/ros2_ws/install/dynamixel_workbench_toolbox:/home/user/ros2_ws/install/dynamixel_sdk:/home/user/ros2_ws/install/spawn_solo:/home/user/ros2_ws/install/spawn_robot:/home/user/ros2_ws/install/solo_description:/home/user/ros2_ws/install/rrbot_unit5:/home/user/ros2_ws/install/rrbot_unit4:/home/user/ros2_ws/install/rrbot_unit3:/home/user/ros2_ws/install/rrbot_unit2:/home/user/ros2_ws/install/rrbot_controller:/home/user/ros2_ws/install/my_robot_hardware_interface:/home/user/ros2_ws/install/my_robot_bringup:/home/user/ros2_ws/install/my_quadruped_bringup:/home/user/ros2_ws/install/dynamixel_workbench:/home/user/ros2_ws/install/dynamixel_hardware_interface:/home/user/ros2_ws/install/dynamixel_sdk_examples:/home/user/ros2_ws/install/dynamixel_sdk_custom_interfaces:/home/user/ros2_ws/install/diffbot_sim:/home/user/ros2_ws/install/diffbot_description:/home/simulations/ros2_sims_ws/install/unit6_simulation:/home/simulations/ros2_sims_ws/install/rrbot_sim:/home/simulations/ros2_sims_ws/install/rmw_cyclonedds_cpp:/home/simulations/ros2_sims_ws/install/cyclonedds:/opt/ros/jazzy/opt/gz_sim_vendor:/opt/ros/jazzy/opt/gz_sensors_vendor:/opt/ros/jazzy/opt/gz_physics_vendor:/opt/ros/jazzy/opt/sdformat_vendor:/opt/ros/jazzy/opt/gz_gui_vendor:/opt/ros/jazzy/opt/gz_transport_vendor:/opt/ros/jazzy/opt/gz_rendering_vendor:/opt/ros/jazzy/opt/gz_plugin_vendor:/opt/ros/jazzy/opt/gz_fuel_tools_vendor:/opt/ros/jazzy/opt/gz_msgs_vendor:/opt/ros/jazzy/opt/gz_common_vendor:/opt/ros/jazzy/opt/gz_math_vendor:/opt/ros/jazzy/opt/gz_utils_vendor:/opt/ros/jazzy/opt/gz_tools_vendor:/opt/ros/jazzy/opt/gz_ogre_next_vendor:/opt/ros/jazzy/opt/gz_dartsim_vendor:/opt/ros/jazzy/opt/gz_cmake_vendor:/opt/ros/jazzy:/opt/ros/jazzy:/home/user/ros2_ws/install/joint_trajectory_publisher:/home/user/ros2_ws/install/joint_trajectory_demo LD_LIBRARY_PATH=/home/user/ros2_ws/install/dynamixel_workbench_toolbox/lib:/home/user/ros2_ws/install/dynamixel_sdk/lib:/home/user/ros2_ws/install/rrbot_controller/lib:/home/user/ros2_ws/install/my_robot_hardware_interface/lib:/home/user/ros2_ws/install/dynamixel_hardware_interface/lib:/home/user/ros2_ws/install/dynamixel_sdk_custom_interfaces/lib:/home/simulations/ros2_sims_ws/install/rmw_cyclonedds_cpp/lib:/home/simulations/ros2_sims_ws/install/cyclonedds/lib:/home/user/catkin_ws/devel/lib:/home/simulations/public_sim_ws/devel/lib:/opt/ros/jazzy/lib:/opt/ros/jazzy/lib/x86_64-linux-gnu:/usr/local/cuda-10.2/lib64:/home/user/.catkin_ws_python3/src/TensorRT-7.0.0.11/lib:/home/user/catkin_ws/devel/lib:/home/simulations/public_sim_ws/devel/lib:/opt/ros/jazzy/lib:/opt/ros/jazzy/lib/x86_64-linux-gnu:/opt/ros/jazzy/opt/gz_sim_vendor/lib:/opt/ros/jazzy/opt/gz_sensors_vendor/lib:/opt/ros/jazzy/opt/gz_physics_vendor/lib:/opt/ros/jazzy/opt/sdformat_vendor/lib:/opt/ros/jazzy/opt/rviz_ogre_vendor/lib:/opt/ros/jazzy/lib/x86_64-linux-gnu:/opt/ros/jazzy/opt/gz_gui_vendor/lib:/opt/ros/jazzy/opt/gz_transport_vendor/lib:/opt/ros/jazzy/opt/gz_rendering_vendor/lib:/opt/ros/jazzy/opt/gz_plugin_vendor/lib:/opt/ros/jazzy/opt/gz_fuel_tools_vendor/lib:/opt/ros/jazzy/opt/gz_msgs_vendor/lib:/opt/ros/jazzy/opt/gz_common_vendor/lib:/opt/ros/jazzy/opt/gz_math_vendor/lib:/opt/ros/jazzy/opt/gz_utils_vendor/lib:/opt/ros/jazzy/opt/gz_tools_vendor/lib:/opt/ros/jazzy/opt/gz_ogre_next_vendor/lib:/opt/ros/jazzy/opt/gz_dartsim_vendor/lib:/opt/ros/jazzy/opt/gz_cmake_vendor/lib:/opt/ros/jazzy/lib:/usr/local/cuda-10.2/lib64:/home/user/.catkin_ws_python3/src/TensorRT-7.0.0.11/lib _=/usr/bin/env /usr/bin/cmake --install /home/user/ros2_ws/build/dynamixel_workbench
[3.039s] INFO:colcon.colcon_core.shell:Creating package descriptor '/home/user/ros2_ws/install/dynamixel_workbench/share/dynamixel_workbench/package.dsv'
[3.039s] INFO:colcon.colcon_core.shell:Creating package script '/home/user/ros2_ws/install/dynamixel_workbench/share/dynamixel_workbench/package.sh'
[3.040s] INFO:colcon.colcon_core.shell:Creating package script '/home/user/ros2_ws/install/dynamixel_workbench/share/dynamixel_workbench/package.bash'
[3.040s] INFO:colcon.colcon_core.shell:Creating package script '/home/user/ros2_ws/install/dynamixel_workbench/share/dynamixel_workbench/package.zsh'
[3.041s] Level 1:colcon.colcon_core.environment:create_file_with_runtime_dependencies(/home/user/ros2_ws/install/dynamixel_workbench/share/colcon-core/packages/dynamixel_workbench)
[3.042s] Level 1:colcon.colcon_core.environment:create_environment_scripts_only(dynamixel_workbench)
[3.042s] Level 1:colcon.colcon_core.environment:checking '/home/user/ros2_ws/install/dynamixel_workbench' for CMake module files
[3.043s] Level 1:colcon.colcon_core.environment:checking '/home/user/ros2_ws/install/dynamixel_workbench' for CMake config files
[3.043s] Level 1:colcon.colcon_core.shell:create_environment_hook('dynamixel_workbench', 'cmake_prefix_path')
[3.043s] INFO:colcon.colcon_core.shell:Creating environment hook '/home/user/ros2_ws/install/dynamixel_workbench/share/dynamixel_workbench/hook/cmake_prefix_path.ps1'
[3.044s] INFO:colcon.colcon_core.shell:Creating environment descriptor '/home/user/ros2_ws/install/dynamixel_workbench/share/dynamixel_workbench/hook/cmake_prefix_path.dsv'
[3.044s] INFO:colcon.colcon_core.shell:Creating environment hook '/home/user/ros2_ws/install/dynamixel_workbench/share/dynamixel_workbench/hook/cmake_prefix_path.sh'
[3.045s] Level 1:colcon.colcon_core.environment:checking '/home/user/ros2_ws/install/dynamixel_workbench/bin'
[3.045s] Level 1:colcon.colcon_core.environment:checking '/home/user/ros2_ws/install/dynamixel_workbench/lib/pkgconfig/dynamixel_workbench.pc'
[3.046s] Level 1:colcon.colcon_core.environment:checking '/home/user/ros2_ws/install/dynamixel_workbench/lib/python3.12/site-packages'
[3.046s] Level 1:colcon.colcon_core.environment:checking '/home/user/ros2_ws/install/dynamixel_workbench/bin'
[3.046s] INFO:colcon.colcon_core.shell:Creating package script '/home/user/ros2_ws/install/dynamixel_workbench/share/dynamixel_workbench/package.ps1'
[3.047s] INFO:colcon.colcon_core.shell:Creating package descriptor '/home/user/ros2_ws/install/dynamixel_workbench/share/dynamixel_workbench/package.dsv'
[3.048s] INFO:colcon.colcon_core.shell:Creating package script '/home/user/ros2_ws/install/dynamixel_workbench/share/dynamixel_workbench/package.sh'
[3.048s] INFO:colcon.colcon_core.shell:Creating package script '/home/user/ros2_ws/install/dynamixel_workbench/share/dynamixel_workbench/package.bash'
[3.049s] INFO:colcon.colcon_core.shell:Creating package script '/home/user/ros2_ws/install/dynamixel_workbench/share/dynamixel_workbench/package.zsh'
[3.050s] Level 1:colcon.colcon_core.environment:create_file_with_runtime_dependencies(/home/user/ros2_ws/install/dynamixel_workbench/share/colcon-core/packages/dynamixel_workbench)
[3.488s] Level 1:colcon.colcon_core.environment:checking '/home/user/ros2_ws/install/joint_trajectory_demo' for CMake module files
[3.489s] Level 1:colcon.colcon_core.environment:checking '/home/user/ros2_ws/install/joint_trajectory_demo' for CMake config files
[3.490s] Level 1:colcon.colcon_core.environment:checking '/home/user/ros2_ws/install/joint_trajectory_demo/lib'
[3.490s] Level 1:colcon.colcon_core.environment:checking '/home/user/ros2_ws/install/joint_trajectory_demo/bin'
[3.490s] Level 1:colcon.colcon_core.environment:checking '/home/user/ros2_ws/install/joint_trajectory_demo/lib/pkgconfig/joint_trajectory_demo.pc'
[3.491s] Level 1:colcon.colcon_core.environment:checking '/home/user/ros2_ws/install/joint_trajectory_demo/lib/python3.12/site-packages'
[3.491s] Level 1:colcon.colcon_core.shell:create_environment_hook('joint_trajectory_demo', 'pythonpath')
[3.491s] INFO:colcon.colcon_core.shell:Creating environment hook '/home/user/ros2_ws/install/joint_trajectory_demo/share/joint_trajectory_demo/hook/pythonpath.ps1'
[3.492s] INFO:colcon.colcon_core.shell:Creating environment descriptor '/home/user/ros2_ws/install/joint_trajectory_demo/share/joint_trajectory_demo/hook/pythonpath.dsv'
[3.493s] INFO:colcon.colcon_core.shell:Creating environment hook '/home/user/ros2_ws/install/joint_trajectory_demo/share/joint_trajectory_demo/hook/pythonpath.sh'
[3.495s] Level 1:colcon.colcon_core.environment:checking '/home/user/ros2_ws/install/joint_trajectory_demo/bin'
[3.495s] DEBUG:colcon.colcon_core.event_handler.log_command:Invoked command in '/home/user/ros2_ws/src/ros2_control_course/unit1/joint_trajectory_demo' returned '0': PYTHONPATH=/home/user/ros2_ws/build/joint_trajectory_demo/prefix_override:/usr/lib/python3/dist-packages/colcon_core/task/python/colcon_distutils_commands:/home/user/ros2_ws/install/joint_trajectory_demo/lib/python3.12/site-packages:${PYTHONPATH} _=/usr/bin/env /usr/bin/python3 -W ignore:setup.py install is deprecated -W ignore:easy_install command is deprecated setup.py egg_info --egg-base ../../../../build/joint_trajectory_demo build --build-base /home/user/ros2_ws/build/joint_trajectory_demo/build install --record /home/user/ros2_ws/build/joint_trajectory_demo/install.log --single-version-externally-managed install_data
[3.495s] Level 1:colcon.colcon_core.environment:create_environment_scripts_only(joint_trajectory_demo)
[3.496s] INFO:colcon.colcon_core.shell:Creating package script '/home/user/ros2_ws/install/joint_trajectory_demo/share/joint_trajectory_demo/package.ps1'
[3.496s] INFO:colcon.colcon_core.shell:Creating package descriptor '/home/user/ros2_ws/install/joint_trajectory_demo/share/joint_trajectory_demo/package.dsv'
[3.497s] INFO:colcon.colcon_core.shell:Creating package script '/home/user/ros2_ws/install/joint_trajectory_demo/share/joint_trajectory_demo/package.sh'
[3.498s] INFO:colcon.colcon_core.shell:Creating package script '/home/user/ros2_ws/install/joint_trajectory_demo/share/joint_trajectory_demo/package.bash'
[3.498s] INFO:colcon.colcon_core.shell:Creating package script '/home/user/ros2_ws/install/joint_trajectory_demo/share/joint_trajectory_demo/package.zsh'
[3.499s] Level 1:colcon.colcon_core.environment:create_file_with_runtime_dependencies(/home/user/ros2_ws/install/joint_trajectory_demo/share/colcon-core/packages/joint_trajectory_demo)
[3.586s] Level 1:colcon.colcon_core.environment:checking '/home/user/ros2_ws/install/joint_trajectory_publisher' for CMake module files
[3.587s] Level 1:colcon.colcon_core.environment:checking '/home/user/ros2_ws/install/joint_trajectory_publisher' for CMake config files
[3.588s] Level 1:colcon.colcon_core.environment:checking '/home/user/ros2_ws/install/joint_trajectory_publisher/lib'
[3.588s] Level 1:colcon.colcon_core.environment:checking '/home/user/ros2_ws/install/joint_trajectory_publisher/bin'
[3.588s] Level 1:colcon.colcon_core.environment:checking '/home/user/ros2_ws/install/joint_trajectory_publisher/lib/pkgconfig/joint_trajectory_publisher.pc'
[3.588s] Level 1:colcon.colcon_core.environment:checking '/home/user/ros2_ws/install/joint_trajectory_publisher/lib/python3.12/site-packages'
[3.589s] Level 1:colcon.colcon_core.shell:create_environment_hook('joint_trajectory_publisher', 'pythonpath')
[3.589s] INFO:colcon.colcon_core.shell:Creating environment hook '/home/user/ros2_ws/install/joint_trajectory_publisher/share/joint_trajectory_publisher/hook/pythonpath.ps1'
[3.589s] INFO:colcon.colcon_core.shell:Creating environment descriptor '/home/user/ros2_ws/install/joint_trajectory_publisher/share/joint_trajectory_publisher/hook/pythonpath.dsv'
[3.590s] INFO:colcon.colcon_core.shell:Creating environment hook '/home/user/ros2_ws/install/joint_trajectory_publisher/share/joint_trajectory_publisher/hook/pythonpath.sh'
[3.590s] DEBUG:colcon.colcon_core.event_handler.log_command:Invoked command in '/home/user/ros2_ws/src/ros2_control_course/common/joint_trajectory_publisher' returned '0': PYTHONPATH=/home/user/ros2_ws/build/joint_trajectory_publisher/prefix_override:/usr/lib/python3/dist-packages/colcon_core/task/python/colcon_distutils_commands:/home/user/ros2_ws/install/joint_trajectory_publisher/lib/python3.12/site-packages:${PYTHONPATH} _=/usr/bin/env /usr/bin/python3 -W ignore:setup.py install is deprecated -W ignore:easy_install command is deprecated setup.py egg_info --egg-base ../../../../build/joint_trajectory_publisher build --build-base /home/user/ros2_ws/build/joint_trajectory_publisher/build install --record /home/user/ros2_ws/build/joint_trajectory_publisher/install.log --single-version-externally-managed install_data
[3.591s] Level 1:colcon.colcon_core.environment:checking '/home/user/ros2_ws/install/joint_trajectory_publisher/bin'
[3.591s] Level 1:colcon.colcon_core.environment:create_environment_scripts_only(joint_trajectory_publisher)
[3.591s] INFO:colcon.colcon_core.shell:Creating package script '/home/user/ros2_ws/install/joint_trajectory_publisher/share/joint_trajectory_publisher/package.ps1'
[3.592s] INFO:colcon.colcon_core.shell:Creating package descriptor '/home/user/ros2_ws/install/joint_trajectory_publisher/share/joint_trajectory_publisher/package.dsv'
[3.592s] INFO:colcon.colcon_core.shell:Creating package script '/home/user/ros2_ws/install/joint_trajectory_publisher/share/joint_trajectory_publisher/package.sh'
[3.593s] INFO:colcon.colcon_core.shell:Creating package script '/home/user/ros2_ws/install/joint_trajectory_publisher/share/joint_trajectory_publisher/package.bash'
[3.593s] INFO:colcon.colcon_core.shell:Creating package script '/home/user/ros2_ws/install/joint_trajectory_publisher/share/joint_trajectory_publisher/package.zsh'
[3.594s] Level 1:colcon.colcon_core.environment:create_file_with_runtime_dependencies(/home/user/ros2_ws/install/joint_trajectory_publisher/share/colcon-core/packages/joint_trajectory_publisher)
[3.595s] DEBUG:colcon.colcon_parallel_executor.executor.parallel:closing loop
[3.595s] DEBUG:colcon.colcon_parallel_executor.executor.parallel:loop closed
[3.596s] DEBUG:colcon.colcon_parallel_executor.executor.parallel:run_until_complete finished with '0'
[3.596s] DEBUG:colcon.colcon_core.event_reactor:joining thread
[3.605s] INFO:colcon.colcon_core.plugin_system:Skipping extension 'colcon_notification.desktop_notification.notify_send': Could not find 'notify-send'
[3.606s] INFO:colcon.colcon_core.plugin_system:Skipping extension 'colcon_notification.desktop_notification.terminal_notifier': Not used on non-Darwin systems
[3.606s] INFO:colcon.colcon_core.plugin_system:Skipping extension 'colcon_notification.desktop_notification.win32': Not used on non-Windows systems
[3.606s] INFO:colcon.colcon_notification.desktop_notification:Sending desktop notification using 'notify2'
[3.609s] DEBUG:colcon.colcon_notification.desktop_notification.notify2:Failed to initialize notify2: org.freedesktop.DBus.Error.Spawn.ExecFailed: /usr/bin/dbus-launch terminated abnormally without any error message
[3.609s] DEBUG:colcon.colcon_core.event_reactor:joined thread
[3.610s] INFO:colcon.colcon_core.shell:Creating prefix script '/home/user/ros2_ws/install/local_setup.ps1'
[3.611s] INFO:colcon.colcon_core.shell:Creating prefix util module '/home/user/ros2_ws/install/_local_setup_util_ps1.py'
[3.613s] INFO:colcon.colcon_core.shell:Creating prefix chain script '/home/user/ros2_ws/install/setup.ps1'
[3.616s] INFO:colcon.colcon_core.shell:Creating prefix script '/home/user/ros2_ws/install/local_setup.sh'
[3.616s] INFO:colcon.colcon_core.shell:Creating prefix util module '/home/user/ros2_ws/install/_local_setup_util_sh.py'
[3.617s] INFO:colcon.colcon_core.shell:Creating prefix chain script '/home/user/ros2_ws/install/setup.sh'
[3.621s] INFO:colcon.colcon_core.shell:Creating prefix script '/home/user/ros2_ws/install/local_setup.bash'
[3.621s] INFO:colcon.colcon_core.shell:Creating prefix chain script '/home/user/ros2_ws/install/setup.bash'
[3.625s] INFO:colcon.colcon_core.shell:Creating prefix script '/home/user/ros2_ws/install/local_setup.zsh'
[3.625s] INFO:colcon.colcon_core.shell:Creating prefix chain script '/home/user/ros2_ws/install/setup.zsh'
