[0.107s] DEBUG:colcon:Command line arguments: ['/usr/bin/colcon', 'build']
[0.107s] DEBUG:colcon:Parsed command line arguments: Namespace(log_base=None, log_level=None, verb_name='build', build_base='build', install_base='install', merge_install=False, symlink_install=False, test_result_base=None, continue_on_error=False, executor='parallel', parallel_workers=8, event_handlers=None, ignore_user_meta=False, metas=['./colcon.meta'], base_paths=['.'], packages_ignore=None, packages_ignore_regex=None, paths=None, packages_up_to=None, packages_up_to_regex=None, packages_above=None, packages_above_and_dependencies=None, packages_above_depth=None, packages_select_by_dep=None, packages_skip_by_dep=None, packages_skip_up_to=None, packages_select_build_failed=False, packages_skip_build_finished=False, packages_select_test_failures=False, packages_skip_test_passed=False, packages_select=None, packages_skip=None, packages_select_regex=None, packages_skip_regex=None, packages_start=None, packages_end=None, cmake_args=None, cmake_target=None, cmake_target_skip_unavailable=False, cmake_clean_cache=False, cmake_clean_first=False, cmake_force_configure=False, ament_cmake_args=None, catkin_cmake_args=None, catkin_skip_building_tests=False, mixin_files=None, mixin=None, verb_parser=<colcon_mixin.mixin.mixin_argument.MixinArgumentDecorator object at 0x7f6eb1e0b770>, verb_extension=<colcon_core.verb.build.BuildVerb object at 0x7f6eb1e0af00>, main=<bound method BuildVerb.main of <colcon_core.verb.build.BuildVerb object at 0x7f6eb1e0af00>>, mixin_verb=('build',))
[0.146s] Level 1:colcon.colcon_core.package_discovery:discover_packages(colcon_meta) check parameters
[0.146s] Level 1:colcon.colcon_core.package_discovery:discover_packages(recursive) check parameters
[0.146s] Level 1:colcon.colcon_core.package_discovery:discover_packages(ignore) check parameters
[0.146s] Level 1:colcon.colcon_core.package_discovery:discover_packages(path) check parameters
[0.146s] Level 1:colcon.colcon_core.package_discovery:discover_packages(colcon_meta) discover
[0.146s] Level 1:colcon.colcon_core.package_discovery:discover_packages(recursive) discover
[0.146s] INFO:colcon.colcon_core.package_discovery:Crawling recursively for packages in '/home/user/ros2_ws'
[0.146s] Level 1:colcon.colcon_core.package_identification:_identify(.) by extensions ['ignore', 'ignore_ament_install']
[0.146s] Level 1:colcon.colcon_core.package_identification:_identify(.) by extension 'ignore'
[0.146s] Level 1:colcon.colcon_core.package_identification:_identify(.) by extension 'ignore_ament_install'
[0.146s] Level 1:colcon.colcon_core.package_identification:_identify(.) by extensions ['colcon_pkg']
[0.146s] Level 1:colcon.colcon_core.package_identification:_identify(.) by extension 'colcon_pkg'
[0.146s] Level 1:colcon.colcon_core.package_identification:_identify(.) by extensions ['colcon_meta']
[0.146s] Level 1:colcon.colcon_core.package_identification:_identify(.) by extension 'colcon_meta'
[0.147s] Level 1:colcon.colcon_core.package_identification:_identify(.) by extensions ['ros']
[0.147s] Level 1:colcon.colcon_core.package_identification:_identify(.) by extension 'ros'
[0.172s] Level 1:colcon.colcon_core.package_identification:_identify(.) by extensions ['cmake', 'python']
[0.172s] Level 1:colcon.colcon_core.package_identification:_identify(.) by extension 'cmake'
[0.172s] Level 1:colcon.colcon_core.package_identification:_identify(.) by extension 'python'
[0.172s] Level 1:colcon.colcon_core.package_identification:_identify(.) by extensions ['python_setup_py']
[0.172s] Level 1:colcon.colcon_core.package_identification:_identify(.) by extension 'python_setup_py'
[0.172s] Level 1:colcon.colcon_core.package_identification:_identify(build) by extensions ['ignore', 'ignore_ament_install']
[0.173s] Level 1:colcon.colcon_core.package_identification:_identify(build) by extension 'ignore'
[0.173s] Level 1:colcon.colcon_core.package_identification:_identify(build) ignored
[0.173s] Level 1:colcon.colcon_core.package_identification:_identify(install) by extensions ['ignore', 'ignore_ament_install']
[0.173s] Level 1:colcon.colcon_core.package_identification:_identify(install) by extension 'ignore'
[0.173s] Level 1:colcon.colcon_core.package_identification:_identify(install) ignored
[0.173s] Level 1:colcon.colcon_core.package_identification:_identify(log) by extensions ['ignore', 'ignore_ament_install']
[0.173s] Level 1:colcon.colcon_core.package_identification:_identify(log) by extension 'ignore'
[0.173s] Level 1:colcon.colcon_core.package_identification:_identify(log) ignored
[0.173s] Level 1:colcon.colcon_core.package_identification:_identify(src) by extensions ['ignore', 'ignore_ament_install']
[0.173s] Level 1:colcon.colcon_core.package_identification:_identify(src) by extension 'ignore'
[0.173s] Level 1:colcon.colcon_core.package_identification:_identify(src) by extension 'ignore_ament_install'
[0.173s] Level 1:colcon.colcon_core.package_identification:_identify(src) by extensions ['colcon_pkg']
[0.173s] Level 1:colcon.colcon_core.package_identification:_identify(src) by extension 'colcon_pkg'
[0.173s] Level 1:colcon.colcon_core.package_identification:_identify(src) by extensions ['colcon_meta']
[0.173s] Level 1:colcon.colcon_core.package_identification:_identify(src) by extension 'colcon_meta'
[0.173s] Level 1:colcon.colcon_core.package_identification:_identify(src) by extensions ['ros']
[0.173s] Level 1:colcon.colcon_core.package_identification:_identify(src) by extension 'ros'
[0.174s] Level 1:colcon.colcon_core.package_identification:_identify(src) by extensions ['cmake', 'python']
[0.174s] Level 1:colcon.colcon_core.package_identification:_identify(src) by extension 'cmake'
[0.174s] Level 1:colcon.colcon_core.package_identification:_identify(src) by extension 'python'
[0.174s] Level 1:colcon.colcon_core.package_identification:_identify(src) by extensions ['python_setup_py']
[0.174s] Level 1:colcon.colcon_core.package_identification:_identify(src) by extension 'python_setup_py'
[0.174s] Level 1:colcon.colcon_core.package_identification:_identify(src/DynamixelSDK) by extensions ['ignore', 'ignore_ament_install']
[0.174s] Level 1:colcon.colcon_core.package_identification:_identify(src/DynamixelSDK) by extension 'ignore'
[0.174s] Level 1:colcon.colcon_core.package_identification:_identify(src/DynamixelSDK) by extension 'ignore_ament_install'
[0.175s] Level 1:colcon.colcon_core.package_identification:_identify(src/DynamixelSDK) by extensions ['colcon_pkg']
[0.175s] Level 1:colcon.colcon_core.package_identification:_identify(src/DynamixelSDK) by extension 'colcon_pkg'
[0.175s] Level 1:colcon.colcon_core.package_identification:_identify(src/DynamixelSDK) by extensions ['colcon_meta']
[0.175s] Level 1:colcon.colcon_core.package_identification:_identify(src/DynamixelSDK) by extension 'colcon_meta'
[0.175s] Level 1:colcon.colcon_core.package_identification:_identify(src/DynamixelSDK) by extensions ['ros']
[0.175s] Level 1:colcon.colcon_core.package_identification:_identify(src/DynamixelSDK) by extension 'ros'
[0.175s] Level 1:colcon.colcon_core.package_identification:_identify(src/DynamixelSDK) by extensions ['cmake', 'python']
[0.175s] Level 1:colcon.colcon_core.package_identification:_identify(src/DynamixelSDK) by extension 'cmake'
[0.175s] Level 1:colcon.colcon_core.package_identification:_identify(src/DynamixelSDK) by extension 'python'
[0.175s] Level 1:colcon.colcon_core.package_identification:_identify(src/DynamixelSDK) by extensions ['python_setup_py']
[0.175s] Level 1:colcon.colcon_core.package_identification:_identify(src/DynamixelSDK) by extension 'python_setup_py'
[0.175s] Level 1:colcon.colcon_core.package_identification:_identify(src/DynamixelSDK/dynamixel_sdk) by extensions ['ignore', 'ignore_ament_install']
[0.175s] Level 1:colcon.colcon_core.package_identification:_identify(src/DynamixelSDK/dynamixel_sdk) by extension 'ignore'
[0.175s] Level 1:colcon.colcon_core.package_identification:_identify(src/DynamixelSDK/dynamixel_sdk) by extension 'ignore_ament_install'
[0.175s] Level 1:colcon.colcon_core.package_identification:_identify(src/DynamixelSDK/dynamixel_sdk) by extensions ['colcon_pkg']
[0.175s] Level 1:colcon.colcon_core.package_identification:_identify(src/DynamixelSDK/dynamixel_sdk) by extension 'colcon_pkg'
[0.175s] Level 1:colcon.colcon_core.package_identification:_identify(src/DynamixelSDK/dynamixel_sdk) by extensions ['colcon_meta']
[0.175s] Level 1:colcon.colcon_core.package_identification:_identify(src/DynamixelSDK/dynamixel_sdk) by extension 'colcon_meta'
[0.175s] Level 1:colcon.colcon_core.package_identification:_identify(src/DynamixelSDK/dynamixel_sdk) by extensions ['ros']
[0.175s] Level 1:colcon.colcon_core.package_identification:_identify(src/DynamixelSDK/dynamixel_sdk) by extension 'ros'
[0.178s] DEBUG:colcon.colcon_core.package_identification:Package 'src/DynamixelSDK/dynamixel_sdk' with type 'ros.ament_cmake' and name 'dynamixel_sdk'
[0.178s] Level 1:colcon.colcon_core.package_identification:_identify(src/DynamixelSDK/dynamixel_sdk_custom_interfaces) by extensions ['ignore', 'ignore_ament_install']
[0.178s] Level 1:colcon.colcon_core.package_identification:_identify(src/DynamixelSDK/dynamixel_sdk_custom_interfaces) by extension 'ignore'
[0.178s] Level 1:colcon.colcon_core.package_identification:_identify(src/DynamixelSDK/dynamixel_sdk_custom_interfaces) by extension 'ignore_ament_install'
[0.178s] Level 1:colcon.colcon_core.package_identification:_identify(src/DynamixelSDK/dynamixel_sdk_custom_interfaces) by extensions ['colcon_pkg']
[0.178s] Level 1:colcon.colcon_core.package_identification:_identify(src/DynamixelSDK/dynamixel_sdk_custom_interfaces) by extension 'colcon_pkg'
[0.178s] Level 1:colcon.colcon_core.package_identification:_identify(src/DynamixelSDK/dynamixel_sdk_custom_interfaces) by extensions ['colcon_meta']
[0.178s] Level 1:colcon.colcon_core.package_identification:_identify(src/DynamixelSDK/dynamixel_sdk_custom_interfaces) by extension 'colcon_meta'
[0.178s] Level 1:colcon.colcon_core.package_identification:_identify(src/DynamixelSDK/dynamixel_sdk_custom_interfaces) by extensions ['ros']
[0.178s] Level 1:colcon.colcon_core.package_identification:_identify(src/DynamixelSDK/dynamixel_sdk_custom_interfaces) by extension 'ros'
[0.179s] DEBUG:colcon.colcon_core.package_identification:Package 'src/DynamixelSDK/dynamixel_sdk_custom_interfaces' with type 'ros.ament_cmake' and name 'dynamixel_sdk_custom_interfaces'
[0.179s] Level 1:colcon.colcon_core.package_identification:_identify(src/DynamixelSDK/dynamixel_sdk_examples) by extensions ['ignore', 'ignore_ament_install']
[0.179s] Level 1:colcon.colcon_core.package_identification:_identify(src/DynamixelSDK/dynamixel_sdk_examples) by extension 'ignore'
[0.179s] Level 1:colcon.colcon_core.package_identification:_identify(src/DynamixelSDK/dynamixel_sdk_examples) by extension 'ignore_ament_install'
[0.179s] Level 1:colcon.colcon_core.package_identification:_identify(src/DynamixelSDK/dynamixel_sdk_examples) by extensions ['colcon_pkg']
[0.179s] Level 1:colcon.colcon_core.package_identification:_identify(src/DynamixelSDK/dynamixel_sdk_examples) by extension 'colcon_pkg'
[0.179s] Level 1:colcon.colcon_core.package_identification:_identify(src/DynamixelSDK/dynamixel_sdk_examples) by extensions ['colcon_meta']
[0.179s] Level 1:colcon.colcon_core.package_identification:_identify(src/DynamixelSDK/dynamixel_sdk_examples) by extension 'colcon_meta'
[0.179s] Level 1:colcon.colcon_core.package_identification:_identify(src/DynamixelSDK/dynamixel_sdk_examples) by extensions ['ros']
[0.179s] Level 1:colcon.colcon_core.package_identification:_identify(src/DynamixelSDK/dynamixel_sdk_examples) by extension 'ros'
[0.180s] DEBUG:colcon.colcon_core.package_identification:Package 'src/DynamixelSDK/dynamixel_sdk_examples' with type 'ros.ament_cmake' and name 'dynamixel_sdk_examples'
[0.180s] Level 1:colcon.colcon_core.package_identification:_identify(src/dynamixel-workbench) by extensions ['ignore', 'ignore_ament_install']
[0.180s] Level 1:colcon.colcon_core.package_identification:_identify(src/dynamixel-workbench) by extension 'ignore'
[0.180s] Level 1:colcon.colcon_core.package_identification:_identify(src/dynamixel-workbench) by extension 'ignore_ament_install'
[0.180s] Level 1:colcon.colcon_core.package_identification:_identify(src/dynamixel-workbench) by extensions ['colcon_pkg']
[0.180s] Level 1:colcon.colcon_core.package_identification:_identify(src/dynamixel-workbench) by extension 'colcon_pkg'
[0.180s] Level 1:colcon.colcon_core.package_identification:_identify(src/dynamixel-workbench) by extensions ['colcon_meta']
[0.180s] Level 1:colcon.colcon_core.package_identification:_identify(src/dynamixel-workbench) by extension 'colcon_meta'
[0.180s] Level 1:colcon.colcon_core.package_identification:_identify(src/dynamixel-workbench) by extensions ['ros']
[0.180s] Level 1:colcon.colcon_core.package_identification:_identify(src/dynamixel-workbench) by extension 'ros'
[0.181s] Level 1:colcon.colcon_core.package_identification:_identify(src/dynamixel-workbench) by extensions ['cmake', 'python']
[0.181s] Level 1:colcon.colcon_core.package_identification:_identify(src/dynamixel-workbench) by extension 'cmake'
[0.181s] Level 1:colcon.colcon_core.package_identification:_identify(src/dynamixel-workbench) by extension 'python'
[0.181s] Level 1:colcon.colcon_core.package_identification:_identify(src/dynamixel-workbench) by extensions ['python_setup_py']
[0.181s] Level 1:colcon.colcon_core.package_identification:_identify(src/dynamixel-workbench) by extension 'python_setup_py'
[0.181s] Level 1:colcon.colcon_core.package_identification:_identify(src/dynamixel-workbench/dynamixel_workbench) by extensions ['ignore', 'ignore_ament_install']
[0.181s] Level 1:colcon.colcon_core.package_identification:_identify(src/dynamixel-workbench/dynamixel_workbench) by extension 'ignore'
[0.181s] Level 1:colcon.colcon_core.package_identification:_identify(src/dynamixel-workbench/dynamixel_workbench) by extension 'ignore_ament_install'
[0.181s] Level 1:colcon.colcon_core.package_identification:_identify(src/dynamixel-workbench/dynamixel_workbench) by extensions ['colcon_pkg']
[0.181s] Level 1:colcon.colcon_core.package_identification:_identify(src/dynamixel-workbench/dynamixel_workbench) by extension 'colcon_pkg'
[0.181s] Level 1:colcon.colcon_core.package_identification:_identify(src/dynamixel-workbench/dynamixel_workbench) by extensions ['colcon_meta']
[0.181s] Level 1:colcon.colcon_core.package_identification:_identify(src/dynamixel-workbench/dynamixel_workbench) by extension 'colcon_meta'
[0.181s] Level 1:colcon.colcon_core.package_identification:_identify(src/dynamixel-workbench/dynamixel_workbench) by extensions ['ros']
[0.181s] Level 1:colcon.colcon_core.package_identification:_identify(src/dynamixel-workbench/dynamixel_workbench) by extension 'ros'
[0.182s] DEBUG:colcon.colcon_core.package_identification:Package 'src/dynamixel-workbench/dynamixel_workbench' with type 'ros.ament_cmake' and name 'dynamixel_workbench'
[0.182s] Level 1:colcon.colcon_core.package_identification:_identify(src/dynamixel-workbench/dynamixel_workbench_toolbox) by extensions ['ignore', 'ignore_ament_install']
[0.182s] Level 1:colcon.colcon_core.package_identification:_identify(src/dynamixel-workbench/dynamixel_workbench_toolbox) by extension 'ignore'
[0.182s] Level 1:colcon.colcon_core.package_identification:_identify(src/dynamixel-workbench/dynamixel_workbench_toolbox) by extension 'ignore_ament_install'
[0.182s] Level 1:colcon.colcon_core.package_identification:_identify(src/dynamixel-workbench/dynamixel_workbench_toolbox) by extensions ['colcon_pkg']
[0.182s] Level 1:colcon.colcon_core.package_identification:_identify(src/dynamixel-workbench/dynamixel_workbench_toolbox) by extension 'colcon_pkg'
[0.182s] Level 1:colcon.colcon_core.package_identification:_identify(src/dynamixel-workbench/dynamixel_workbench_toolbox) by extensions ['colcon_meta']
[0.182s] Level 1:colcon.colcon_core.package_identification:_identify(src/dynamixel-workbench/dynamixel_workbench_toolbox) by extension 'colcon_meta'
[0.182s] Level 1:colcon.colcon_core.package_identification:_identify(src/dynamixel-workbench/dynamixel_workbench_toolbox) by extensions ['ros']
[0.182s] Level 1:colcon.colcon_core.package_identification:_identify(src/dynamixel-workbench/dynamixel_workbench_toolbox) by extension 'ros'
[0.183s] DEBUG:colcon.colcon_core.package_identification:Package 'src/dynamixel-workbench/dynamixel_workbench_toolbox' with type 'ros.ament_cmake' and name 'dynamixel_workbench_toolbox'
[0.183s] Level 1:colcon.colcon_core.package_identification:_identify(src/dynamixel_hardware_interface) by extensions ['ignore', 'ignore_ament_install']
[0.183s] Level 1:colcon.colcon_core.package_identification:_identify(src/dynamixel_hardware_interface) by extension 'ignore'
[0.183s] Level 1:colcon.colcon_core.package_identification:_identify(src/dynamixel_hardware_interface) by extension 'ignore_ament_install'
[0.183s] Level 1:colcon.colcon_core.package_identification:_identify(src/dynamixel_hardware_interface) by extensions ['colcon_pkg']
[0.183s] Level 1:colcon.colcon_core.package_identification:_identify(src/dynamixel_hardware_interface) by extension 'colcon_pkg'
[0.183s] Level 1:colcon.colcon_core.package_identification:_identify(src/dynamixel_hardware_interface) by extensions ['colcon_meta']
[0.183s] Level 1:colcon.colcon_core.package_identification:_identify(src/dynamixel_hardware_interface) by extension 'colcon_meta'
[0.183s] Level 1:colcon.colcon_core.package_identification:_identify(src/dynamixel_hardware_interface) by extensions ['ros']
[0.183s] Level 1:colcon.colcon_core.package_identification:_identify(src/dynamixel_hardware_interface) by extension 'ros'
[0.184s] DEBUG:colcon.colcon_core.package_identification:Package 'src/dynamixel_hardware_interface' with type 'ros.ament_cmake' and name 'dynamixel_hardware_interface'
[0.184s] Level 1:colcon.colcon_core.package_identification:_identify(src/my_quadruped_bringup) by extensions ['ignore', 'ignore_ament_install']
[0.184s] Level 1:colcon.colcon_core.package_identification:_identify(src/my_quadruped_bringup) by extension 'ignore'
[0.184s] Level 1:colcon.colcon_core.package_identification:_identify(src/my_quadruped_bringup) by extension 'ignore_ament_install'
[0.184s] Level 1:colcon.colcon_core.package_identification:_identify(src/my_quadruped_bringup) by extensions ['colcon_pkg']
[0.184s] Level 1:colcon.colcon_core.package_identification:_identify(src/my_quadruped_bringup) by extension 'colcon_pkg'
[0.184s] Level 1:colcon.colcon_core.package_identification:_identify(src/my_quadruped_bringup) by extensions ['colcon_meta']
[0.184s] Level 1:colcon.colcon_core.package_identification:_identify(src/my_quadruped_bringup) by extension 'colcon_meta'
[0.184s] Level 1:colcon.colcon_core.package_identification:_identify(src/my_quadruped_bringup) by extensions ['ros']
[0.184s] Level 1:colcon.colcon_core.package_identification:_identify(src/my_quadruped_bringup) by extension 'ros'
[0.185s] DEBUG:colcon.colcon_core.package_identification:Package 'src/my_quadruped_bringup' with type 'ros.ament_cmake' and name 'my_quadruped_bringup'
[0.185s] Level 1:colcon.colcon_core.package_identification:_identify(src/my_robot_bringup) by extensions ['ignore', 'ignore_ament_install']
[0.185s] Level 1:colcon.colcon_core.package_identification:_identify(src/my_robot_bringup) by extension 'ignore'
[0.185s] Level 1:colcon.colcon_core.package_identification:_identify(src/my_robot_bringup) by extension 'ignore_ament_install'
[0.185s] Level 1:colcon.colcon_core.package_identification:_identify(src/my_robot_bringup) by extensions ['colcon_pkg']
[0.185s] Level 1:colcon.colcon_core.package_identification:_identify(src/my_robot_bringup) by extension 'colcon_pkg'
[0.185s] Level 1:colcon.colcon_core.package_identification:_identify(src/my_robot_bringup) by extensions ['colcon_meta']
[0.185s] Level 1:colcon.colcon_core.package_identification:_identify(src/my_robot_bringup) by extension 'colcon_meta'
[0.185s] Level 1:colcon.colcon_core.package_identification:_identify(src/my_robot_bringup) by extensions ['ros']
[0.185s] Level 1:colcon.colcon_core.package_identification:_identify(src/my_robot_bringup) by extension 'ros'
[0.186s] DEBUG:colcon.colcon_core.package_identification:Package 'src/my_robot_bringup' with type 'ros.ament_cmake' and name 'my_robot_bringup'
[0.186s] Level 1:colcon.colcon_core.package_identification:_identify(src/my_robot_hardware_interface) by extensions ['ignore', 'ignore_ament_install']
[0.186s] Level 1:colcon.colcon_core.package_identification:_identify(src/my_robot_hardware_interface) by extension 'ignore'
[0.186s] Level 1:colcon.colcon_core.package_identification:_identify(src/my_robot_hardware_interface) by extension 'ignore_ament_install'
[0.186s] Level 1:colcon.colcon_core.package_identification:_identify(src/my_robot_hardware_interface) by extensions ['colcon_pkg']
[0.186s] Level 1:colcon.colcon_core.package_identification:_identify(src/my_robot_hardware_interface) by extension 'colcon_pkg'
[0.186s] Level 1:colcon.colcon_core.package_identification:_identify(src/my_robot_hardware_interface) by extensions ['colcon_meta']
[0.186s] Level 1:colcon.colcon_core.package_identification:_identify(src/my_robot_hardware_interface) by extension 'colcon_meta'
[0.186s] Level 1:colcon.colcon_core.package_identification:_identify(src/my_robot_hardware_interface) by extensions ['ros']
[0.186s] Level 1:colcon.colcon_core.package_identification:_identify(src/my_robot_hardware_interface) by extension 'ros'
[0.187s] DEBUG:colcon.colcon_core.package_identification:Package 'src/my_robot_hardware_interface' with type 'ros.ament_cmake' and name 'my_robot_hardware_interface'
[0.187s] Level 1:colcon.colcon_core.package_identification:_identify(src/ros2_control_course) by extensions ['ignore', 'ignore_ament_install']
[0.187s] Level 1:colcon.colcon_core.package_identification:_identify(src/ros2_control_course) by extension 'ignore'
[0.187s] Level 1:colcon.colcon_core.package_identification:_identify(src/ros2_control_course) by extension 'ignore_ament_install'
[0.187s] Level 1:colcon.colcon_core.package_identification:_identify(src/ros2_control_course) by extensions ['colcon_pkg']
[0.188s] Level 1:colcon.colcon_core.package_identification:_identify(src/ros2_control_course) by extension 'colcon_pkg'
[0.188s] Level 1:colcon.colcon_core.package_identification:_identify(src/ros2_control_course) by extensions ['colcon_meta']
[0.188s] Level 1:colcon.colcon_core.package_identification:_identify(src/ros2_control_course) by extension 'colcon_meta'
[0.188s] Level 1:colcon.colcon_core.package_identification:_identify(src/ros2_control_course) by extensions ['ros']
[0.188s] Level 1:colcon.colcon_core.package_identification:_identify(src/ros2_control_course) by extension 'ros'
[0.188s] Level 1:colcon.colcon_core.package_identification:_identify(src/ros2_control_course) by extensions ['cmake', 'python']
[0.188s] Level 1:colcon.colcon_core.package_identification:_identify(src/ros2_control_course) by extension 'cmake'
[0.188s] Level 1:colcon.colcon_core.package_identification:_identify(src/ros2_control_course) by extension 'python'
[0.188s] Level 1:colcon.colcon_core.package_identification:_identify(src/ros2_control_course) by extensions ['python_setup_py']
[0.188s] Level 1:colcon.colcon_core.package_identification:_identify(src/ros2_control_course) by extension 'python_setup_py'
[0.188s] Level 1:colcon.colcon_core.package_identification:_identify(src/ros2_control_course/common) by extensions ['ignore', 'ignore_ament_install']
[0.188s] Level 1:colcon.colcon_core.package_identification:_identify(src/ros2_control_course/common) by extension 'ignore'
[0.188s] Level 1:colcon.colcon_core.package_identification:_identify(src/ros2_control_course/common) by extension 'ignore_ament_install'
[0.188s] Level 1:colcon.colcon_core.package_identification:_identify(src/ros2_control_course/common) by extensions ['colcon_pkg']
[0.188s] Level 1:colcon.colcon_core.package_identification:_identify(src/ros2_control_course/common) by extension 'colcon_pkg'
[0.188s] Level 1:colcon.colcon_core.package_identification:_identify(src/ros2_control_course/common) by extensions ['colcon_meta']
[0.188s] Level 1:colcon.colcon_core.package_identification:_identify(src/ros2_control_course/common) by extension 'colcon_meta'
[0.188s] Level 1:colcon.colcon_core.package_identification:_identify(src/ros2_control_course/common) by extensions ['ros']
[0.188s] Level 1:colcon.colcon_core.package_identification:_identify(src/ros2_control_course/common) by extension 'ros'
[0.188s] Level 1:colcon.colcon_core.package_identification:_identify(src/ros2_control_course/common) by extensions ['cmake', 'python']
[0.188s] Level 1:colcon.colcon_core.package_identification:_identify(src/ros2_control_course/common) by extension 'cmake'
[0.189s] Level 1:colcon.colcon_core.package_identification:_identify(src/ros2_control_course/common) by extension 'python'
[0.189s] Level 1:colcon.colcon_core.package_identification:_identify(src/ros2_control_course/common) by extensions ['python_setup_py']
[0.189s] Level 1:colcon.colcon_core.package_identification:_identify(src/ros2_control_course/common) by extension 'python_setup_py'
[0.189s] Level 1:colcon.colcon_core.package_identification:_identify(src/ros2_control_course/common/joint_trajectory_publisher) by extensions ['ignore', 'ignore_ament_install']
[0.189s] Level 1:colcon.colcon_core.package_identification:_identify(src/ros2_control_course/common/joint_trajectory_publisher) by extension 'ignore'
[0.189s] Level 1:colcon.colcon_core.package_identification:_identify(src/ros2_control_course/common/joint_trajectory_publisher) by extension 'ignore_ament_install'
[0.189s] Level 1:colcon.colcon_core.package_identification:_identify(src/ros2_control_course/common/joint_trajectory_publisher) by extensions ['colcon_pkg']
[0.189s] Level 1:colcon.colcon_core.package_identification:_identify(src/ros2_control_course/common/joint_trajectory_publisher) by extension 'colcon_pkg'
[0.190s] Level 1:colcon.colcon_core.package_identification:_identify(src/ros2_control_course/common/joint_trajectory_publisher) by extensions ['colcon_meta']
[0.190s] Level 1:colcon.colcon_core.package_identification:_identify(src/ros2_control_course/common/joint_trajectory_publisher) by extension 'colcon_meta'
[0.190s] Level 1:colcon.colcon_core.package_identification:_identify(src/ros2_control_course/common/joint_trajectory_publisher) by extensions ['ros']
[0.190s] Level 1:colcon.colcon_core.package_identification:_identify(src/ros2_control_course/common/joint_trajectory_publisher) by extension 'ros'
[0.190s] DEBUG:colcon.colcon_core.package_identification:Package 'src/ros2_control_course/common/joint_trajectory_publisher' with type 'ros.ament_python' and name 'joint_trajectory_publisher'
[0.190s] Level 1:colcon.colcon_core.package_identification:_identify(src/ros2_control_course/unit1) by extensions ['ignore', 'ignore_ament_install']
[0.190s] Level 1:colcon.colcon_core.package_identification:_identify(src/ros2_control_course/unit1) by extension 'ignore'
[0.190s] Level 1:colcon.colcon_core.package_identification:_identify(src/ros2_control_course/unit1) by extension 'ignore_ament_install'
[0.190s] Level 1:colcon.colcon_core.package_identification:_identify(src/ros2_control_course/unit1) by extensions ['colcon_pkg']
[0.190s] Level 1:colcon.colcon_core.package_identification:_identify(src/ros2_control_course/unit1) by extension 'colcon_pkg'
[0.191s] Level 1:colcon.colcon_core.package_identification:_identify(src/ros2_control_course/unit1) by extensions ['colcon_meta']
[0.191s] Level 1:colcon.colcon_core.package_identification:_identify(src/ros2_control_course/unit1) by extension 'colcon_meta'
[0.191s] Level 1:colcon.colcon_core.package_identification:_identify(src/ros2_control_course/unit1) by extensions ['ros']
[0.191s] Level 1:colcon.colcon_core.package_identification:_identify(src/ros2_control_course/unit1) by extension 'ros'
[0.191s] Level 1:colcon.colcon_core.package_identification:_identify(src/ros2_control_course/unit1) by extensions ['cmake', 'python']
[0.191s] Level 1:colcon.colcon_core.package_identification:_identify(src/ros2_control_course/unit1) by extension 'cmake'
[0.191s] Level 1:colcon.colcon_core.package_identification:_identify(src/ros2_control_course/unit1) by extension 'python'
[0.191s] Level 1:colcon.colcon_core.package_identification:_identify(src/ros2_control_course/unit1) by extensions ['python_setup_py']
[0.191s] Level 1:colcon.colcon_core.package_identification:_identify(src/ros2_control_course/unit1) by extension 'python_setup_py'
[0.191s] Level 1:colcon.colcon_core.package_identification:_identify(src/ros2_control_course/unit1/joint_trajectory_demo) by extensions ['ignore', 'ignore_ament_install']
[0.191s] Level 1:colcon.colcon_core.package_identification:_identify(src/ros2_control_course/unit1/joint_trajectory_demo) by extension 'ignore'
[0.191s] Level 1:colcon.colcon_core.package_identification:_identify(src/ros2_control_course/unit1/joint_trajectory_demo) by extension 'ignore_ament_install'
[0.191s] Level 1:colcon.colcon_core.package_identification:_identify(src/ros2_control_course/unit1/joint_trajectory_demo) by extensions ['colcon_pkg']
[0.191s] Level 1:colcon.colcon_core.package_identification:_identify(src/ros2_control_course/unit1/joint_trajectory_demo) by extension 'colcon_pkg'
[0.191s] Level 1:colcon.colcon_core.package_identification:_identify(src/ros2_control_course/unit1/joint_trajectory_demo) by extensions ['colcon_meta']
[0.191s] Level 1:colcon.colcon_core.package_identification:_identify(src/ros2_control_course/unit1/joint_trajectory_demo) by extension 'colcon_meta'
[0.191s] Level 1:colcon.colcon_core.package_identification:_identify(src/ros2_control_course/unit1/joint_trajectory_demo) by extensions ['ros']
[0.191s] Level 1:colcon.colcon_core.package_identification:_identify(src/ros2_control_course/unit1/joint_trajectory_demo) by extension 'ros'
[0.192s] DEBUG:colcon.colcon_core.package_identification:Package 'src/ros2_control_course/unit1/joint_trajectory_demo' with type 'ros.ament_python' and name 'joint_trajectory_demo'
[0.192s] Level 1:colcon.colcon_core.package_identification:_identify(src/ros2_control_course/unit2) by extensions ['ignore', 'ignore_ament_install']
[0.192s] Level 1:colcon.colcon_core.package_identification:_identify(src/ros2_control_course/unit2) by extension 'ignore'
[0.192s] Level 1:colcon.colcon_core.package_identification:_identify(src/ros2_control_course/unit2) by extension 'ignore_ament_install'
[0.192s] Level 1:colcon.colcon_core.package_identification:_identify(src/ros2_control_course/unit2) by extensions ['colcon_pkg']
[0.192s] Level 1:colcon.colcon_core.package_identification:_identify(src/ros2_control_course/unit2) by extension 'colcon_pkg'
[0.192s] Level 1:colcon.colcon_core.package_identification:_identify(src/ros2_control_course/unit2) by extensions ['colcon_meta']
[0.192s] Level 1:colcon.colcon_core.package_identification:_identify(src/ros2_control_course/unit2) by extension 'colcon_meta'
[0.192s] Level 1:colcon.colcon_core.package_identification:_identify(src/ros2_control_course/unit2) by extensions ['ros']
[0.192s] Level 1:colcon.colcon_core.package_identification:_identify(src/ros2_control_course/unit2) by extension 'ros'
[0.192s] Level 1:colcon.colcon_core.package_identification:_identify(src/ros2_control_course/unit2) by extensions ['cmake', 'python']
[0.193s] Level 1:colcon.colcon_core.package_identification:_identify(src/ros2_control_course/unit2) by extension 'cmake'
[0.193s] Level 1:colcon.colcon_core.package_identification:_identify(src/ros2_control_course/unit2) by extension 'python'
[0.193s] Level 1:colcon.colcon_core.package_identification:_identify(src/ros2_control_course/unit2) by extensions ['python_setup_py']
[0.193s] Level 1:colcon.colcon_core.package_identification:_identify(src/ros2_control_course/unit2) by extension 'python_setup_py'
[0.193s] Level 1:colcon.colcon_core.package_identification:_identify(src/ros2_control_course/unit2/rrbot_unit2) by extensions ['ignore', 'ignore_ament_install']
[0.193s] Level 1:colcon.colcon_core.package_identification:_identify(src/ros2_control_course/unit2/rrbot_unit2) by extension 'ignore'
[0.193s] Level 1:colcon.colcon_core.package_identification:_identify(src/ros2_control_course/unit2/rrbot_unit2) by extension 'ignore_ament_install'
[0.193s] Level 1:colcon.colcon_core.package_identification:_identify(src/ros2_control_course/unit2/rrbot_unit2) by extensions ['colcon_pkg']
[0.193s] Level 1:colcon.colcon_core.package_identification:_identify(src/ros2_control_course/unit2/rrbot_unit2) by extension 'colcon_pkg'
[0.193s] Level 1:colcon.colcon_core.package_identification:_identify(src/ros2_control_course/unit2/rrbot_unit2) by extensions ['colcon_meta']
[0.193s] Level 1:colcon.colcon_core.package_identification:_identify(src/ros2_control_course/unit2/rrbot_unit2) by extension 'colcon_meta'
[0.193s] Level 1:colcon.colcon_core.package_identification:_identify(src/ros2_control_course/unit2/rrbot_unit2) by extensions ['ros']
[0.193s] Level 1:colcon.colcon_core.package_identification:_identify(src/ros2_control_course/unit2/rrbot_unit2) by extension 'ros'
[0.194s] DEBUG:colcon.colcon_core.package_identification:Package 'src/ros2_control_course/unit2/rrbot_unit2' with type 'ros.ament_cmake' and name 'rrbot_unit2'
[0.194s] Level 1:colcon.colcon_core.package_identification:_identify(src/ros2_control_course/unit3) by extensions ['ignore', 'ignore_ament_install']
[0.194s] Level 1:colcon.colcon_core.package_identification:_identify(src/ros2_control_course/unit3) by extension 'ignore'
[0.194s] Level 1:colcon.colcon_core.package_identification:_identify(src/ros2_control_course/unit3) by extension 'ignore_ament_install'
[0.194s] Level 1:colcon.colcon_core.package_identification:_identify(src/ros2_control_course/unit3) by extensions ['colcon_pkg']
[0.194s] Level 1:colcon.colcon_core.package_identification:_identify(src/ros2_control_course/unit3) by extension 'colcon_pkg'
[0.194s] Level 1:colcon.colcon_core.package_identification:_identify(src/ros2_control_course/unit3) by extensions ['colcon_meta']
[0.194s] Level 1:colcon.colcon_core.package_identification:_identify(src/ros2_control_course/unit3) by extension 'colcon_meta'
[0.194s] Level 1:colcon.colcon_core.package_identification:_identify(src/ros2_control_course/unit3) by extensions ['ros']
[0.194s] Level 1:colcon.colcon_core.package_identification:_identify(src/ros2_control_course/unit3) by extension 'ros'
[0.194s] Level 1:colcon.colcon_core.package_identification:_identify(src/ros2_control_course/unit3) by extensions ['cmake', 'python']
[0.194s] Level 1:colcon.colcon_core.package_identification:_identify(src/ros2_control_course/unit3) by extension 'cmake'
[0.194s] Level 1:colcon.colcon_core.package_identification:_identify(src/ros2_control_course/unit3) by extension 'python'
[0.194s] Level 1:colcon.colcon_core.package_identification:_identify(src/ros2_control_course/unit3) by extensions ['python_setup_py']
[0.194s] Level 1:colcon.colcon_core.package_identification:_identify(src/ros2_control_course/unit3) by extension 'python_setup_py'
[0.195s] Level 1:colcon.colcon_core.package_identification:_identify(src/ros2_control_course/unit3/rrbot_unit3) by extensions ['ignore', 'ignore_ament_install']
[0.195s] Level 1:colcon.colcon_core.package_identification:_identify(src/ros2_control_course/unit3/rrbot_unit3) by extension 'ignore'
[0.195s] Level 1:colcon.colcon_core.package_identification:_identify(src/ros2_control_course/unit3/rrbot_unit3) by extension 'ignore_ament_install'
[0.195s] Level 1:colcon.colcon_core.package_identification:_identify(src/ros2_control_course/unit3/rrbot_unit3) by extensions ['colcon_pkg']
[0.195s] Level 1:colcon.colcon_core.package_identification:_identify(src/ros2_control_course/unit3/rrbot_unit3) by extension 'colcon_pkg'
[0.195s] Level 1:colcon.colcon_core.package_identification:_identify(src/ros2_control_course/unit3/rrbot_unit3) by extensions ['colcon_meta']
[0.195s] Level 1:colcon.colcon_core.package_identification:_identify(src/ros2_control_course/unit3/rrbot_unit3) by extension 'colcon_meta'
[0.195s] Level 1:colcon.colcon_core.package_identification:_identify(src/ros2_control_course/unit3/rrbot_unit3) by extensions ['ros']
[0.195s] Level 1:colcon.colcon_core.package_identification:_identify(src/ros2_control_course/unit3/rrbot_unit3) by extension 'ros'
[0.195s] DEBUG:colcon.colcon_core.package_identification:Package 'src/ros2_control_course/unit3/rrbot_unit3' with type 'ros.ament_cmake' and name 'rrbot_unit3'
[0.196s] Level 1:colcon.colcon_core.package_identification:_identify(src/ros2_control_course/unit4) by extensions ['ignore', 'ignore_ament_install']
[0.196s] Level 1:colcon.colcon_core.package_identification:_identify(src/ros2_control_course/unit4) by extension 'ignore'
[0.196s] Level 1:colcon.colcon_core.package_identification:_identify(src/ros2_control_course/unit4) by extension 'ignore_ament_install'
[0.196s] Level 1:colcon.colcon_core.package_identification:_identify(src/ros2_control_course/unit4) by extensions ['colcon_pkg']
[0.196s] Level 1:colcon.colcon_core.package_identification:_identify(src/ros2_control_course/unit4) by extension 'colcon_pkg'
[0.196s] Level 1:colcon.colcon_core.package_identification:_identify(src/ros2_control_course/unit4) by extensions ['colcon_meta']
[0.196s] Level 1:colcon.colcon_core.package_identification:_identify(src/ros2_control_course/unit4) by extension 'colcon_meta'
[0.196s] Level 1:colcon.colcon_core.package_identification:_identify(src/ros2_control_course/unit4) by extensions ['ros']
[0.196s] Level 1:colcon.colcon_core.package_identification:_identify(src/ros2_control_course/unit4) by extension 'ros'
[0.196s] Level 1:colcon.colcon_core.package_identification:_identify(src/ros2_control_course/unit4) by extensions ['cmake', 'python']
[0.196s] Level 1:colcon.colcon_core.package_identification:_identify(src/ros2_control_course/unit4) by extension 'cmake'
[0.196s] Level 1:colcon.colcon_core.package_identification:_identify(src/ros2_control_course/unit4) by extension 'python'
[0.196s] Level 1:colcon.colcon_core.package_identification:_identify(src/ros2_control_course/unit4) by extensions ['python_setup_py']
[0.196s] Level 1:colcon.colcon_core.package_identification:_identify(src/ros2_control_course/unit4) by extension 'python_setup_py'
[0.196s] Level 1:colcon.colcon_core.package_identification:_identify(src/ros2_control_course/unit4/rrbot_unit4) by extensions ['ignore', 'ignore_ament_install']
[0.196s] Level 1:colcon.colcon_core.package_identification:_identify(src/ros2_control_course/unit4/rrbot_unit4) by extension 'ignore'
[0.196s] Level 1:colcon.colcon_core.package_identification:_identify(src/ros2_control_course/unit4/rrbot_unit4) by extension 'ignore_ament_install'
[0.196s] Level 1:colcon.colcon_core.package_identification:_identify(src/ros2_control_course/unit4/rrbot_unit4) by extensions ['colcon_pkg']
[0.197s] Level 1:colcon.colcon_core.package_identification:_identify(src/ros2_control_course/unit4/rrbot_unit4) by extension 'colcon_pkg'
[0.197s] Level 1:colcon.colcon_core.package_identification:_identify(src/ros2_control_course/unit4/rrbot_unit4) by extensions ['colcon_meta']
[0.197s] Level 1:colcon.colcon_core.package_identification:_identify(src/ros2_control_course/unit4/rrbot_unit4) by extension 'colcon_meta'
[0.197s] Level 1:colcon.colcon_core.package_identification:_identify(src/ros2_control_course/unit4/rrbot_unit4) by extensions ['ros']
[0.197s] Level 1:colcon.colcon_core.package_identification:_identify(src/ros2_control_course/unit4/rrbot_unit4) by extension 'ros'
[0.197s] DEBUG:colcon.colcon_core.package_identification:Package 'src/ros2_control_course/unit4/rrbot_unit4' with type 'ros.ament_cmake' and name 'rrbot_unit4'
[0.197s] Level 1:colcon.colcon_core.package_identification:_identify(src/ros2_control_course/unit5) by extensions ['ignore', 'ignore_ament_install']
[0.197s] Level 1:colcon.colcon_core.package_identification:_identify(src/ros2_control_course/unit5) by extension 'ignore'
[0.197s] Level 1:colcon.colcon_core.package_identification:_identify(src/ros2_control_course/unit5) by extension 'ignore_ament_install'
[0.197s] Level 1:colcon.colcon_core.package_identification:_identify(src/ros2_control_course/unit5) by extensions ['colcon_pkg']
[0.198s] Level 1:colcon.colcon_core.package_identification:_identify(src/ros2_control_course/unit5) by extension 'colcon_pkg'
[0.198s] Level 1:colcon.colcon_core.package_identification:_identify(src/ros2_control_course/unit5) by extensions ['colcon_meta']
[0.198s] Level 1:colcon.colcon_core.package_identification:_identify(src/ros2_control_course/unit5) by extension 'colcon_meta'
[0.198s] Level 1:colcon.colcon_core.package_identification:_identify(src/ros2_control_course/unit5) by extensions ['ros']
[0.198s] Level 1:colcon.colcon_core.package_identification:_identify(src/ros2_control_course/unit5) by extension 'ros'
[0.198s] Level 1:colcon.colcon_core.package_identification:_identify(src/ros2_control_course/unit5) by extensions ['cmake', 'python']
[0.198s] Level 1:colcon.colcon_core.package_identification:_identify(src/ros2_control_course/unit5) by extension 'cmake'
[0.198s] Level 1:colcon.colcon_core.package_identification:_identify(src/ros2_control_course/unit5) by extension 'python'
[0.198s] Level 1:colcon.colcon_core.package_identification:_identify(src/ros2_control_course/unit5) by extensions ['python_setup_py']
[0.198s] Level 1:colcon.colcon_core.package_identification:_identify(src/ros2_control_course/unit5) by extension 'python_setup_py'
[0.198s] Level 1:colcon.colcon_core.package_identification:_identify(src/ros2_control_course/unit5/diffbot_description) by extensions ['ignore', 'ignore_ament_install']
[0.198s] Level 1:colcon.colcon_core.package_identification:_identify(src/ros2_control_course/unit5/diffbot_description) by extension 'ignore'
[0.198s] Level 1:colcon.colcon_core.package_identification:_identify(src/ros2_control_course/unit5/diffbot_description) by extension 'ignore_ament_install'
[0.198s] Level 1:colcon.colcon_core.package_identification:_identify(src/ros2_control_course/unit5/diffbot_description) by extensions ['colcon_pkg']
[0.198s] Level 1:colcon.colcon_core.package_identification:_identify(src/ros2_control_course/unit5/diffbot_description) by extension 'colcon_pkg'
[0.198s] Level 1:colcon.colcon_core.package_identification:_identify(src/ros2_control_course/unit5/diffbot_description) by extensions ['colcon_meta']
[0.198s] Level 1:colcon.colcon_core.package_identification:_identify(src/ros2_control_course/unit5/diffbot_description) by extension 'colcon_meta'
[0.198s] Level 1:colcon.colcon_core.package_identification:_identify(src/ros2_control_course/unit5/diffbot_description) by extensions ['ros']
[0.198s] Level 1:colcon.colcon_core.package_identification:_identify(src/ros2_control_course/unit5/diffbot_description) by extension 'ros'
[0.199s] DEBUG:colcon.colcon_core.package_identification:Package 'src/ros2_control_course/unit5/diffbot_description' with type 'ros.ament_cmake' and name 'diffbot_description'
[0.199s] Level 1:colcon.colcon_core.package_identification:_identify(src/ros2_control_course/unit5/diffbot_sim) by extensions ['ignore', 'ignore_ament_install']
[0.199s] Level 1:colcon.colcon_core.package_identification:_identify(src/ros2_control_course/unit5/diffbot_sim) by extension 'ignore'
[0.199s] Level 1:colcon.colcon_core.package_identification:_identify(src/ros2_control_course/unit5/diffbot_sim) by extension 'ignore_ament_install'
[0.199s] Level 1:colcon.colcon_core.package_identification:_identify(src/ros2_control_course/unit5/diffbot_sim) by extensions ['colcon_pkg']
[0.199s] Level 1:colcon.colcon_core.package_identification:_identify(src/ros2_control_course/unit5/diffbot_sim) by extension 'colcon_pkg'
[0.199s] Level 1:colcon.colcon_core.package_identification:_identify(src/ros2_control_course/unit5/diffbot_sim) by extensions ['colcon_meta']
[0.199s] Level 1:colcon.colcon_core.package_identification:_identify(src/ros2_control_course/unit5/diffbot_sim) by extension 'colcon_meta'
[0.200s] Level 1:colcon.colcon_core.package_identification:_identify(src/ros2_control_course/unit5/diffbot_sim) by extensions ['ros']
[0.200s] Level 1:colcon.colcon_core.package_identification:_identify(src/ros2_control_course/unit5/diffbot_sim) by extension 'ros'
[0.200s] DEBUG:colcon.colcon_core.package_identification:Package 'src/ros2_control_course/unit5/diffbot_sim' with type 'ros.ament_cmake' and name 'diffbot_sim'
[0.200s] Level 1:colcon.colcon_core.package_identification:_identify(src/ros2_control_course/unit5/rrbot_unit5) by extensions ['ignore', 'ignore_ament_install']
[0.200s] Level 1:colcon.colcon_core.package_identification:_identify(src/ros2_control_course/unit5/rrbot_unit5) by extension 'ignore'
[0.200s] Level 1:colcon.colcon_core.package_identification:_identify(src/ros2_control_course/unit5/rrbot_unit5) by extension 'ignore_ament_install'
[0.200s] Level 1:colcon.colcon_core.package_identification:_identify(src/ros2_control_course/unit5/rrbot_unit5) by extensions ['colcon_pkg']
[0.200s] Level 1:colcon.colcon_core.package_identification:_identify(src/ros2_control_course/unit5/rrbot_unit5) by extension 'colcon_pkg'
[0.201s] Level 1:colcon.colcon_core.package_identification:_identify(src/ros2_control_course/unit5/rrbot_unit5) by extensions ['colcon_meta']
[0.201s] Level 1:colcon.colcon_core.package_identification:_identify(src/ros2_control_course/unit5/rrbot_unit5) by extension 'colcon_meta'
[0.201s] Level 1:colcon.colcon_core.package_identification:_identify(src/ros2_control_course/unit5/rrbot_unit5) by extensions ['ros']
[0.201s] Level 1:colcon.colcon_core.package_identification:_identify(src/ros2_control_course/unit5/rrbot_unit5) by extension 'ros'
[0.201s] DEBUG:colcon.colcon_core.package_identification:Package 'src/ros2_control_course/unit5/rrbot_unit5' with type 'ros.ament_cmake' and name 'rrbot_unit5'
[0.201s] Level 1:colcon.colcon_core.package_identification:_identify(src/ros2_control_course/unit5/spawn_robot) by extensions ['ignore', 'ignore_ament_install']
[0.201s] Level 1:colcon.colcon_core.package_identification:_identify(src/ros2_control_course/unit5/spawn_robot) by extension 'ignore'
[0.201s] Level 1:colcon.colcon_core.package_identification:_identify(src/ros2_control_course/unit5/spawn_robot) by extension 'ignore_ament_install'
[0.201s] Level 1:colcon.colcon_core.package_identification:_identify(src/ros2_control_course/unit5/spawn_robot) by extensions ['colcon_pkg']
[0.201s] Level 1:colcon.colcon_core.package_identification:_identify(src/ros2_control_course/unit5/spawn_robot) by extension 'colcon_pkg'
[0.202s] Level 1:colcon.colcon_core.package_identification:_identify(src/ros2_control_course/unit5/spawn_robot) by extensions ['colcon_meta']
[0.202s] Level 1:colcon.colcon_core.package_identification:_identify(src/ros2_control_course/unit5/spawn_robot) by extension 'colcon_meta'
[0.202s] Level 1:colcon.colcon_core.package_identification:_identify(src/ros2_control_course/unit5/spawn_robot) by extensions ['ros']
[0.202s] Level 1:colcon.colcon_core.package_identification:_identify(src/ros2_control_course/unit5/spawn_robot) by extension 'ros'
[0.202s] DEBUG:colcon.colcon_core.package_identification:Package 'src/ros2_control_course/unit5/spawn_robot' with type 'ros.ament_cmake' and name 'spawn_robot'
[0.202s] Level 1:colcon.colcon_core.package_identification:_identify(src/ros2_control_course/unit6) by extensions ['ignore', 'ignore_ament_install']
[0.202s] Level 1:colcon.colcon_core.package_identification:_identify(src/ros2_control_course/unit6) by extension 'ignore'
[0.202s] Level 1:colcon.colcon_core.package_identification:_identify(src/ros2_control_course/unit6) by extension 'ignore_ament_install'
[0.202s] Level 1:colcon.colcon_core.package_identification:_identify(src/ros2_control_course/unit6) by extensions ['colcon_pkg']
[0.202s] Level 1:colcon.colcon_core.package_identification:_identify(src/ros2_control_course/unit6) by extension 'colcon_pkg'
[0.202s] Level 1:colcon.colcon_core.package_identification:_identify(src/ros2_control_course/unit6) by extensions ['colcon_meta']
[0.202s] Level 1:colcon.colcon_core.package_identification:_identify(src/ros2_control_course/unit6) by extension 'colcon_meta'
[0.203s] Level 1:colcon.colcon_core.package_identification:_identify(src/ros2_control_course/unit6) by extensions ['ros']
[0.203s] Level 1:colcon.colcon_core.package_identification:_identify(src/ros2_control_course/unit6) by extension 'ros'
[0.203s] Level 1:colcon.colcon_core.package_identification:_identify(src/ros2_control_course/unit6) by extensions ['cmake', 'python']
[0.203s] Level 1:colcon.colcon_core.package_identification:_identify(src/ros2_control_course/unit6) by extension 'cmake'
[0.203s] Level 1:colcon.colcon_core.package_identification:_identify(src/ros2_control_course/unit6) by extension 'python'
[0.203s] Level 1:colcon.colcon_core.package_identification:_identify(src/ros2_control_course/unit6) by extensions ['python_setup_py']
[0.203s] Level 1:colcon.colcon_core.package_identification:_identify(src/ros2_control_course/unit6) by extension 'python_setup_py'
[0.203s] Level 1:colcon.colcon_core.package_identification:_identify(src/ros2_control_course/unit6/solo_description) by extensions ['ignore', 'ignore_ament_install']
[0.203s] Level 1:colcon.colcon_core.package_identification:_identify(src/ros2_control_course/unit6/solo_description) by extension 'ignore'
[0.203s] Level 1:colcon.colcon_core.package_identification:_identify(src/ros2_control_course/unit6/solo_description) by extension 'ignore_ament_install'
[0.203s] Level 1:colcon.colcon_core.package_identification:_identify(src/ros2_control_course/unit6/solo_description) by extensions ['colcon_pkg']
[0.203s] Level 1:colcon.colcon_core.package_identification:_identify(src/ros2_control_course/unit6/solo_description) by extension 'colcon_pkg'
[0.203s] Level 1:colcon.colcon_core.package_identification:_identify(src/ros2_control_course/unit6/solo_description) by extensions ['colcon_meta']
[0.203s] Level 1:colcon.colcon_core.package_identification:_identify(src/ros2_control_course/unit6/solo_description) by extension 'colcon_meta'
[0.203s] Level 1:colcon.colcon_core.package_identification:_identify(src/ros2_control_course/unit6/solo_description) by extensions ['ros']
[0.203s] Level 1:colcon.colcon_core.package_identification:_identify(src/ros2_control_course/unit6/solo_description) by extension 'ros'
[0.204s] DEBUG:colcon.colcon_core.package_identification:Package 'src/ros2_control_course/unit6/solo_description' with type 'ros.ament_cmake' and name 'solo_description'
[0.204s] Level 1:colcon.colcon_core.package_identification:_identify(src/ros2_control_course/unit6/spawn_solo) by extensions ['ignore', 'ignore_ament_install']
[0.205s] Level 1:colcon.colcon_core.package_identification:_identify(src/ros2_control_course/unit6/spawn_solo) by extension 'ignore'
[0.205s] Level 1:colcon.colcon_core.package_identification:_identify(src/ros2_control_course/unit6/spawn_solo) by extension 'ignore_ament_install'
[0.205s] Level 1:colcon.colcon_core.package_identification:_identify(src/ros2_control_course/unit6/spawn_solo) by extensions ['colcon_pkg']
[0.205s] Level 1:colcon.colcon_core.package_identification:_identify(src/ros2_control_course/unit6/spawn_solo) by extension 'colcon_pkg'
[0.205s] Level 1:colcon.colcon_core.package_identification:_identify(src/ros2_control_course/unit6/spawn_solo) by extensions ['colcon_meta']
[0.205s] Level 1:colcon.colcon_core.package_identification:_identify(src/ros2_control_course/unit6/spawn_solo) by extension 'colcon_meta'
[0.205s] Level 1:colcon.colcon_core.package_identification:_identify(src/ros2_control_course/unit6/spawn_solo) by extensions ['ros']
[0.205s] Level 1:colcon.colcon_core.package_identification:_identify(src/ros2_control_course/unit6/spawn_solo) by extension 'ros'
[0.205s] DEBUG:colcon.colcon_core.package_identification:Package 'src/ros2_control_course/unit6/spawn_solo' with type 'ros.ament_cmake' and name 'spawn_solo'
[0.205s] Level 1:colcon.colcon_core.package_identification:_identify(src/rrbot_controller) by extensions ['ignore', 'ignore_ament_install']
[0.205s] Level 1:colcon.colcon_core.package_identification:_identify(src/rrbot_controller) by extension 'ignore'
[0.206s] Level 1:colcon.colcon_core.package_identification:_identify(src/rrbot_controller) by extension 'ignore_ament_install'
[0.206s] Level 1:colcon.colcon_core.package_identification:_identify(src/rrbot_controller) by extensions ['colcon_pkg']
[0.206s] Level 1:colcon.colcon_core.package_identification:_identify(src/rrbot_controller) by extension 'colcon_pkg'
[0.206s] Level 1:colcon.colcon_core.package_identification:_identify(src/rrbot_controller) by extensions ['colcon_meta']
[0.206s] Level 1:colcon.colcon_core.package_identification:_identify(src/rrbot_controller) by extension 'colcon_meta'
[0.206s] Level 1:colcon.colcon_core.package_identification:_identify(src/rrbot_controller) by extensions ['ros']
[0.206s] Level 1:colcon.colcon_core.package_identification:_identify(src/rrbot_controller) by extension 'ros'
[0.207s] DEBUG:colcon.colcon_core.package_identification:Package 'src/rrbot_controller' with type 'ros.ament_cmake' and name 'rrbot_controller'
[0.207s] Level 1:colcon.colcon_core.package_discovery:discover_packages(recursive) using defaults
[0.207s] Level 1:colcon.colcon_core.package_discovery:discover_packages(ignore) discover
[0.207s] Level 1:colcon.colcon_core.package_discovery:discover_packages(ignore) using defaults
[0.207s] Level 1:colcon.colcon_core.package_discovery:discover_packages(path) discover
[0.207s] Level 1:colcon.colcon_core.package_discovery:discover_packages(path) using defaults
[0.227s] Level 5:colcon.colcon_core.verb:set package 'diffbot_description' build argument 'cmake_args' from command line to 'None'
[0.227s] Level 5:colcon.colcon_core.verb:set package 'diffbot_description' build argument 'cmake_target' from command line to 'None'
[0.227s] Level 5:colcon.colcon_core.verb:set package 'diffbot_description' build argument 'cmake_target_skip_unavailable' from command line to 'False'
[0.227s] Level 5:colcon.colcon_core.verb:set package 'diffbot_description' build argument 'cmake_clean_cache' from command line to 'False'
[0.227s] Level 5:colcon.colcon_core.verb:set package 'diffbot_description' build argument 'cmake_clean_first' from command line to 'False'
[0.227s] Level 5:colcon.colcon_core.verb:set package 'diffbot_description' build argument 'cmake_force_configure' from command line to 'False'
[0.227s] Level 5:colcon.colcon_core.verb:set package 'diffbot_description' build argument 'ament_cmake_args' from command line to 'None'
[0.227s] Level 5:colcon.colcon_core.verb:set package 'diffbot_description' build argument 'catkin_cmake_args' from command line to 'None'
[0.227s] Level 5:colcon.colcon_core.verb:set package 'diffbot_description' build argument 'catkin_skip_building_tests' from command line to 'False'
[0.227s] DEBUG:colcon.colcon_core.verb:Building package 'diffbot_description' with the following arguments: {'ament_cmake_args': None, 'build_base': '/home/user/ros2_ws/build/diffbot_description', 'catkin_cmake_args': None, 'catkin_skip_building_tests': False, 'cmake_args': None, 'cmake_clean_cache': False, 'cmake_clean_first': False, 'cmake_force_configure': False, 'cmake_target': None, 'cmake_target_skip_unavailable': False, 'install_base': '/home/user/ros2_ws/install/diffbot_description', 'merge_install': False, 'path': '/home/user/ros2_ws/src/ros2_control_course/unit5/diffbot_description', 'symlink_install': False, 'test_result_base': None}
[0.228s] Level 5:colcon.colcon_core.verb:set package 'diffbot_sim' build argument 'cmake_args' from command line to 'None'
[0.228s] Level 5:colcon.colcon_core.verb:set package 'diffbot_sim' build argument 'cmake_target' from command line to 'None'
[0.228s] Level 5:colcon.colcon_core.verb:set package 'diffbot_sim' build argument 'cmake_target_skip_unavailable' from command line to 'False'
[0.228s] Level 5:colcon.colcon_core.verb:set package 'diffbot_sim' build argument 'cmake_clean_cache' from command line to 'False'
[0.228s] Level 5:colcon.colcon_core.verb:set package 'diffbot_sim' build argument 'cmake_clean_first' from command line to 'False'
[0.228s] Level 5:colcon.colcon_core.verb:set package 'diffbot_sim' build argument 'cmake_force_configure' from command line to 'False'
[0.228s] Level 5:colcon.colcon_core.verb:set package 'diffbot_sim' build argument 'ament_cmake_args' from command line to 'None'
[0.228s] Level 5:colcon.colcon_core.verb:set package 'diffbot_sim' build argument 'catkin_cmake_args' from command line to 'None'
[0.228s] Level 5:colcon.colcon_core.verb:set package 'diffbot_sim' build argument 'catkin_skip_building_tests' from command line to 'False'
[0.228s] DEBUG:colcon.colcon_core.verb:Building package 'diffbot_sim' with the following arguments: {'ament_cmake_args': None, 'build_base': '/home/user/ros2_ws/build/diffbot_sim', 'catkin_cmake_args': None, 'catkin_skip_building_tests': False, 'cmake_args': None, 'cmake_clean_cache': False, 'cmake_clean_first': False, 'cmake_force_configure': False, 'cmake_target': None, 'cmake_target_skip_unavailable': False, 'install_base': '/home/user/ros2_ws/install/diffbot_sim', 'merge_install': False, 'path': '/home/user/ros2_ws/src/ros2_control_course/unit5/diffbot_sim', 'symlink_install': False, 'test_result_base': None}
[0.228s] Level 5:colcon.colcon_core.verb:set package 'dynamixel_sdk' build argument 'cmake_args' from command line to 'None'
[0.228s] Level 5:colcon.colcon_core.verb:set package 'dynamixel_sdk' build argument 'cmake_target' from command line to 'None'
[0.228s] Level 5:colcon.colcon_core.verb:set package 'dynamixel_sdk' build argument 'cmake_target_skip_unavailable' from command line to 'False'
[0.228s] Level 5:colcon.colcon_core.verb:set package 'dynamixel_sdk' build argument 'cmake_clean_cache' from command line to 'False'
[0.228s] Level 5:colcon.colcon_core.verb:set package 'dynamixel_sdk' build argument 'cmake_clean_first' from command line to 'False'
[0.228s] Level 5:colcon.colcon_core.verb:set package 'dynamixel_sdk' build argument 'cmake_force_configure' from command line to 'False'
[0.228s] Level 5:colcon.colcon_core.verb:set package 'dynamixel_sdk' build argument 'ament_cmake_args' from command line to 'None'
[0.228s] Level 5:colcon.colcon_core.verb:set package 'dynamixel_sdk' build argument 'catkin_cmake_args' from command line to 'None'
[0.228s] Level 5:colcon.colcon_core.verb:set package 'dynamixel_sdk' build argument 'catkin_skip_building_tests' from command line to 'False'
[0.228s] DEBUG:colcon.colcon_core.verb:Building package 'dynamixel_sdk' with the following arguments: {'ament_cmake_args': None, 'build_base': '/home/user/ros2_ws/build/dynamixel_sdk', 'catkin_cmake_args': None, 'catkin_skip_building_tests': False, 'cmake_args': None, 'cmake_clean_cache': False, 'cmake_clean_first': False, 'cmake_force_configure': False, 'cmake_target': None, 'cmake_target_skip_unavailable': False, 'install_base': '/home/user/ros2_ws/install/dynamixel_sdk', 'merge_install': False, 'path': '/home/user/ros2_ws/src/DynamixelSDK/dynamixel_sdk', 'symlink_install': False, 'test_result_base': None}
[0.229s] Level 5:colcon.colcon_core.verb:set package 'dynamixel_sdk_custom_interfaces' build argument 'cmake_args' from command line to 'None'
[0.229s] Level 5:colcon.colcon_core.verb:set package 'dynamixel_sdk_custom_interfaces' build argument 'cmake_target' from command line to 'None'
[0.229s] Level 5:colcon.colcon_core.verb:set package 'dynamixel_sdk_custom_interfaces' build argument 'cmake_target_skip_unavailable' from command line to 'False'
[0.229s] Level 5:colcon.colcon_core.verb:set package 'dynamixel_sdk_custom_interfaces' build argument 'cmake_clean_cache' from command line to 'False'
[0.229s] Level 5:colcon.colcon_core.verb:set package 'dynamixel_sdk_custom_interfaces' build argument 'cmake_clean_first' from command line to 'False'
[0.229s] Level 5:colcon.colcon_core.verb:set package 'dynamixel_sdk_custom_interfaces' build argument 'cmake_force_configure' from command line to 'False'
[0.229s] Level 5:colcon.colcon_core.verb:set package 'dynamixel_sdk_custom_interfaces' build argument 'ament_cmake_args' from command line to 'None'
[0.229s] Level 5:colcon.colcon_core.verb:set package 'dynamixel_sdk_custom_interfaces' build argument 'catkin_cmake_args' from command line to 'None'
[0.229s] Level 5:colcon.colcon_core.verb:set package 'dynamixel_sdk_custom_interfaces' build argument 'catkin_skip_building_tests' from command line to 'False'
[0.229s] DEBUG:colcon.colcon_core.verb:Building package 'dynamixel_sdk_custom_interfaces' with the following arguments: {'ament_cmake_args': None, 'build_base': '/home/user/ros2_ws/build/dynamixel_sdk_custom_interfaces', 'catkin_cmake_args': None, 'catkin_skip_building_tests': False, 'cmake_args': None, 'cmake_clean_cache': False, 'cmake_clean_first': False, 'cmake_force_configure': False, 'cmake_target': None, 'cmake_target_skip_unavailable': False, 'install_base': '/home/user/ros2_ws/install/dynamixel_sdk_custom_interfaces', 'merge_install': False, 'path': '/home/user/ros2_ws/src/DynamixelSDK/dynamixel_sdk_custom_interfaces', 'symlink_install': False, 'test_result_base': None}
[0.229s] Level 5:colcon.colcon_core.verb:set package 'joint_trajectory_demo' build argument 'cmake_args' from command line to 'None'
[0.229s] Level 5:colcon.colcon_core.verb:set package 'joint_trajectory_demo' build argument 'cmake_target' from command line to 'None'
[0.229s] Level 5:colcon.colcon_core.verb:set package 'joint_trajectory_demo' build argument 'cmake_target_skip_unavailable' from command line to 'False'
[0.229s] Level 5:colcon.colcon_core.verb:set package 'joint_trajectory_demo' build argument 'cmake_clean_cache' from command line to 'False'
[0.229s] Level 5:colcon.colcon_core.verb:set package 'joint_trajectory_demo' build argument 'cmake_clean_first' from command line to 'False'
[0.229s] Level 5:colcon.colcon_core.verb:set package 'joint_trajectory_demo' build argument 'cmake_force_configure' from command line to 'False'
[0.229s] Level 5:colcon.colcon_core.verb:set package 'joint_trajectory_demo' build argument 'ament_cmake_args' from command line to 'None'
[0.229s] Level 5:colcon.colcon_core.verb:set package 'joint_trajectory_demo' build argument 'catkin_cmake_args' from command line to 'None'
[0.229s] Level 5:colcon.colcon_core.verb:set package 'joint_trajectory_demo' build argument 'catkin_skip_building_tests' from command line to 'False'
[0.229s] DEBUG:colcon.colcon_core.verb:Building package 'joint_trajectory_demo' with the following arguments: {'ament_cmake_args': None, 'build_base': '/home/user/ros2_ws/build/joint_trajectory_demo', 'catkin_cmake_args': None, 'catkin_skip_building_tests': False, 'cmake_args': None, 'cmake_clean_cache': False, 'cmake_clean_first': False, 'cmake_force_configure': False, 'cmake_target': None, 'cmake_target_skip_unavailable': False, 'install_base': '/home/user/ros2_ws/install/joint_trajectory_demo', 'merge_install': False, 'path': '/home/user/ros2_ws/src/ros2_control_course/unit1/joint_trajectory_demo', 'symlink_install': False, 'test_result_base': None}
[0.230s] Level 5:colcon.colcon_core.verb:set package 'joint_trajectory_publisher' build argument 'cmake_args' from command line to 'None'
[0.230s] Level 5:colcon.colcon_core.verb:set package 'joint_trajectory_publisher' build argument 'cmake_target' from command line to 'None'
[0.230s] Level 5:colcon.colcon_core.verb:set package 'joint_trajectory_publisher' build argument 'cmake_target_skip_unavailable' from command line to 'False'
[0.230s] Level 5:colcon.colcon_core.verb:set package 'joint_trajectory_publisher' build argument 'cmake_clean_cache' from command line to 'False'
[0.230s] Level 5:colcon.colcon_core.verb:set package 'joint_trajectory_publisher' build argument 'cmake_clean_first' from command line to 'False'
[0.230s] Level 5:colcon.colcon_core.verb:set package 'joint_trajectory_publisher' build argument 'cmake_force_configure' from command line to 'False'
[0.230s] Level 5:colcon.colcon_core.verb:set package 'joint_trajectory_publisher' build argument 'ament_cmake_args' from command line to 'None'
[0.230s] Level 5:colcon.colcon_core.verb:set package 'joint_trajectory_publisher' build argument 'catkin_cmake_args' from command line to 'None'
[0.230s] Level 5:colcon.colcon_core.verb:set package 'joint_trajectory_publisher' build argument 'catkin_skip_building_tests' from command line to 'False'
[0.230s] DEBUG:colcon.colcon_core.verb:Building package 'joint_trajectory_publisher' with the following arguments: {'ament_cmake_args': None, 'build_base': '/home/user/ros2_ws/build/joint_trajectory_publisher', 'catkin_cmake_args': None, 'catkin_skip_building_tests': False, 'cmake_args': None, 'cmake_clean_cache': False, 'cmake_clean_first': False, 'cmake_force_configure': False, 'cmake_target': None, 'cmake_target_skip_unavailable': False, 'install_base': '/home/user/ros2_ws/install/joint_trajectory_publisher', 'merge_install': False, 'path': '/home/user/ros2_ws/src/ros2_control_course/common/joint_trajectory_publisher', 'symlink_install': False, 'test_result_base': None}
[0.230s] Level 5:colcon.colcon_core.verb:set package 'my_quadruped_bringup' build argument 'cmake_args' from command line to 'None'
[0.230s] Level 5:colcon.colcon_core.verb:set package 'my_quadruped_bringup' build argument 'cmake_target' from command line to 'None'
[0.230s] Level 5:colcon.colcon_core.verb:set package 'my_quadruped_bringup' build argument 'cmake_target_skip_unavailable' from command line to 'False'
[0.230s] Level 5:colcon.colcon_core.verb:set package 'my_quadruped_bringup' build argument 'cmake_clean_cache' from command line to 'False'
[0.230s] Level 5:colcon.colcon_core.verb:set package 'my_quadruped_bringup' build argument 'cmake_clean_first' from command line to 'False'
[0.230s] Level 5:colcon.colcon_core.verb:set package 'my_quadruped_bringup' build argument 'cmake_force_configure' from command line to 'False'
[0.230s] Level 5:colcon.colcon_core.verb:set package 'my_quadruped_bringup' build argument 'ament_cmake_args' from command line to 'None'
[0.230s] Level 5:colcon.colcon_core.verb:set package 'my_quadruped_bringup' build argument 'catkin_cmake_args' from command line to 'None'
[0.230s] Level 5:colcon.colcon_core.verb:set package 'my_quadruped_bringup' build argument 'catkin_skip_building_tests' from command line to 'False'
[0.230s] DEBUG:colcon.colcon_core.verb:Building package 'my_quadruped_bringup' with the following arguments: {'ament_cmake_args': None, 'build_base': '/home/user/ros2_ws/build/my_quadruped_bringup', 'catkin_cmake_args': None, 'catkin_skip_building_tests': False, 'cmake_args': None, 'cmake_clean_cache': False, 'cmake_clean_first': False, 'cmake_force_configure': False, 'cmake_target': None, 'cmake_target_skip_unavailable': False, 'install_base': '/home/user/ros2_ws/install/my_quadruped_bringup', 'merge_install': False, 'path': '/home/user/ros2_ws/src/my_quadruped_bringup', 'symlink_install': False, 'test_result_base': None}
[0.231s] Level 5:colcon.colcon_core.verb:set package 'my_robot_bringup' build argument 'cmake_args' from command line to 'None'
[0.231s] Level 5:colcon.colcon_core.verb:set package 'my_robot_bringup' build argument 'cmake_target' from command line to 'None'
[0.231s] Level 5:colcon.colcon_core.verb:set package 'my_robot_bringup' build argument 'cmake_target_skip_unavailable' from command line to 'False'
[0.231s] Level 5:colcon.colcon_core.verb:set package 'my_robot_bringup' build argument 'cmake_clean_cache' from command line to 'False'
[0.231s] Level 5:colcon.colcon_core.verb:set package 'my_robot_bringup' build argument 'cmake_clean_first' from command line to 'False'
[0.231s] Level 5:colcon.colcon_core.verb:set package 'my_robot_bringup' build argument 'cmake_force_configure' from command line to 'False'
[0.231s] Level 5:colcon.colcon_core.verb:set package 'my_robot_bringup' build argument 'ament_cmake_args' from command line to 'None'
[0.231s] Level 5:colcon.colcon_core.verb:set package 'my_robot_bringup' build argument 'catkin_cmake_args' from command line to 'None'
[0.231s] Level 5:colcon.colcon_core.verb:set package 'my_robot_bringup' build argument 'catkin_skip_building_tests' from command line to 'False'
[0.231s] DEBUG:colcon.colcon_core.verb:Building package 'my_robot_bringup' with the following arguments: {'ament_cmake_args': None, 'build_base': '/home/user/ros2_ws/build/my_robot_bringup', 'catkin_cmake_args': None, 'catkin_skip_building_tests': False, 'cmake_args': None, 'cmake_clean_cache': False, 'cmake_clean_first': False, 'cmake_force_configure': False, 'cmake_target': None, 'cmake_target_skip_unavailable': False, 'install_base': '/home/user/ros2_ws/install/my_robot_bringup', 'merge_install': False, 'path': '/home/user/ros2_ws/src/my_robot_bringup', 'symlink_install': False, 'test_result_base': None}
[0.231s] Level 5:colcon.colcon_core.verb:set package 'my_robot_hardware_interface' build argument 'cmake_args' from command line to 'None'
[0.231s] Level 5:colcon.colcon_core.verb:set package 'my_robot_hardware_interface' build argument 'cmake_target' from command line to 'None'
[0.231s] Level 5:colcon.colcon_core.verb:set package 'my_robot_hardware_interface' build argument 'cmake_target_skip_unavailable' from command line to 'False'
[0.231s] Level 5:colcon.colcon_core.verb:set package 'my_robot_hardware_interface' build argument 'cmake_clean_cache' from command line to 'False'
[0.231s] Level 5:colcon.colcon_core.verb:set package 'my_robot_hardware_interface' build argument 'cmake_clean_first' from command line to 'False'
[0.231s] Level 5:colcon.colcon_core.verb:set package 'my_robot_hardware_interface' build argument 'cmake_force_configure' from command line to 'False'
[0.231s] Level 5:colcon.colcon_core.verb:set package 'my_robot_hardware_interface' build argument 'ament_cmake_args' from command line to 'None'
[0.231s] Level 5:colcon.colcon_core.verb:set package 'my_robot_hardware_interface' build argument 'catkin_cmake_args' from command line to 'None'
[0.231s] Level 5:colcon.colcon_core.verb:set package 'my_robot_hardware_interface' build argument 'catkin_skip_building_tests' from command line to 'False'
[0.231s] DEBUG:colcon.colcon_core.verb:Building package 'my_robot_hardware_interface' with the following arguments: {'ament_cmake_args': None, 'build_base': '/home/user/ros2_ws/build/my_robot_hardware_interface', 'catkin_cmake_args': None, 'catkin_skip_building_tests': False, 'cmake_args': None, 'cmake_clean_cache': False, 'cmake_clean_first': False, 'cmake_force_configure': False, 'cmake_target': None, 'cmake_target_skip_unavailable': False, 'install_base': '/home/user/ros2_ws/install/my_robot_hardware_interface', 'merge_install': False, 'path': '/home/user/ros2_ws/src/my_robot_hardware_interface', 'symlink_install': False, 'test_result_base': None}
[0.231s] Level 5:colcon.colcon_core.verb:set package 'rrbot_controller' build argument 'cmake_args' from command line to 'None'
[0.232s] Level 5:colcon.colcon_core.verb:set package 'rrbot_controller' build argument 'cmake_target' from command line to 'None'
[0.232s] Level 5:colcon.colcon_core.verb:set package 'rrbot_controller' build argument 'cmake_target_skip_unavailable' from command line to 'False'
[0.232s] Level 5:colcon.colcon_core.verb:set package 'rrbot_controller' build argument 'cmake_clean_cache' from command line to 'False'
[0.232s] Level 5:colcon.colcon_core.verb:set package 'rrbot_controller' build argument 'cmake_clean_first' from command line to 'False'
[0.232s] Level 5:colcon.colcon_core.verb:set package 'rrbot_controller' build argument 'cmake_force_configure' from command line to 'False'
[0.232s] Level 5:colcon.colcon_core.verb:set package 'rrbot_controller' build argument 'ament_cmake_args' from command line to 'None'
[0.232s] Level 5:colcon.colcon_core.verb:set package 'rrbot_controller' build argument 'catkin_cmake_args' from command line to 'None'
[0.232s] Level 5:colcon.colcon_core.verb:set package 'rrbot_controller' build argument 'catkin_skip_building_tests' from command line to 'False'
[0.232s] DEBUG:colcon.colcon_core.verb:Building package 'rrbot_controller' with the following arguments: {'ament_cmake_args': None, 'build_base': '/home/user/ros2_ws/build/rrbot_controller', 'catkin_cmake_args': None, 'catkin_skip_building_tests': False, 'cmake_args': None, 'cmake_clean_cache': False, 'cmake_clean_first': False, 'cmake_force_configure': False, 'cmake_target': None, 'cmake_target_skip_unavailable': False, 'install_base': '/home/user/ros2_ws/install/rrbot_controller', 'merge_install': False, 'path': '/home/user/ros2_ws/src/rrbot_controller', 'symlink_install': False, 'test_result_base': None}
[0.232s] Level 5:colcon.colcon_core.verb:set package 'rrbot_unit2' build argument 'cmake_args' from command line to 'None'
[0.232s] Level 5:colcon.colcon_core.verb:set package 'rrbot_unit2' build argument 'cmake_target' from command line to 'None'
[0.232s] Level 5:colcon.colcon_core.verb:set package 'rrbot_unit2' build argument 'cmake_target_skip_unavailable' from command line to 'False'
[0.232s] Level 5:colcon.colcon_core.verb:set package 'rrbot_unit2' build argument 'cmake_clean_cache' from command line to 'False'
[0.232s] Level 5:colcon.colcon_core.verb:set package 'rrbot_unit2' build argument 'cmake_clean_first' from command line to 'False'
[0.232s] Level 5:colcon.colcon_core.verb:set package 'rrbot_unit2' build argument 'cmake_force_configure' from command line to 'False'
[0.232s] Level 5:colcon.colcon_core.verb:set package 'rrbot_unit2' build argument 'ament_cmake_args' from command line to 'None'
[0.232s] Level 5:colcon.colcon_core.verb:set package 'rrbot_unit2' build argument 'catkin_cmake_args' from command line to 'None'
[0.232s] Level 5:colcon.colcon_core.verb:set package 'rrbot_unit2' build argument 'catkin_skip_building_tests' from command line to 'False'
[0.232s] DEBUG:colcon.colcon_core.verb:Building package 'rrbot_unit2' with the following arguments: {'ament_cmake_args': None, 'build_base': '/home/user/ros2_ws/build/rrbot_unit2', 'catkin_cmake_args': None, 'catkin_skip_building_tests': False, 'cmake_args': None, 'cmake_clean_cache': False, 'cmake_clean_first': False, 'cmake_force_configure': False, 'cmake_target': None, 'cmake_target_skip_unavailable': False, 'install_base': '/home/user/ros2_ws/install/rrbot_unit2', 'merge_install': False, 'path': '/home/user/ros2_ws/src/ros2_control_course/unit2/rrbot_unit2', 'symlink_install': False, 'test_result_base': None}
[0.232s] Level 5:colcon.colcon_core.verb:set package 'rrbot_unit3' build argument 'cmake_args' from command line to 'None'
[0.232s] Level 5:colcon.colcon_core.verb:set package 'rrbot_unit3' build argument 'cmake_target' from command line to 'None'
[0.233s] Level 5:colcon.colcon_core.verb:set package 'rrbot_unit3' build argument 'cmake_target_skip_unavailable' from command line to 'False'
[0.233s] Level 5:colcon.colcon_core.verb:set package 'rrbot_unit3' build argument 'cmake_clean_cache' from command line to 'False'
[0.233s] Level 5:colcon.colcon_core.verb:set package 'rrbot_unit3' build argument 'cmake_clean_first' from command line to 'False'
[0.233s] Level 5:colcon.colcon_core.verb:set package 'rrbot_unit3' build argument 'cmake_force_configure' from command line to 'False'
[0.233s] Level 5:colcon.colcon_core.verb:set package 'rrbot_unit3' build argument 'ament_cmake_args' from command line to 'None'
[0.233s] Level 5:colcon.colcon_core.verb:set package 'rrbot_unit3' build argument 'catkin_cmake_args' from command line to 'None'
[0.233s] Level 5:colcon.colcon_core.verb:set package 'rrbot_unit3' build argument 'catkin_skip_building_tests' from command line to 'False'
[0.233s] DEBUG:colcon.colcon_core.verb:Building package 'rrbot_unit3' with the following arguments: {'ament_cmake_args': None, 'build_base': '/home/user/ros2_ws/build/rrbot_unit3', 'catkin_cmake_args': None, 'catkin_skip_building_tests': False, 'cmake_args': None, 'cmake_clean_cache': False, 'cmake_clean_first': False, 'cmake_force_configure': False, 'cmake_target': None, 'cmake_target_skip_unavailable': False, 'install_base': '/home/user/ros2_ws/install/rrbot_unit3', 'merge_install': False, 'path': '/home/user/ros2_ws/src/ros2_control_course/unit3/rrbot_unit3', 'symlink_install': False, 'test_result_base': None}
[0.233s] Level 5:colcon.colcon_core.verb:set package 'rrbot_unit4' build argument 'cmake_args' from command line to 'None'
[0.233s] Level 5:colcon.colcon_core.verb:set package 'rrbot_unit4' build argument 'cmake_target' from command line to 'None'
[0.233s] Level 5:colcon.colcon_core.verb:set package 'rrbot_unit4' build argument 'cmake_target_skip_unavailable' from command line to 'False'
[0.233s] Level 5:colcon.colcon_core.verb:set package 'rrbot_unit4' build argument 'cmake_clean_cache' from command line to 'False'
[0.233s] Level 5:colcon.colcon_core.verb:set package 'rrbot_unit4' build argument 'cmake_clean_first' from command line to 'False'
[0.233s] Level 5:colcon.colcon_core.verb:set package 'rrbot_unit4' build argument 'cmake_force_configure' from command line to 'False'
[0.233s] Level 5:colcon.colcon_core.verb:set package 'rrbot_unit4' build argument 'ament_cmake_args' from command line to 'None'
[0.233s] Level 5:colcon.colcon_core.verb:set package 'rrbot_unit4' build argument 'catkin_cmake_args' from command line to 'None'
[0.233s] Level 5:colcon.colcon_core.verb:set package 'rrbot_unit4' build argument 'catkin_skip_building_tests' from command line to 'False'
[0.233s] DEBUG:colcon.colcon_core.verb:Building package 'rrbot_unit4' with the following arguments: {'ament_cmake_args': None, 'build_base': '/home/user/ros2_ws/build/rrbot_unit4', 'catkin_cmake_args': None, 'catkin_skip_building_tests': False, 'cmake_args': None, 'cmake_clean_cache': False, 'cmake_clean_first': False, 'cmake_force_configure': False, 'cmake_target': None, 'cmake_target_skip_unavailable': False, 'install_base': '/home/user/ros2_ws/install/rrbot_unit4', 'merge_install': False, 'path': '/home/user/ros2_ws/src/ros2_control_course/unit4/rrbot_unit4', 'symlink_install': False, 'test_result_base': None}
[0.233s] Level 5:colcon.colcon_core.verb:set package 'rrbot_unit5' build argument 'cmake_args' from command line to 'None'
[0.233s] Level 5:colcon.colcon_core.verb:set package 'rrbot_unit5' build argument 'cmake_target' from command line to 'None'
[0.234s] Level 5:colcon.colcon_core.verb:set package 'rrbot_unit5' build argument 'cmake_target_skip_unavailable' from command line to 'False'
[0.234s] Level 5:colcon.colcon_core.verb:set package 'rrbot_unit5' build argument 'cmake_clean_cache' from command line to 'False'
[0.234s] Level 5:colcon.colcon_core.verb:set package 'rrbot_unit5' build argument 'cmake_clean_first' from command line to 'False'
[0.234s] Level 5:colcon.colcon_core.verb:set package 'rrbot_unit5' build argument 'cmake_force_configure' from command line to 'False'
[0.234s] Level 5:colcon.colcon_core.verb:set package 'rrbot_unit5' build argument 'ament_cmake_args' from command line to 'None'
[0.234s] Level 5:colcon.colcon_core.verb:set package 'rrbot_unit5' build argument 'catkin_cmake_args' from command line to 'None'
[0.234s] Level 5:colcon.colcon_core.verb:set package 'rrbot_unit5' build argument 'catkin_skip_building_tests' from command line to 'False'
[0.234s] DEBUG:colcon.colcon_core.verb:Building package 'rrbot_unit5' with the following arguments: {'ament_cmake_args': None, 'build_base': '/home/user/ros2_ws/build/rrbot_unit5', 'catkin_cmake_args': None, 'catkin_skip_building_tests': False, 'cmake_args': None, 'cmake_clean_cache': False, 'cmake_clean_first': False, 'cmake_force_configure': False, 'cmake_target': None, 'cmake_target_skip_unavailable': False, 'install_base': '/home/user/ros2_ws/install/rrbot_unit5', 'merge_install': False, 'path': '/home/user/ros2_ws/src/ros2_control_course/unit5/rrbot_unit5', 'symlink_install': False, 'test_result_base': None}
[0.234s] Level 5:colcon.colcon_core.verb:set package 'solo_description' build argument 'cmake_args' from command line to 'None'
[0.234s] Level 5:colcon.colcon_core.verb:set package 'solo_description' build argument 'cmake_target' from command line to 'None'
[0.234s] Level 5:colcon.colcon_core.verb:set package 'solo_description' build argument 'cmake_target_skip_unavailable' from command line to 'False'
[0.235s] Level 5:colcon.colcon_core.verb:set package 'solo_description' build argument 'cmake_clean_cache' from command line to 'False'
[0.235s] Level 5:colcon.colcon_core.verb:set package 'solo_description' build argument 'cmake_clean_first' from command line to 'False'
[0.235s] Level 5:colcon.colcon_core.verb:set package 'solo_description' build argument 'cmake_force_configure' from command line to 'False'
[0.235s] Level 5:colcon.colcon_core.verb:set package 'solo_description' build argument 'ament_cmake_args' from command line to 'None'
[0.235s] Level 5:colcon.colcon_core.verb:set package 'solo_description' build argument 'catkin_cmake_args' from command line to 'None'
[0.235s] Level 5:colcon.colcon_core.verb:set package 'solo_description' build argument 'catkin_skip_building_tests' from command line to 'False'
[0.235s] DEBUG:colcon.colcon_core.verb:Building package 'solo_description' with the following arguments: {'ament_cmake_args': None, 'build_base': '/home/user/ros2_ws/build/solo_description', 'catkin_cmake_args': None, 'catkin_skip_building_tests': False, 'cmake_args': None, 'cmake_clean_cache': False, 'cmake_clean_first': False, 'cmake_force_configure': False, 'cmake_target': None, 'cmake_target_skip_unavailable': False, 'install_base': '/home/user/ros2_ws/install/solo_description', 'merge_install': False, 'path': '/home/user/ros2_ws/src/ros2_control_course/unit6/solo_description', 'symlink_install': False, 'test_result_base': None}
[0.235s] Level 5:colcon.colcon_core.verb:set package 'spawn_robot' build argument 'cmake_args' from command line to 'None'
[0.235s] Level 5:colcon.colcon_core.verb:set package 'spawn_robot' build argument 'cmake_target' from command line to 'None'
[0.235s] Level 5:colcon.colcon_core.verb:set package 'spawn_robot' build argument 'cmake_target_skip_unavailable' from command line to 'False'
[0.235s] Level 5:colcon.colcon_core.verb:set package 'spawn_robot' build argument 'cmake_clean_cache' from command line to 'False'
[0.235s] Level 5:colcon.colcon_core.verb:set package 'spawn_robot' build argument 'cmake_clean_first' from command line to 'False'
[0.235s] Level 5:colcon.colcon_core.verb:set package 'spawn_robot' build argument 'cmake_force_configure' from command line to 'False'
[0.235s] Level 5:colcon.colcon_core.verb:set package 'spawn_robot' build argument 'ament_cmake_args' from command line to 'None'
[0.235s] Level 5:colcon.colcon_core.verb:set package 'spawn_robot' build argument 'catkin_cmake_args' from command line to 'None'
[0.235s] Level 5:colcon.colcon_core.verb:set package 'spawn_robot' build argument 'catkin_skip_building_tests' from command line to 'False'
[0.235s] DEBUG:colcon.colcon_core.verb:Building package 'spawn_robot' with the following arguments: {'ament_cmake_args': None, 'build_base': '/home/user/ros2_ws/build/spawn_robot', 'catkin_cmake_args': None, 'catkin_skip_building_tests': False, 'cmake_args': None, 'cmake_clean_cache': False, 'cmake_clean_first': False, 'cmake_force_configure': False, 'cmake_target': None, 'cmake_target_skip_unavailable': False, 'install_base': '/home/user/ros2_ws/install/spawn_robot', 'merge_install': False, 'path': '/home/user/ros2_ws/src/ros2_control_course/unit5/spawn_robot', 'symlink_install': False, 'test_result_base': None}
[0.235s] Level 5:colcon.colcon_core.verb:set package 'spawn_solo' build argument 'cmake_args' from command line to 'None'
[0.235s] Level 5:colcon.colcon_core.verb:set package 'spawn_solo' build argument 'cmake_target' from command line to 'None'
[0.235s] Level 5:colcon.colcon_core.verb:set package 'spawn_solo' build argument 'cmake_target_skip_unavailable' from command line to 'False'
[0.235s] Level 5:colcon.colcon_core.verb:set package 'spawn_solo' build argument 'cmake_clean_cache' from command line to 'False'
[0.235s] Level 5:colcon.colcon_core.verb:set package 'spawn_solo' build argument 'cmake_clean_first' from command line to 'False'
[0.235s] Level 5:colcon.colcon_core.verb:set package 'spawn_solo' build argument 'cmake_force_configure' from command line to 'False'
[0.236s] Level 5:colcon.colcon_core.verb:set package 'spawn_solo' build argument 'ament_cmake_args' from command line to 'None'
[0.236s] Level 5:colcon.colcon_core.verb:set package 'spawn_solo' build argument 'catkin_cmake_args' from command line to 'None'
[0.236s] Level 5:colcon.colcon_core.verb:set package 'spawn_solo' build argument 'catkin_skip_building_tests' from command line to 'False'
[0.236s] DEBUG:colcon.colcon_core.verb:Building package 'spawn_solo' with the following arguments: {'ament_cmake_args': None, 'build_base': '/home/user/ros2_ws/build/spawn_solo', 'catkin_cmake_args': None, 'catkin_skip_building_tests': False, 'cmake_args': None, 'cmake_clean_cache': False, 'cmake_clean_first': False, 'cmake_force_configure': False, 'cmake_target': None, 'cmake_target_skip_unavailable': False, 'install_base': '/home/user/ros2_ws/install/spawn_solo', 'merge_install': False, 'path': '/home/user/ros2_ws/src/ros2_control_course/unit6/spawn_solo', 'symlink_install': False, 'test_result_base': None}
[0.236s] Level 5:colcon.colcon_core.verb:set package 'dynamixel_sdk_examples' build argument 'cmake_args' from command line to 'None'
[0.236s] Level 5:colcon.colcon_core.verb:set package 'dynamixel_sdk_examples' build argument 'cmake_target' from command line to 'None'
[0.236s] Level 5:colcon.colcon_core.verb:set package 'dynamixel_sdk_examples' build argument 'cmake_target_skip_unavailable' from command line to 'False'
[0.236s] Level 5:colcon.colcon_core.verb:set package 'dynamixel_sdk_examples' build argument 'cmake_clean_cache' from command line to 'False'
[0.236s] Level 5:colcon.colcon_core.verb:set package 'dynamixel_sdk_examples' build argument 'cmake_clean_first' from command line to 'False'
[0.236s] Level 5:colcon.colcon_core.verb:set package 'dynamixel_sdk_examples' build argument 'cmake_force_configure' from command line to 'False'
[0.236s] Level 5:colcon.colcon_core.verb:set package 'dynamixel_sdk_examples' build argument 'ament_cmake_args' from command line to 'None'
[0.236s] Level 5:colcon.colcon_core.verb:set package 'dynamixel_sdk_examples' build argument 'catkin_cmake_args' from command line to 'None'
[0.236s] Level 5:colcon.colcon_core.verb:set package 'dynamixel_sdk_examples' build argument 'catkin_skip_building_tests' from command line to 'False'
[0.236s] DEBUG:colcon.colcon_core.verb:Building package 'dynamixel_sdk_examples' with the following arguments: {'ament_cmake_args': None, 'build_base': '/home/user/ros2_ws/build/dynamixel_sdk_examples', 'catkin_cmake_args': None, 'catkin_skip_building_tests': False, 'cmake_args': None, 'cmake_clean_cache': False, 'cmake_clean_first': False, 'cmake_force_configure': False, 'cmake_target': None, 'cmake_target_skip_unavailable': False, 'install_base': '/home/user/ros2_ws/install/dynamixel_sdk_examples', 'merge_install': False, 'path': '/home/user/ros2_ws/src/DynamixelSDK/dynamixel_sdk_examples', 'symlink_install': False, 'test_result_base': None}
[0.236s] Level 5:colcon.colcon_core.verb:set package 'dynamixel_workbench_toolbox' build argument 'cmake_args' from command line to 'None'
[0.236s] Level 5:colcon.colcon_core.verb:set package 'dynamixel_workbench_toolbox' build argument 'cmake_target' from command line to 'None'
[0.236s] Level 5:colcon.colcon_core.verb:set package 'dynamixel_workbench_toolbox' build argument 'cmake_target_skip_unavailable' from command line to 'False'
[0.236s] Level 5:colcon.colcon_core.verb:set package 'dynamixel_workbench_toolbox' build argument 'cmake_clean_cache' from command line to 'False'
[0.236s] Level 5:colcon.colcon_core.verb:set package 'dynamixel_workbench_toolbox' build argument 'cmake_clean_first' from command line to 'False'
[0.236s] Level 5:colcon.colcon_core.verb:set package 'dynamixel_workbench_toolbox' build argument 'cmake_force_configure' from command line to 'False'
[0.236s] Level 5:colcon.colcon_core.verb:set package 'dynamixel_workbench_toolbox' build argument 'ament_cmake_args' from command line to 'None'
[0.237s] Level 5:colcon.colcon_core.verb:set package 'dynamixel_workbench_toolbox' build argument 'catkin_cmake_args' from command line to 'None'
[0.237s] Level 5:colcon.colcon_core.verb:set package 'dynamixel_workbench_toolbox' build argument 'catkin_skip_building_tests' from command line to 'False'
[0.237s] DEBUG:colcon.colcon_core.verb:Building package 'dynamixel_workbench_toolbox' with the following arguments: {'ament_cmake_args': None, 'build_base': '/home/user/ros2_ws/build/dynamixel_workbench_toolbox', 'catkin_cmake_args': None, 'catkin_skip_building_tests': False, 'cmake_args': None, 'cmake_clean_cache': False, 'cmake_clean_first': False, 'cmake_force_configure': False, 'cmake_target': None, 'cmake_target_skip_unavailable': False, 'install_base': '/home/user/ros2_ws/install/dynamixel_workbench_toolbox', 'merge_install': False, 'path': '/home/user/ros2_ws/src/dynamixel-workbench/dynamixel_workbench_toolbox', 'symlink_install': False, 'test_result_base': None}
[0.237s] Level 5:colcon.colcon_core.verb:set package 'dynamixel_hardware_interface' build argument 'cmake_args' from command line to 'None'
[0.237s] Level 5:colcon.colcon_core.verb:set package 'dynamixel_hardware_interface' build argument 'cmake_target' from command line to 'None'
[0.237s] Level 5:colcon.colcon_core.verb:set package 'dynamixel_hardware_interface' build argument 'cmake_target_skip_unavailable' from command line to 'False'
[0.237s] Level 5:colcon.colcon_core.verb:set package 'dynamixel_hardware_interface' build argument 'cmake_clean_cache' from command line to 'False'
[0.237s] Level 5:colcon.colcon_core.verb:set package 'dynamixel_hardware_interface' build argument 'cmake_clean_first' from command line to 'False'
[0.237s] Level 5:colcon.colcon_core.verb:set package 'dynamixel_hardware_interface' build argument 'cmake_force_configure' from command line to 'False'
[0.237s] Level 5:colcon.colcon_core.verb:set package 'dynamixel_hardware_interface' build argument 'ament_cmake_args' from command line to 'None'
[0.237s] Level 5:colcon.colcon_core.verb:set package 'dynamixel_hardware_interface' build argument 'catkin_cmake_args' from command line to 'None'
[0.237s] Level 5:colcon.colcon_core.verb:set package 'dynamixel_hardware_interface' build argument 'catkin_skip_building_tests' from command line to 'False'
[0.237s] DEBUG:colcon.colcon_core.verb:Building package 'dynamixel_hardware_interface' with the following arguments: {'ament_cmake_args': None, 'build_base': '/home/user/ros2_ws/build/dynamixel_hardware_interface', 'catkin_cmake_args': None, 'catkin_skip_building_tests': False, 'cmake_args': None, 'cmake_clean_cache': False, 'cmake_clean_first': False, 'cmake_force_configure': False, 'cmake_target': None, 'cmake_target_skip_unavailable': False, 'install_base': '/home/user/ros2_ws/install/dynamixel_hardware_interface', 'merge_install': False, 'path': '/home/user/ros2_ws/src/dynamixel_hardware_interface', 'symlink_install': False, 'test_result_base': None}
[0.237s] Level 5:colcon.colcon_core.verb:set package 'dynamixel_workbench' build argument 'cmake_args' from command line to 'None'
[0.237s] Level 5:colcon.colcon_core.verb:set package 'dynamixel_workbench' build argument 'cmake_target' from command line to 'None'
[0.237s] Level 5:colcon.colcon_core.verb:set package 'dynamixel_workbench' build argument 'cmake_target_skip_unavailable' from command line to 'False'
[0.237s] Level 5:colcon.colcon_core.verb:set package 'dynamixel_workbench' build argument 'cmake_clean_cache' from command line to 'False'
[0.237s] Level 5:colcon.colcon_core.verb:set package 'dynamixel_workbench' build argument 'cmake_clean_first' from command line to 'False'
[0.237s] Level 5:colcon.colcon_core.verb:set package 'dynamixel_workbench' build argument 'cmake_force_configure' from command line to 'False'
[0.237s] Level 5:colcon.colcon_core.verb:set package 'dynamixel_workbench' build argument 'ament_cmake_args' from command line to 'None'
[0.237s] Level 5:colcon.colcon_core.verb:set package 'dynamixel_workbench' build argument 'catkin_cmake_args' from command line to 'None'
[0.238s] Level 5:colcon.colcon_core.verb:set package 'dynamixel_workbench' build argument 'catkin_skip_building_tests' from command line to 'False'
[0.238s] DEBUG:colcon.colcon_core.verb:Building package 'dynamixel_workbench' with the following arguments: {'ament_cmake_args': None, 'build_base': '/home/user/ros2_ws/build/dynamixel_workbench', 'catkin_cmake_args': None, 'catkin_skip_building_tests': False, 'cmake_args': None, 'cmake_clean_cache': False, 'cmake_clean_first': False, 'cmake_force_configure': False, 'cmake_target': None, 'cmake_target_skip_unavailable': False, 'install_base': '/home/user/ros2_ws/install/dynamixel_workbench', 'merge_install': False, 'path': '/home/user/ros2_ws/src/dynamixel-workbench/dynamixel_workbench', 'symlink_install': False, 'test_result_base': None}
[0.238s] INFO:colcon.colcon_core.executor:Executing jobs using 'parallel' executor
[0.238s] DEBUG:colcon.colcon_parallel_executor.executor.parallel:run_until_complete
[0.239s] INFO:colcon.colcon_ros.task.ament_cmake.build:Building ROS package in '/home/user/ros2_ws/src/DynamixelSDK/dynamixel_sdk' with build type 'ament_cmake'
[0.239s] INFO:colcon.colcon_cmake.task.cmake.build:Building CMake package in '/home/user/ros2_ws/src/DynamixelSDK/dynamixel_sdk'
[0.242s] INFO:colcon.colcon_core.plugin_system:Skipping extension 'colcon_core.shell.bat': Not used on non-Windows systems
[0.242s] INFO:colcon.colcon_core.shell:Skip shell extension 'powershell' for command environment: Not usable outside of PowerShell
[0.242s] DEBUG:colcon.colcon_core.shell:Skip shell extension 'dsv' for command environment
[0.248s] INFO:colcon.colcon_ros.task.ament_cmake.build:Building ROS package in '/home/user/ros2_ws/src/DynamixelSDK/dynamixel_sdk_custom_interfaces' with build type 'ament_cmake'
[0.248s] INFO:colcon.colcon_cmake.task.cmake.build:Building CMake package in '/home/user/ros2_ws/src/DynamixelSDK/dynamixel_sdk_custom_interfaces'
[0.248s] INFO:colcon.colcon_core.shell:Skip shell extension 'powershell' for command environment: Not usable outside of PowerShell
[0.248s] DEBUG:colcon.colcon_core.shell:Skip shell extension 'dsv' for command environment
[0.253s] INFO:colcon.colcon_ros.task.ament_cmake.build:Building ROS package in '/home/user/ros2_ws/src/ros2_control_course/unit5/diffbot_description' with build type 'ament_cmake'
[0.254s] INFO:colcon.colcon_cmake.task.cmake.build:Building CMake package in '/home/user/ros2_ws/src/ros2_control_course/unit5/diffbot_description'
[0.254s] INFO:colcon.colcon_core.shell:Skip shell extension 'powershell' for command environment: Not usable outside of PowerShell
[0.254s] DEBUG:colcon.colcon_core.shell:Skip shell extension 'dsv' for command environment
[0.258s] INFO:colcon.colcon_ros.task.ament_cmake.build:Building ROS package in '/home/user/ros2_ws/src/ros2_control_course/unit5/diffbot_sim' with build type 'ament_cmake'
[0.258s] INFO:colcon.colcon_cmake.task.cmake.build:Building CMake package in '/home/user/ros2_ws/src/ros2_control_course/unit5/diffbot_sim'
[0.258s] INFO:colcon.colcon_core.shell:Skip shell extension 'powershell' for command environment: Not usable outside of PowerShell
[0.258s] DEBUG:colcon.colcon_core.shell:Skip shell extension 'dsv' for command environment
[0.262s] INFO:colcon.colcon_ros.task.ament_python.build:Building ROS package in '/home/user/ros2_ws/src/ros2_control_course/unit1/joint_trajectory_demo' with build type 'ament_python'
[0.262s] Level 1:colcon.colcon_core.shell:create_environment_hook('joint_trajectory_demo', 'ament_prefix_path')
[0.262s] INFO:colcon.colcon_core.shell:Creating environment hook '/home/user/ros2_ws/install/joint_trajectory_demo/share/joint_trajectory_demo/hook/ament_prefix_path.ps1'
[0.263s] INFO:colcon.colcon_core.shell:Creating environment descriptor '/home/user/ros2_ws/install/joint_trajectory_demo/share/joint_trajectory_demo/hook/ament_prefix_path.dsv'
[0.263s] INFO:colcon.colcon_core.shell:Creating environment hook '/home/user/ros2_ws/install/joint_trajectory_demo/share/joint_trajectory_demo/hook/ament_prefix_path.sh'
[0.264s] INFO:colcon.colcon_core.shell:Skip shell extension 'powershell' for command environment: Not usable outside of PowerShell
[0.264s] DEBUG:colcon.colcon_core.shell:Skip shell extension 'dsv' for command environment
[0.268s] INFO:colcon.colcon_ros.task.ament_python.build:Building ROS package in '/home/user/ros2_ws/src/ros2_control_course/common/joint_trajectory_publisher' with build type 'ament_python'
[0.268s] Level 1:colcon.colcon_core.shell:create_environment_hook('joint_trajectory_publisher', 'ament_prefix_path')
[0.268s] INFO:colcon.colcon_core.shell:Creating environment hook '/home/user/ros2_ws/install/joint_trajectory_publisher/share/joint_trajectory_publisher/hook/ament_prefix_path.ps1'
[0.269s] INFO:colcon.colcon_core.shell:Creating environment descriptor '/home/user/ros2_ws/install/joint_trajectory_publisher/share/joint_trajectory_publisher/hook/ament_prefix_path.dsv'
[0.269s] INFO:colcon.colcon_core.shell:Creating environment hook '/home/user/ros2_ws/install/joint_trajectory_publisher/share/joint_trajectory_publisher/hook/ament_prefix_path.sh'
[0.270s] INFO:colcon.colcon_core.shell:Skip shell extension 'powershell' for command environment: Not usable outside of PowerShell
[0.270s] DEBUG:colcon.colcon_core.shell:Skip shell extension 'dsv' for command environment
[0.274s] INFO:colcon.colcon_ros.task.ament_cmake.build:Building ROS package in '/home/user/ros2_ws/src/my_quadruped_bringup' with build type 'ament_cmake'
[0.274s] INFO:colcon.colcon_cmake.task.cmake.build:Building CMake package in '/home/user/ros2_ws/src/my_quadruped_bringup'
[0.274s] INFO:colcon.colcon_core.shell:Skip shell extension 'powershell' for command environment: Not usable outside of PowerShell
[0.274s] DEBUG:colcon.colcon_core.shell:Skip shell extension 'dsv' for command environment
[0.278s] INFO:colcon.colcon_ros.task.ament_cmake.build:Building ROS package in '/home/user/ros2_ws/src/my_robot_bringup' with build type 'ament_cmake'
[0.278s] INFO:colcon.colcon_cmake.task.cmake.build:Building CMake package in '/home/user/ros2_ws/src/my_robot_bringup'
[0.278s] INFO:colcon.colcon_core.shell:Skip shell extension 'powershell' for command environment: Not usable outside of PowerShell
[0.278s] DEBUG:colcon.colcon_core.shell:Skip shell extension 'dsv' for command environment
[0.286s] DEBUG:colcon.colcon_core.event_handler.log_command:Invoking command in '/home/user/ros2_ws/build/dynamixel_sdk': _=/usr/bin/env /usr/bin/cmake /home/user/ros2_ws/src/DynamixelSDK/dynamixel_sdk -DCMAKE_INSTALL_PREFIX=/home/user/ros2_ws/install/dynamixel_sdk
[0.288s] DEBUG:colcon.colcon_core.event_handler.log_command:Invoking command in '/home/user/ros2_ws/build/dynamixel_sdk_custom_interfaces': _=/usr/bin/env /usr/bin/cmake /home/user/ros2_ws/src/DynamixelSDK/dynamixel_sdk_custom_interfaces -DCMAKE_INSTALL_PREFIX=/home/user/ros2_ws/install/dynamixel_sdk_custom_interfaces
[0.290s] DEBUG:colcon.colcon_core.event_handler.log_command:Invoking command in '/home/user/ros2_ws/build/diffbot_description': _=/usr/bin/env /usr/bin/cmake /home/user/ros2_ws/src/ros2_control_course/unit5/diffbot_description -DCMAKE_INSTALL_PREFIX=/home/user/ros2_ws/install/diffbot_description
[0.292s] DEBUG:colcon.colcon_core.event_handler.log_command:Invoking command in '/home/user/ros2_ws/build/diffbot_sim': _=/usr/bin/env /usr/bin/cmake /home/user/ros2_ws/src/ros2_control_course/unit5/diffbot_sim -DCMAKE_INSTALL_PREFIX=/home/user/ros2_ws/install/diffbot_sim
[0.583s] INFO:colcon.colcon_core.task.python.build:Building Python package in '/home/user/ros2_ws/src/ros2_control_course/unit1/joint_trajectory_demo'
[0.583s] INFO:colcon.colcon_core.shell:Skip shell extension 'powershell' for command environment: Not usable outside of PowerShell
[0.583s] DEBUG:colcon.colcon_core.shell:Skip shell extension 'dsv' for command environment
[0.858s] INFO:colcon.colcon_core.task.python.build:Building Python package in '/home/user/ros2_ws/src/ros2_control_course/common/joint_trajectory_publisher'
[0.859s] INFO:colcon.colcon_core.shell:Skip shell extension 'powershell' for command environment: Not usable outside of PowerShell
[0.859s] DEBUG:colcon.colcon_core.shell:Skip shell extension 'dsv' for command environment
[0.865s] DEBUG:colcon.colcon_core.event_handler.log_command:Invoking command in '/home/user/ros2_ws/build/my_quadruped_bringup': _=/usr/bin/env /usr/bin/cmake /home/user/ros2_ws/src/my_quadruped_bringup -DCMAKE_INSTALL_PREFIX=/home/user/ros2_ws/install/my_quadruped_bringup
[0.882s] DEBUG:colcon.colcon_core.event_handler.log_command:Invoking command in '/home/user/ros2_ws/build/my_robot_bringup': _=/usr/bin/env /usr/bin/cmake /home/user/ros2_ws/src/my_robot_bringup -DCMAKE_INSTALL_PREFIX=/home/user/ros2_ws/install/my_robot_bringup
[1.465s] DEBUG:colcon.colcon_core.event_handler.log_command:Invoked command in '/home/user/ros2_ws/build/dynamixel_sdk' returned '0': _=/usr/bin/env /usr/bin/cmake /home/user/ros2_ws/src/DynamixelSDK/dynamixel_sdk -DCMAKE_INSTALL_PREFIX=/home/user/ros2_ws/install/dynamixel_sdk
[1.465s] DEBUG:colcon.colcon_core.event_handler.log_command:Invoking command in '/home/user/ros2_ws/build/dynamixel_sdk': _=/usr/bin/env /usr/bin/cmake --build /home/user/ros2_ws/build/dynamixel_sdk -- -j8 -l8
[1.587s] DEBUG:colcon.colcon_core.event_handler.log_command:Invoked command in '/home/user/ros2_ws/build/diffbot_sim' returned '0': _=/usr/bin/env /usr/bin/cmake /home/user/ros2_ws/src/ros2_control_course/unit5/diffbot_sim -DCMAKE_INSTALL_PREFIX=/home/user/ros2_ws/install/diffbot_sim
[1.588s] DEBUG:colcon.colcon_core.event_handler.log_command:Invoking command in '/home/user/ros2_ws/build/diffbot_sim': _=/usr/bin/env /usr/bin/cmake --build /home/user/ros2_ws/build/diffbot_sim -- -j8 -l8
[1.805s] DEBUG:colcon.colcon_core.event_handler.log_command:Invoked command in '/home/user/ros2_ws/build/diffbot_sim' returned '0': _=/usr/bin/env /usr/bin/cmake --build /home/user/ros2_ws/build/diffbot_sim -- -j8 -l8
[1.846s] DEBUG:colcon.colcon_core.event_handler.log_command:Invoking command in '/home/user/ros2_ws/build/diffbot_sim': _=/usr/bin/env /usr/bin/cmake --install /home/user/ros2_ws/build/diffbot_sim
[1.896s] Level 1:colcon.colcon_core.environment:create_environment_scripts_only(diffbot_sim)
[1.897s] DEBUG:colcon.colcon_core.event_handler.log_command:Invoked command in '/home/user/ros2_ws/build/diffbot_sim' returned '0': _=/usr/bin/env /usr/bin/cmake --install /home/user/ros2_ws/build/diffbot_sim
[1.900s] Level 1:colcon.colcon_core.environment:checking '/home/user/ros2_ws/install/diffbot_sim' for CMake module files
[1.901s] Level 1:colcon.colcon_core.environment:checking '/home/user/ros2_ws/install/diffbot_sim' for CMake config files
[1.902s] Level 1:colcon.colcon_core.shell:create_environment_hook('diffbot_sim', 'cmake_prefix_path')
[1.902s] INFO:colcon.colcon_core.shell:Creating environment hook '/home/user/ros2_ws/install/diffbot_sim/share/diffbot_sim/hook/cmake_prefix_path.ps1'
[1.903s] INFO:colcon.colcon_core.shell:Creating environment descriptor '/home/user/ros2_ws/install/diffbot_sim/share/diffbot_sim/hook/cmake_prefix_path.dsv'
[1.903s] INFO:colcon.colcon_core.shell:Creating environment hook '/home/user/ros2_ws/install/diffbot_sim/share/diffbot_sim/hook/cmake_prefix_path.sh'
[1.904s] Level 1:colcon.colcon_core.environment:checking '/home/user/ros2_ws/install/diffbot_sim/bin'
[1.904s] Level 1:colcon.colcon_core.environment:checking '/home/user/ros2_ws/install/diffbot_sim/lib/pkgconfig/diffbot_sim.pc'
[1.905s] Level 1:colcon.colcon_core.environment:checking '/home/user/ros2_ws/install/diffbot_sim/lib/python3.12/site-packages'
[1.905s] Level 1:colcon.colcon_core.environment:checking '/home/user/ros2_ws/install/diffbot_sim/bin'
[1.905s] INFO:colcon.colcon_core.shell:Creating package script '/home/user/ros2_ws/install/diffbot_sim/share/diffbot_sim/package.ps1'
[1.906s] INFO:colcon.colcon_core.shell:Creating package descriptor '/home/user/ros2_ws/install/diffbot_sim/share/diffbot_sim/package.dsv'
[1.908s] INFO:colcon.colcon_core.shell:Creating package script '/home/user/ros2_ws/install/diffbot_sim/share/diffbot_sim/package.sh'
[1.909s] INFO:colcon.colcon_core.shell:Creating package script '/home/user/ros2_ws/install/diffbot_sim/share/diffbot_sim/package.bash'
[1.924s] INFO:colcon.colcon_core.shell:Creating package script '/home/user/ros2_ws/install/diffbot_sim/share/diffbot_sim/package.zsh'
[1.925s] Level 1:colcon.colcon_core.environment:create_file_with_runtime_dependencies(/home/user/ros2_ws/install/diffbot_sim/share/colcon-core/packages/diffbot_sim)
[1.926s] Level 1:colcon.colcon_core.environment:create_environment_scripts_only(diffbot_sim)
[1.926s] Level 1:colcon.colcon_core.environment:checking '/home/user/ros2_ws/install/diffbot_sim' for CMake module files
[1.927s] Level 1:colcon.colcon_core.environment:checking '/home/user/ros2_ws/install/diffbot_sim' for CMake config files
[1.927s] Level 1:colcon.colcon_core.shell:create_environment_hook('diffbot_sim', 'cmake_prefix_path')
[1.927s] INFO:colcon.colcon_core.shell:Creating environment hook '/home/user/ros2_ws/install/diffbot_sim/share/diffbot_sim/hook/cmake_prefix_path.ps1'
[1.928s] INFO:colcon.colcon_core.shell:Creating environment descriptor '/home/user/ros2_ws/install/diffbot_sim/share/diffbot_sim/hook/cmake_prefix_path.dsv'
[1.928s] INFO:colcon.colcon_core.shell:Creating environment hook '/home/user/ros2_ws/install/diffbot_sim/share/diffbot_sim/hook/cmake_prefix_path.sh'
[1.929s] Level 1:colcon.colcon_core.environment:checking '/home/user/ros2_ws/install/diffbot_sim/bin'
[1.929s] Level 1:colcon.colcon_core.environment:checking '/home/user/ros2_ws/install/diffbot_sim/lib/pkgconfig/diffbot_sim.pc'
[1.930s] Level 1:colcon.colcon_core.environment:checking '/home/user/ros2_ws/install/diffbot_sim/lib/python3.12/site-packages'
[1.930s] Level 1:colcon.colcon_core.environment:checking '/home/user/ros2_ws/install/diffbot_sim/bin'
[1.930s] INFO:colcon.colcon_core.shell:Creating package script '/home/user/ros2_ws/install/diffbot_sim/share/diffbot_sim/package.ps1'
[1.931s] INFO:colcon.colcon_core.shell:Creating package descriptor '/home/user/ros2_ws/install/diffbot_sim/share/diffbot_sim/package.dsv'
[1.932s] INFO:colcon.colcon_core.shell:Creating package script '/home/user/ros2_ws/install/diffbot_sim/share/diffbot_sim/package.sh'
[1.932s] INFO:colcon.colcon_core.shell:Creating package script '/home/user/ros2_ws/install/diffbot_sim/share/diffbot_sim/package.bash'
[1.933s] INFO:colcon.colcon_core.shell:Creating package script '/home/user/ros2_ws/install/diffbot_sim/share/diffbot_sim/package.zsh'
[1.933s] Level 1:colcon.colcon_core.environment:create_file_with_runtime_dependencies(/home/user/ros2_ws/install/diffbot_sim/share/colcon-core/packages/diffbot_sim)
[1.935s] INFO:colcon.colcon_ros.task.ament_cmake.build:Building ROS package in '/home/user/ros2_ws/src/my_robot_hardware_interface' with build type 'ament_cmake'
[1.935s] INFO:colcon.colcon_cmake.task.cmake.build:Building CMake package in '/home/user/ros2_ws/src/my_robot_hardware_interface'
[1.935s] INFO:colcon.colcon_core.shell:Skip shell extension 'powershell' for command environment: Not usable outside of PowerShell
[1.948s] DEBUG:colcon.colcon_core.shell:Skip shell extension 'dsv' for command environment
[1.979s] DEBUG:colcon.colcon_core.event_handler.log_command:Invoking command in '/home/user/ros2_ws/src/ros2_control_course/common/joint_trajectory_publisher': PYTHONPATH=/home/user/ros2_ws/build/joint_trajectory_publisher/prefix_override:/usr/lib/python3/dist-packages/colcon_core/task/python/colcon_distutils_commands:/home/user/ros2_ws/install/joint_trajectory_publisher/lib/python3.12/site-packages:${PYTHONPATH} _=/usr/bin/env /usr/bin/python3 -W ignore:setup.py install is deprecated -W ignore:easy_install command is deprecated setup.py egg_info --egg-base ../../../../build/joint_trajectory_publisher build --build-base /home/user/ros2_ws/build/joint_trajectory_publisher/build install --record /home/user/ros2_ws/build/joint_trajectory_publisher/install.log --single-version-externally-managed install_data
[2.014s] DEBUG:colcon.colcon_core.event_handler.log_command:Invoking command in '/home/user/ros2_ws/src/ros2_control_course/unit1/joint_trajectory_demo': PYTHONPATH=/home/user/ros2_ws/build/joint_trajectory_demo/prefix_override:/usr/lib/python3/dist-packages/colcon_core/task/python/colcon_distutils_commands:/home/user/ros2_ws/install/joint_trajectory_demo/lib/python3.12/site-packages:${PYTHONPATH} _=/usr/bin/env /usr/bin/python3 -W ignore:setup.py install is deprecated -W ignore:easy_install command is deprecated setup.py egg_info --egg-base ../../../../build/joint_trajectory_demo build --build-base /home/user/ros2_ws/build/joint_trajectory_demo/build install --record /home/user/ros2_ws/build/joint_trajectory_demo/install.log --single-version-externally-managed install_data
[2.056s] DEBUG:colcon.colcon_core.event_handler.log_command:Invoking command in '/home/user/ros2_ws/build/my_robot_hardware_interface': _=/usr/bin/env /usr/bin/cmake /home/user/ros2_ws/src/my_robot_hardware_interface -DCMAKE_INSTALL_PREFIX=/home/user/ros2_ws/install/my_robot_hardware_interface
[2.819s] DEBUG:colcon.colcon_core.event_handler.log_command:Invoked command in '/home/user/ros2_ws/build/dynamixel_sdk' returned '0': _=/usr/bin/env /usr/bin/cmake --build /home/user/ros2_ws/build/dynamixel_sdk -- -j8 -l8
[2.819s] DEBUG:colcon.colcon_core.event_handler.log_command:Invoking command in '/home/user/ros2_ws/build/dynamixel_sdk': _=/usr/bin/env /usr/bin/cmake --install /home/user/ros2_ws/build/dynamixel_sdk
[3.000s] Level 1:colcon.colcon_core.environment:checking '/home/user/ros2_ws/install/joint_trajectory_publisher' for CMake module files
[3.001s] Level 1:colcon.colcon_core.environment:checking '/home/user/ros2_ws/install/joint_trajectory_publisher' for CMake config files
[3.002s] DEBUG:colcon.colcon_core.event_handler.log_command:Invoked command in '/home/user/ros2_ws/src/ros2_control_course/common/joint_trajectory_publisher' returned '0': PYTHONPATH=/home/user/ros2_ws/build/joint_trajectory_publisher/prefix_override:/usr/lib/python3/dist-packages/colcon_core/task/python/colcon_distutils_commands:/home/user/ros2_ws/install/joint_trajectory_publisher/lib/python3.12/site-packages:${PYTHONPATH} _=/usr/bin/env /usr/bin/python3 -W ignore:setup.py install is deprecated -W ignore:easy_install command is deprecated setup.py egg_info --egg-base ../../../../build/joint_trajectory_publisher build --build-base /home/user/ros2_ws/build/joint_trajectory_publisher/build install --record /home/user/ros2_ws/build/joint_trajectory_publisher/install.log --single-version-externally-managed install_data
[3.003s] Level 1:colcon.colcon_core.environment:checking '/home/user/ros2_ws/install/joint_trajectory_publisher/lib'
[3.003s] Level 1:colcon.colcon_core.environment:checking '/home/user/ros2_ws/install/joint_trajectory_publisher/bin'
[3.003s] Level 1:colcon.colcon_core.environment:checking '/home/user/ros2_ws/install/joint_trajectory_publisher/lib/pkgconfig/joint_trajectory_publisher.pc'
[3.003s] Level 1:colcon.colcon_core.environment:checking '/home/user/ros2_ws/install/joint_trajectory_publisher/lib/python3.12/site-packages'
[3.003s] Level 1:colcon.colcon_core.shell:create_environment_hook('joint_trajectory_publisher', 'pythonpath')
[3.004s] INFO:colcon.colcon_core.shell:Creating environment hook '/home/user/ros2_ws/install/joint_trajectory_publisher/share/joint_trajectory_publisher/hook/pythonpath.ps1'
[3.004s] INFO:colcon.colcon_core.shell:Creating environment descriptor '/home/user/ros2_ws/install/joint_trajectory_publisher/share/joint_trajectory_publisher/hook/pythonpath.dsv'
[3.004s] INFO:colcon.colcon_core.shell:Creating environment hook '/home/user/ros2_ws/install/joint_trajectory_publisher/share/joint_trajectory_publisher/hook/pythonpath.sh'
[3.005s] Level 1:colcon.colcon_core.environment:checking '/home/user/ros2_ws/install/joint_trajectory_publisher/bin'
[3.005s] Level 1:colcon.colcon_core.environment:create_environment_scripts_only(joint_trajectory_publisher)
[3.005s] INFO:colcon.colcon_core.shell:Creating package script '/home/user/ros2_ws/install/joint_trajectory_publisher/share/joint_trajectory_publisher/package.ps1'
[3.006s] INFO:colcon.colcon_core.shell:Creating package descriptor '/home/user/ros2_ws/install/joint_trajectory_publisher/share/joint_trajectory_publisher/package.dsv'
[3.006s] INFO:colcon.colcon_core.shell:Creating package script '/home/user/ros2_ws/install/joint_trajectory_publisher/share/joint_trajectory_publisher/package.sh'
[3.007s] INFO:colcon.colcon_core.shell:Creating package script '/home/user/ros2_ws/install/joint_trajectory_publisher/share/joint_trajectory_publisher/package.bash'
[3.007s] INFO:colcon.colcon_core.shell:Creating package script '/home/user/ros2_ws/install/joint_trajectory_publisher/share/joint_trajectory_publisher/package.zsh'
[3.008s] Level 1:colcon.colcon_core.environment:create_file_with_runtime_dependencies(/home/user/ros2_ws/install/joint_trajectory_publisher/share/colcon-core/packages/joint_trajectory_publisher)
[3.009s] INFO:colcon.colcon_ros.task.ament_cmake.build:Building ROS package in '/home/user/ros2_ws/src/rrbot_controller' with build type 'ament_cmake'
[3.009s] INFO:colcon.colcon_cmake.task.cmake.build:Building CMake package in '/home/user/ros2_ws/src/rrbot_controller'
[3.010s] INFO:colcon.colcon_core.shell:Skip shell extension 'powershell' for command environment: Not usable outside of PowerShell
[3.010s] DEBUG:colcon.colcon_core.shell:Skip shell extension 'dsv' for command environment
[3.021s] Level 1:colcon.colcon_core.environment:checking '/home/user/ros2_ws/install/joint_trajectory_demo' for CMake module files
[3.022s] Level 1:colcon.colcon_core.environment:checking '/home/user/ros2_ws/install/joint_trajectory_demo' for CMake config files
[3.025s] DEBUG:colcon.colcon_core.event_handler.log_command:Invoked command in '/home/user/ros2_ws/src/ros2_control_course/unit1/joint_trajectory_demo' returned '0': PYTHONPATH=/home/user/ros2_ws/build/joint_trajectory_demo/prefix_override:/usr/lib/python3/dist-packages/colcon_core/task/python/colcon_distutils_commands:/home/user/ros2_ws/install/joint_trajectory_demo/lib/python3.12/site-packages:${PYTHONPATH} _=/usr/bin/env /usr/bin/python3 -W ignore:setup.py install is deprecated -W ignore:easy_install command is deprecated setup.py egg_info --egg-base ../../../../build/joint_trajectory_demo build --build-base /home/user/ros2_ws/build/joint_trajectory_demo/build install --record /home/user/ros2_ws/build/joint_trajectory_demo/install.log --single-version-externally-managed install_data
[3.026s] Level 1:colcon.colcon_core.environment:checking '/home/user/ros2_ws/install/joint_trajectory_demo/lib'
[3.026s] Level 1:colcon.colcon_core.environment:checking '/home/user/ros2_ws/install/joint_trajectory_demo/bin'
[3.026s] Level 1:colcon.colcon_core.environment:checking '/home/user/ros2_ws/install/joint_trajectory_demo/lib/pkgconfig/joint_trajectory_demo.pc'
[3.026s] Level 1:colcon.colcon_core.environment:checking '/home/user/ros2_ws/install/joint_trajectory_demo/lib/python3.12/site-packages'
[3.026s] Level 1:colcon.colcon_core.shell:create_environment_hook('joint_trajectory_demo', 'pythonpath')
[3.027s] INFO:colcon.colcon_core.shell:Creating environment hook '/home/user/ros2_ws/install/joint_trajectory_demo/share/joint_trajectory_demo/hook/pythonpath.ps1'
[3.027s] INFO:colcon.colcon_core.shell:Creating environment descriptor '/home/user/ros2_ws/install/joint_trajectory_demo/share/joint_trajectory_demo/hook/pythonpath.dsv'
[3.027s] INFO:colcon.colcon_core.shell:Creating environment hook '/home/user/ros2_ws/install/joint_trajectory_demo/share/joint_trajectory_demo/hook/pythonpath.sh'
[3.028s] Level 1:colcon.colcon_core.environment:checking '/home/user/ros2_ws/install/joint_trajectory_demo/bin'
[3.028s] Level 1:colcon.colcon_core.environment:create_environment_scripts_only(joint_trajectory_demo)
[3.029s] INFO:colcon.colcon_core.shell:Creating package script '/home/user/ros2_ws/install/joint_trajectory_demo/share/joint_trajectory_demo/package.ps1'
[3.029s] INFO:colcon.colcon_core.shell:Creating package descriptor '/home/user/ros2_ws/install/joint_trajectory_demo/share/joint_trajectory_demo/package.dsv'
[3.030s] INFO:colcon.colcon_core.shell:Creating package script '/home/user/ros2_ws/install/joint_trajectory_demo/share/joint_trajectory_demo/package.sh'
[3.030s] INFO:colcon.colcon_core.shell:Creating package script '/home/user/ros2_ws/install/joint_trajectory_demo/share/joint_trajectory_demo/package.bash'
[3.031s] INFO:colcon.colcon_core.shell:Creating package script '/home/user/ros2_ws/install/joint_trajectory_demo/share/joint_trajectory_demo/package.zsh'
[3.031s] Level 1:colcon.colcon_core.environment:create_file_with_runtime_dependencies(/home/user/ros2_ws/install/joint_trajectory_demo/share/colcon-core/packages/joint_trajectory_demo)
[3.032s] Level 1:colcon.colcon_core.environment:create_environment_scripts_only(dynamixel_sdk)
[3.032s] Level 1:colcon.colcon_core.environment:checking '/home/user/ros2_ws/install/dynamixel_sdk' for CMake module files
[3.033s] Level 1:colcon.colcon_core.environment:checking '/home/user/ros2_ws/install/dynamixel_sdk' for CMake config files
[3.033s] Level 1:colcon.colcon_core.shell:create_environment_hook('dynamixel_sdk', 'cmake_prefix_path')
[3.034s] INFO:colcon.colcon_core.shell:Creating environment hook '/home/user/ros2_ws/install/dynamixel_sdk/share/dynamixel_sdk/hook/cmake_prefix_path.ps1'
[3.034s] INFO:colcon.colcon_core.shell:Creating environment descriptor '/home/user/ros2_ws/install/dynamixel_sdk/share/dynamixel_sdk/hook/cmake_prefix_path.dsv'
[3.035s] DEBUG:colcon.colcon_core.event_handler.log_command:Invoked command in '/home/user/ros2_ws/build/dynamixel_sdk' returned '0': _=/usr/bin/env /usr/bin/cmake --install /home/user/ros2_ws/build/dynamixel_sdk
[3.035s] INFO:colcon.colcon_core.shell:Creating environment hook '/home/user/ros2_ws/install/dynamixel_sdk/share/dynamixel_sdk/hook/cmake_prefix_path.sh'
[3.036s] Level 1:colcon.colcon_core.environment:checking '/home/user/ros2_ws/install/dynamixel_sdk/lib'
[3.036s] Level 1:colcon.colcon_core.shell:create_environment_hook('dynamixel_sdk', 'ld_library_path_lib')
[3.036s] INFO:colcon.colcon_core.shell:Creating environment hook '/home/user/ros2_ws/install/dynamixel_sdk/share/dynamixel_sdk/hook/ld_library_path_lib.ps1'
[3.036s] INFO:colcon.colcon_core.shell:Creating environment descriptor '/home/user/ros2_ws/install/dynamixel_sdk/share/dynamixel_sdk/hook/ld_library_path_lib.dsv'
[3.037s] INFO:colcon.colcon_core.shell:Creating environment hook '/home/user/ros2_ws/install/dynamixel_sdk/share/dynamixel_sdk/hook/ld_library_path_lib.sh'
[3.037s] Level 1:colcon.colcon_core.environment:checking '/home/user/ros2_ws/install/dynamixel_sdk/bin'
[3.037s] Level 1:colcon.colcon_core.environment:checking '/home/user/ros2_ws/install/dynamixel_sdk/lib/pkgconfig/dynamixel_sdk.pc'
[3.037s] Level 1:colcon.colcon_core.environment:checking '/home/user/ros2_ws/install/dynamixel_sdk/lib/python3.12/site-packages'
[3.038s] Level 1:colcon.colcon_core.environment:checking '/home/user/ros2_ws/install/dynamixel_sdk/bin'
[3.038s] INFO:colcon.colcon_core.shell:Creating package script '/home/user/ros2_ws/install/dynamixel_sdk/share/dynamixel_sdk/package.ps1'
[3.038s] INFO:colcon.colcon_core.shell:Creating package descriptor '/home/user/ros2_ws/install/dynamixel_sdk/share/dynamixel_sdk/package.dsv'
[3.039s] INFO:colcon.colcon_core.shell:Creating package script '/home/user/ros2_ws/install/dynamixel_sdk/share/dynamixel_sdk/package.sh'
[3.040s] INFO:colcon.colcon_core.shell:Creating package script '/home/user/ros2_ws/install/dynamixel_sdk/share/dynamixel_sdk/package.bash'
[3.040s] INFO:colcon.colcon_core.shell:Creating package script '/home/user/ros2_ws/install/dynamixel_sdk/share/dynamixel_sdk/package.zsh'
[3.040s] Level 1:colcon.colcon_core.environment:create_file_with_runtime_dependencies(/home/user/ros2_ws/install/dynamixel_sdk/share/colcon-core/packages/dynamixel_sdk)
[3.041s] Level 1:colcon.colcon_core.environment:create_environment_scripts_only(dynamixel_sdk)
[3.041s] Level 1:colcon.colcon_core.environment:checking '/home/user/ros2_ws/install/dynamixel_sdk' for CMake module files
[3.042s] Level 1:colcon.colcon_core.environment:checking '/home/user/ros2_ws/install/dynamixel_sdk' for CMake config files
[3.042s] Level 1:colcon.colcon_core.shell:create_environment_hook('dynamixel_sdk', 'cmake_prefix_path')
[3.042s] INFO:colcon.colcon_core.shell:Creating environment hook '/home/user/ros2_ws/install/dynamixel_sdk/share/dynamixel_sdk/hook/cmake_prefix_path.ps1'
[3.042s] INFO:colcon.colcon_core.shell:Creating environment descriptor '/home/user/ros2_ws/install/dynamixel_sdk/share/dynamixel_sdk/hook/cmake_prefix_path.dsv'
[3.043s] INFO:colcon.colcon_core.shell:Creating environment hook '/home/user/ros2_ws/install/dynamixel_sdk/share/dynamixel_sdk/hook/cmake_prefix_path.sh'
[3.043s] Level 1:colcon.colcon_core.environment:checking '/home/user/ros2_ws/install/dynamixel_sdk/lib'
[3.043s] Level 1:colcon.colcon_core.shell:create_environment_hook('dynamixel_sdk', 'ld_library_path_lib')
[3.043s] INFO:colcon.colcon_core.shell:Creating environment hook '/home/user/ros2_ws/install/dynamixel_sdk/share/dynamixel_sdk/hook/ld_library_path_lib.ps1'
[3.044s] INFO:colcon.colcon_core.shell:Creating environment descriptor '/home/user/ros2_ws/install/dynamixel_sdk/share/dynamixel_sdk/hook/ld_library_path_lib.dsv'
[3.044s] INFO:colcon.colcon_core.shell:Creating environment hook '/home/user/ros2_ws/install/dynamixel_sdk/share/dynamixel_sdk/hook/ld_library_path_lib.sh'
[3.045s] Level 1:colcon.colcon_core.environment:checking '/home/user/ros2_ws/install/dynamixel_sdk/bin'
[3.045s] Level 1:colcon.colcon_core.environment:checking '/home/user/ros2_ws/install/dynamixel_sdk/lib/pkgconfig/dynamixel_sdk.pc'
[3.045s] Level 1:colcon.colcon_core.environment:checking '/home/user/ros2_ws/install/dynamixel_sdk/lib/python3.12/site-packages'
[3.046s] Level 1:colcon.colcon_core.environment:checking '/home/user/ros2_ws/install/dynamixel_sdk/bin'
[3.046s] INFO:colcon.colcon_core.shell:Creating package script '/home/user/ros2_ws/install/dynamixel_sdk/share/dynamixel_sdk/package.ps1'
[3.047s] INFO:colcon.colcon_core.shell:Creating package descriptor '/home/user/ros2_ws/install/dynamixel_sdk/share/dynamixel_sdk/package.dsv'
[3.048s] INFO:colcon.colcon_core.shell:Creating package script '/home/user/ros2_ws/install/dynamixel_sdk/share/dynamixel_sdk/package.sh'
[3.048s] INFO:colcon.colcon_core.shell:Creating package script '/home/user/ros2_ws/install/dynamixel_sdk/share/dynamixel_sdk/package.bash'
[3.049s] INFO:colcon.colcon_core.shell:Creating package script '/home/user/ros2_ws/install/dynamixel_sdk/share/dynamixel_sdk/package.zsh'
[3.050s] Level 1:colcon.colcon_core.environment:create_file_with_runtime_dependencies(/home/user/ros2_ws/install/dynamixel_sdk/share/colcon-core/packages/dynamixel_sdk)
[3.050s] INFO:colcon.colcon_ros.task.ament_cmake.build:Building ROS package in '/home/user/ros2_ws/src/dynamixel-workbench/dynamixel_workbench_toolbox' with build type 'ament_cmake'
[3.050s] INFO:colcon.colcon_cmake.task.cmake.build:Building CMake package in '/home/user/ros2_ws/src/dynamixel-workbench/dynamixel_workbench_toolbox'
[3.051s] INFO:colcon.colcon_core.shell:Skip shell extension 'powershell' for command environment: Not usable outside of PowerShell
[3.051s] DEBUG:colcon.colcon_core.shell:Skip shell extension 'dsv' for command environment
[3.058s] INFO:colcon.colcon_ros.task.ament_cmake.build:Building ROS package in '/home/user/ros2_ws/src/ros2_control_course/unit2/rrbot_unit2' with build type 'ament_cmake'
[3.059s] INFO:colcon.colcon_cmake.task.cmake.build:Building CMake package in '/home/user/ros2_ws/src/ros2_control_course/unit2/rrbot_unit2'
[3.059s] INFO:colcon.colcon_core.shell:Skip shell extension 'powershell' for command environment: Not usable outside of PowerShell
[3.059s] DEBUG:colcon.colcon_core.shell:Skip shell extension 'dsv' for command environment
[3.072s] DEBUG:colcon.colcon_core.event_handler.log_command:Invoking command in '/home/user/ros2_ws/build/rrbot_controller': _=/usr/bin/env /usr/bin/cmake /home/user/ros2_ws/src/rrbot_controller -DCMAKE_INSTALL_PREFIX=/home/user/ros2_ws/install/rrbot_controller
[3.079s] DEBUG:colcon.colcon_core.event_handler.log_command:Invoking command in '/home/user/ros2_ws/build/dynamixel_workbench_toolbox': AMENT_PREFIX_PATH=/home/user/ros2_ws/install/dynamixel_sdk:${AMENT_PREFIX_PATH} CMAKE_PREFIX_PATH=/home/user/ros2_ws/install/dynamixel_sdk:${CMAKE_PREFIX_PATH} LD_LIBRARY_PATH=/home/user/ros2_ws/install/dynamixel_sdk/lib:/home/simulations/ros2_sims_ws/install/rmw_cyclonedds_cpp/lib:/home/simulations/ros2_sims_ws/install/cyclonedds/lib:/home/user/catkin_ws/devel/lib:/home/simulations/public_sim_ws/devel/lib:/opt/ros/jazzy/lib:/opt/ros/jazzy/lib/x86_64-linux-gnu:/usr/local/cuda-10.2/lib64:/home/user/.catkin_ws_python3/src/TensorRT-7.0.0.11/lib:/home/user/catkin_ws/devel/lib:/home/simulations/public_sim_ws/devel/lib:/opt/ros/jazzy/lib:/opt/ros/jazzy/lib/x86_64-linux-gnu:/opt/ros/jazzy/opt/gz_sim_vendor/lib:/opt/ros/jazzy/opt/gz_sensors_vendor/lib:/opt/ros/jazzy/opt/gz_physics_vendor/lib:/opt/ros/jazzy/opt/sdformat_vendor/lib:/opt/ros/jazzy/opt/rviz_ogre_vendor/lib:/opt/ros/jazzy/lib/x86_64-linux-gnu:/opt/ros/jazzy/opt/gz_gui_vendor/lib:/opt/ros/jazzy/opt/gz_transport_vendor/lib:/opt/ros/jazzy/opt/gz_rendering_vendor/lib:/opt/ros/jazzy/opt/gz_plugin_vendor/lib:/opt/ros/jazzy/opt/gz_fuel_tools_vendor/lib:/opt/ros/jazzy/opt/gz_msgs_vendor/lib:/opt/ros/jazzy/opt/gz_common_vendor/lib:/opt/ros/jazzy/opt/gz_math_vendor/lib:/opt/ros/jazzy/opt/gz_utils_vendor/lib:/opt/ros/jazzy/opt/gz_tools_vendor/lib:/opt/ros/jazzy/opt/gz_ogre_next_vendor/lib:/opt/ros/jazzy/opt/gz_dartsim_vendor/lib:/opt/ros/jazzy/opt/gz_cmake_vendor/lib:/opt/ros/jazzy/lib:/usr/local/cuda-10.2/lib64:/home/user/.catkin_ws_python3/src/TensorRT-7.0.0.11/lib _=/usr/bin/env /usr/bin/cmake /home/user/ros2_ws/src/dynamixel-workbench/dynamixel_workbench_toolbox -DCMAKE_INSTALL_PREFIX=/home/user/ros2_ws/install/dynamixel_workbench_toolbox
[3.093s] DEBUG:colcon.colcon_core.event_handler.log_command:Invoking command in '/home/user/ros2_ws/build/rrbot_unit2': _=/usr/bin/env /usr/bin/cmake /home/user/ros2_ws/src/ros2_control_course/unit2/rrbot_unit2 -DCMAKE_INSTALL_PREFIX=/home/user/ros2_ws/install/rrbot_unit2
[3.552s] DEBUG:colcon.colcon_core.event_handler.log_command:Invoked command in '/home/user/ros2_ws/build/diffbot_description' returned '0': _=/usr/bin/env /usr/bin/cmake /home/user/ros2_ws/src/ros2_control_course/unit5/diffbot_description -DCMAKE_INSTALL_PREFIX=/home/user/ros2_ws/install/diffbot_description
[3.556s] DEBUG:colcon.colcon_core.event_handler.log_command:Invoking command in '/home/user/ros2_ws/build/diffbot_description': _=/usr/bin/env /usr/bin/cmake --build /home/user/ros2_ws/build/diffbot_description -- -j8 -l8
[3.914s] DEBUG:colcon.colcon_core.event_handler.log_command:Invoked command in '/home/user/ros2_ws/build/my_quadruped_bringup' returned '0': _=/usr/bin/env /usr/bin/cmake /home/user/ros2_ws/src/my_quadruped_bringup -DCMAKE_INSTALL_PREFIX=/home/user/ros2_ws/install/my_quadruped_bringup
[3.915s] DEBUG:colcon.colcon_core.event_handler.log_command:Invoking command in '/home/user/ros2_ws/build/my_quadruped_bringup': _=/usr/bin/env /usr/bin/cmake --build /home/user/ros2_ws/build/my_quadruped_bringup -- -j8 -l8
[4.116s] DEBUG:colcon.colcon_core.event_handler.log_command:Invoked command in '/home/user/ros2_ws/build/my_robot_bringup' returned '0': _=/usr/bin/env /usr/bin/cmake /home/user/ros2_ws/src/my_robot_bringup -DCMAKE_INSTALL_PREFIX=/home/user/ros2_ws/install/my_robot_bringup
[4.118s] DEBUG:colcon.colcon_core.event_handler.log_command:Invoking command in '/home/user/ros2_ws/build/my_robot_bringup': _=/usr/bin/env /usr/bin/cmake --build /home/user/ros2_ws/build/my_robot_bringup -- -j8 -l8
[4.121s] DEBUG:colcon.colcon_core.event_handler.log_command:Invoked command in '/home/user/ros2_ws/build/diffbot_description' returned '0': _=/usr/bin/env /usr/bin/cmake --build /home/user/ros2_ws/build/diffbot_description -- -j8 -l8
[4.122s] DEBUG:colcon.colcon_core.event_handler.log_command:Invoking command in '/home/user/ros2_ws/build/diffbot_description': _=/usr/bin/env /usr/bin/cmake --install /home/user/ros2_ws/build/diffbot_description
[4.130s] DEBUG:colcon.colcon_core.event_handler.log_command:Invoked command in '/home/user/ros2_ws/build/my_quadruped_bringup' returned '0': _=/usr/bin/env /usr/bin/cmake --build /home/user/ros2_ws/build/my_quadruped_bringup -- -j8 -l8
[4.130s] DEBUG:colcon.colcon_core.event_handler.log_command:Invoking command in '/home/user/ros2_ws/build/my_quadruped_bringup': _=/usr/bin/env /usr/bin/cmake --install /home/user/ros2_ws/build/my_quadruped_bringup
[4.199s] Level 1:colcon.colcon_core.environment:create_environment_scripts_only(diffbot_description)
[4.200s] Level 1:colcon.colcon_core.environment:checking '/home/user/ros2_ws/install/diffbot_description' for CMake module files
[4.201s] Level 1:colcon.colcon_core.environment:checking '/home/user/ros2_ws/install/diffbot_description' for CMake config files
[4.201s] Level 1:colcon.colcon_core.shell:create_environment_hook('diffbot_description', 'cmake_prefix_path')
[4.201s] INFO:colcon.colcon_core.shell:Creating environment hook '/home/user/ros2_ws/install/diffbot_description/share/diffbot_description/hook/cmake_prefix_path.ps1'
[4.202s] INFO:colcon.colcon_core.shell:Creating environment descriptor '/home/user/ros2_ws/install/diffbot_description/share/diffbot_description/hook/cmake_prefix_path.dsv'
[4.203s] INFO:colcon.colcon_core.shell:Creating environment hook '/home/user/ros2_ws/install/diffbot_description/share/diffbot_description/hook/cmake_prefix_path.sh'
[4.205s] Level 1:colcon.colcon_core.environment:checking '/home/user/ros2_ws/install/diffbot_description/bin'
[4.205s] Level 1:colcon.colcon_core.environment:checking '/home/user/ros2_ws/install/diffbot_description/lib/pkgconfig/diffbot_description.pc'
[4.206s] Level 1:colcon.colcon_core.environment:checking '/home/user/ros2_ws/install/diffbot_description/lib/python3.12/site-packages'
[4.208s] Level 1:colcon.colcon_core.environment:checking '/home/user/ros2_ws/install/diffbot_description/bin'
[4.209s] INFO:colcon.colcon_core.shell:Creating package script '/home/user/ros2_ws/install/diffbot_description/share/diffbot_description/package.ps1'
[4.210s] DEBUG:colcon.colcon_core.event_handler.log_command:Invoked command in '/home/user/ros2_ws/build/my_robot_bringup' returned '0': _=/usr/bin/env /usr/bin/cmake --build /home/user/ros2_ws/build/my_robot_bringup -- -j8 -l8
[4.211s] DEBUG:colcon.colcon_core.event_handler.log_command:Invoking command in '/home/user/ros2_ws/build/my_robot_bringup': _=/usr/bin/env /usr/bin/cmake --install /home/user/ros2_ws/build/my_robot_bringup
[4.212s] DEBUG:colcon.colcon_core.event_handler.log_command:Invoked command in '/home/user/ros2_ws/build/diffbot_description' returned '0': _=/usr/bin/env /usr/bin/cmake --install /home/user/ros2_ws/build/diffbot_description
[4.213s] INFO:colcon.colcon_core.shell:Creating package descriptor '/home/user/ros2_ws/install/diffbot_description/share/diffbot_description/package.dsv'
[4.214s] INFO:colcon.colcon_core.shell:Creating package script '/home/user/ros2_ws/install/diffbot_description/share/diffbot_description/package.sh'
[4.214s] INFO:colcon.colcon_core.shell:Creating package script '/home/user/ros2_ws/install/diffbot_description/share/diffbot_description/package.bash'
[4.214s] INFO:colcon.colcon_core.shell:Creating package script '/home/user/ros2_ws/install/diffbot_description/share/diffbot_description/package.zsh'
[4.215s] Level 1:colcon.colcon_core.environment:create_file_with_runtime_dependencies(/home/user/ros2_ws/install/diffbot_description/share/colcon-core/packages/diffbot_description)
[4.215s] Level 1:colcon.colcon_core.environment:create_environment_scripts_only(diffbot_description)
[4.215s] Level 1:colcon.colcon_core.environment:checking '/home/user/ros2_ws/install/diffbot_description' for CMake module files
[4.216s] Level 1:colcon.colcon_core.environment:checking '/home/user/ros2_ws/install/diffbot_description' for CMake config files
[4.217s] Level 1:colcon.colcon_core.shell:create_environment_hook('diffbot_description', 'cmake_prefix_path')
[4.217s] INFO:colcon.colcon_core.shell:Creating environment hook '/home/user/ros2_ws/install/diffbot_description/share/diffbot_description/hook/cmake_prefix_path.ps1'
[4.218s] INFO:colcon.colcon_core.shell:Creating environment descriptor '/home/user/ros2_ws/install/diffbot_description/share/diffbot_description/hook/cmake_prefix_path.dsv'
[4.219s] INFO:colcon.colcon_core.shell:Creating environment hook '/home/user/ros2_ws/install/diffbot_description/share/diffbot_description/hook/cmake_prefix_path.sh'
[4.220s] Level 1:colcon.colcon_core.environment:checking '/home/user/ros2_ws/install/diffbot_description/bin'
[4.221s] Level 1:colcon.colcon_core.environment:checking '/home/user/ros2_ws/install/diffbot_description/lib/pkgconfig/diffbot_description.pc'
[4.221s] Level 1:colcon.colcon_core.environment:checking '/home/user/ros2_ws/install/diffbot_description/lib/python3.12/site-packages'
[4.221s] Level 1:colcon.colcon_core.environment:checking '/home/user/ros2_ws/install/diffbot_description/bin'
[4.221s] INFO:colcon.colcon_core.shell:Creating package script '/home/user/ros2_ws/install/diffbot_description/share/diffbot_description/package.ps1'
[4.222s] INFO:colcon.colcon_core.shell:Creating package descriptor '/home/user/ros2_ws/install/diffbot_description/share/diffbot_description/package.dsv'
[4.222s] INFO:colcon.colcon_core.shell:Creating package script '/home/user/ros2_ws/install/diffbot_description/share/diffbot_description/package.sh'
[4.223s] INFO:colcon.colcon_core.shell:Creating package script '/home/user/ros2_ws/install/diffbot_description/share/diffbot_description/package.bash'
[4.223s] INFO:colcon.colcon_core.shell:Creating package script '/home/user/ros2_ws/install/diffbot_description/share/diffbot_description/package.zsh'
[4.223s] Level 1:colcon.colcon_core.environment:create_file_with_runtime_dependencies(/home/user/ros2_ws/install/diffbot_description/share/colcon-core/packages/diffbot_description)
[4.224s] Level 1:colcon.colcon_core.environment:create_environment_scripts_only(my_quadruped_bringup)
[4.224s] Level 1:colcon.colcon_core.environment:checking '/home/user/ros2_ws/install/my_quadruped_bringup' for CMake module files
[4.225s] Level 1:colcon.colcon_core.environment:checking '/home/user/ros2_ws/install/my_quadruped_bringup' for CMake config files
[4.225s] Level 1:colcon.colcon_core.shell:create_environment_hook('my_quadruped_bringup', 'cmake_prefix_path')
[4.225s] INFO:colcon.colcon_core.shell:Creating environment hook '/home/user/ros2_ws/install/my_quadruped_bringup/share/my_quadruped_bringup/hook/cmake_prefix_path.ps1'
[4.226s] INFO:colcon.colcon_core.shell:Creating environment descriptor '/home/user/ros2_ws/install/my_quadruped_bringup/share/my_quadruped_bringup/hook/cmake_prefix_path.dsv'
[4.226s] INFO:colcon.colcon_core.shell:Creating environment hook '/home/user/ros2_ws/install/my_quadruped_bringup/share/my_quadruped_bringup/hook/cmake_prefix_path.sh'
[4.227s] Level 1:colcon.colcon_core.environment:checking '/home/user/ros2_ws/install/my_quadruped_bringup/bin'
[4.227s] Level 1:colcon.colcon_core.environment:checking '/home/user/ros2_ws/install/my_quadruped_bringup/lib/pkgconfig/my_quadruped_bringup.pc'
[4.227s] Level 1:colcon.colcon_core.environment:checking '/home/user/ros2_ws/install/my_quadruped_bringup/lib/python3.12/site-packages'
[4.227s] Level 1:colcon.colcon_core.environment:checking '/home/user/ros2_ws/install/my_quadruped_bringup/bin'
[4.227s] INFO:colcon.colcon_core.shell:Creating package script '/home/user/ros2_ws/install/my_quadruped_bringup/share/my_quadruped_bringup/package.ps1'
[4.228s] INFO:colcon.colcon_core.shell:Creating package descriptor '/home/user/ros2_ws/install/my_quadruped_bringup/share/my_quadruped_bringup/package.dsv'
[4.228s] INFO:colcon.colcon_core.shell:Creating package script '/home/user/ros2_ws/install/my_quadruped_bringup/share/my_quadruped_bringup/package.sh'
[4.229s] INFO:colcon.colcon_core.shell:Creating package script '/home/user/ros2_ws/install/my_quadruped_bringup/share/my_quadruped_bringup/package.bash'
[4.229s] DEBUG:colcon.colcon_core.event_handler.log_command:Invoked command in '/home/user/ros2_ws/build/my_quadruped_bringup' returned '0': _=/usr/bin/env /usr/bin/cmake --install /home/user/ros2_ws/build/my_quadruped_bringup
[4.229s] INFO:colcon.colcon_core.shell:Creating package script '/home/user/ros2_ws/install/my_quadruped_bringup/share/my_quadruped_bringup/package.zsh'
[4.230s] Level 1:colcon.colcon_core.environment:create_file_with_runtime_dependencies(/home/user/ros2_ws/install/my_quadruped_bringup/share/colcon-core/packages/my_quadruped_bringup)
[4.230s] Level 1:colcon.colcon_core.environment:create_environment_scripts_only(my_quadruped_bringup)
[4.230s] Level 1:colcon.colcon_core.environment:checking '/home/user/ros2_ws/install/my_quadruped_bringup' for CMake module files
[4.231s] Level 1:colcon.colcon_core.environment:checking '/home/user/ros2_ws/install/my_quadruped_bringup' for CMake config files
[4.231s] Level 1:colcon.colcon_core.shell:create_environment_hook('my_quadruped_bringup', 'cmake_prefix_path')
[4.231s] INFO:colcon.colcon_core.shell:Creating environment hook '/home/user/ros2_ws/install/my_quadruped_bringup/share/my_quadruped_bringup/hook/cmake_prefix_path.ps1'
[4.231s] INFO:colcon.colcon_core.shell:Creating environment descriptor '/home/user/ros2_ws/install/my_quadruped_bringup/share/my_quadruped_bringup/hook/cmake_prefix_path.dsv'
[4.232s] INFO:colcon.colcon_core.shell:Creating environment hook '/home/user/ros2_ws/install/my_quadruped_bringup/share/my_quadruped_bringup/hook/cmake_prefix_path.sh'
[4.232s] Level 1:colcon.colcon_core.environment:checking '/home/user/ros2_ws/install/my_quadruped_bringup/bin'
[4.232s] Level 1:colcon.colcon_core.environment:checking '/home/user/ros2_ws/install/my_quadruped_bringup/lib/pkgconfig/my_quadruped_bringup.pc'
[4.233s] Level 1:colcon.colcon_core.environment:checking '/home/user/ros2_ws/install/my_quadruped_bringup/lib/python3.12/site-packages'
[4.233s] Level 1:colcon.colcon_core.environment:checking '/home/user/ros2_ws/install/my_quadruped_bringup/bin'
[4.233s] INFO:colcon.colcon_core.shell:Creating package script '/home/user/ros2_ws/install/my_quadruped_bringup/share/my_quadruped_bringup/package.ps1'
[4.233s] INFO:colcon.colcon_core.shell:Creating package descriptor '/home/user/ros2_ws/install/my_quadruped_bringup/share/my_quadruped_bringup/package.dsv'
[4.234s] INFO:colcon.colcon_core.shell:Creating package script '/home/user/ros2_ws/install/my_quadruped_bringup/share/my_quadruped_bringup/package.sh'
[4.234s] INFO:colcon.colcon_core.shell:Creating package script '/home/user/ros2_ws/install/my_quadruped_bringup/share/my_quadruped_bringup/package.bash'
[4.235s] INFO:colcon.colcon_core.shell:Creating package script '/home/user/ros2_ws/install/my_quadruped_bringup/share/my_quadruped_bringup/package.zsh'
[4.235s] Level 1:colcon.colcon_core.environment:create_file_with_runtime_dependencies(/home/user/ros2_ws/install/my_quadruped_bringup/share/colcon-core/packages/my_quadruped_bringup)
[4.236s] INFO:colcon.colcon_ros.task.ament_cmake.build:Building ROS package in '/home/user/ros2_ws/src/ros2_control_course/unit3/rrbot_unit3' with build type 'ament_cmake'
[4.236s] INFO:colcon.colcon_cmake.task.cmake.build:Building CMake package in '/home/user/ros2_ws/src/ros2_control_course/unit3/rrbot_unit3'
[4.236s] INFO:colcon.colcon_core.shell:Skip shell extension 'powershell' for command environment: Not usable outside of PowerShell
[4.236s] DEBUG:colcon.colcon_core.shell:Skip shell extension 'dsv' for command environment
[4.241s] INFO:colcon.colcon_ros.task.ament_cmake.build:Building ROS package in '/home/user/ros2_ws/src/ros2_control_course/unit4/rrbot_unit4' with build type 'ament_cmake'
[4.241s] INFO:colcon.colcon_cmake.task.cmake.build:Building CMake package in '/home/user/ros2_ws/src/ros2_control_course/unit4/rrbot_unit4'
[4.241s] INFO:colcon.colcon_core.shell:Skip shell extension 'powershell' for command environment: Not usable outside of PowerShell
[4.241s] DEBUG:colcon.colcon_core.shell:Skip shell extension 'dsv' for command environment
[4.248s] Level 1:colcon.colcon_core.environment:create_environment_scripts_only(my_robot_bringup)
[4.248s] Level 1:colcon.colcon_core.environment:checking '/home/user/ros2_ws/install/my_robot_bringup' for CMake module files
[4.248s] DEBUG:colcon.colcon_core.event_handler.log_command:Invoked command in '/home/user/ros2_ws/build/my_robot_bringup' returned '0': _=/usr/bin/env /usr/bin/cmake --install /home/user/ros2_ws/build/my_robot_bringup
[4.249s] Level 1:colcon.colcon_core.environment:checking '/home/user/ros2_ws/install/my_robot_bringup' for CMake config files
[4.249s] Level 1:colcon.colcon_core.shell:create_environment_hook('my_robot_bringup', 'cmake_prefix_path')
[4.249s] INFO:colcon.colcon_core.shell:Creating environment hook '/home/user/ros2_ws/install/my_robot_bringup/share/my_robot_bringup/hook/cmake_prefix_path.ps1'
[4.249s] INFO:colcon.colcon_core.shell:Creating environment descriptor '/home/user/ros2_ws/install/my_robot_bringup/share/my_robot_bringup/hook/cmake_prefix_path.dsv'
[4.250s] INFO:colcon.colcon_core.shell:Creating environment hook '/home/user/ros2_ws/install/my_robot_bringup/share/my_robot_bringup/hook/cmake_prefix_path.sh'
[4.250s] Level 1:colcon.colcon_core.environment:checking '/home/user/ros2_ws/install/my_robot_bringup/bin'
[4.250s] Level 1:colcon.colcon_core.environment:checking '/home/user/ros2_ws/install/my_robot_bringup/lib/pkgconfig/my_robot_bringup.pc'
[4.251s] Level 1:colcon.colcon_core.environment:checking '/home/user/ros2_ws/install/my_robot_bringup/lib/python3.12/site-packages'
[4.251s] Level 1:colcon.colcon_core.environment:checking '/home/user/ros2_ws/install/my_robot_bringup/bin'
[4.251s] INFO:colcon.colcon_core.shell:Creating package script '/home/user/ros2_ws/install/my_robot_bringup/share/my_robot_bringup/package.ps1'
[4.251s] INFO:colcon.colcon_core.shell:Creating package descriptor '/home/user/ros2_ws/install/my_robot_bringup/share/my_robot_bringup/package.dsv'
[4.252s] INFO:colcon.colcon_core.shell:Creating package script '/home/user/ros2_ws/install/my_robot_bringup/share/my_robot_bringup/package.sh'
[4.252s] INFO:colcon.colcon_core.shell:Creating package script '/home/user/ros2_ws/install/my_robot_bringup/share/my_robot_bringup/package.bash'
[4.252s] INFO:colcon.colcon_core.shell:Creating package script '/home/user/ros2_ws/install/my_robot_bringup/share/my_robot_bringup/package.zsh'
[4.253s] Level 1:colcon.colcon_core.environment:create_file_with_runtime_dependencies(/home/user/ros2_ws/install/my_robot_bringup/share/colcon-core/packages/my_robot_bringup)
[4.253s] Level 1:colcon.colcon_core.environment:create_environment_scripts_only(my_robot_bringup)
[4.253s] Level 1:colcon.colcon_core.environment:checking '/home/user/ros2_ws/install/my_robot_bringup' for CMake module files
[4.254s] Level 1:colcon.colcon_core.environment:checking '/home/user/ros2_ws/install/my_robot_bringup' for CMake config files
[4.254s] Level 1:colcon.colcon_core.shell:create_environment_hook('my_robot_bringup', 'cmake_prefix_path')
[4.254s] INFO:colcon.colcon_core.shell:Creating environment hook '/home/user/ros2_ws/install/my_robot_bringup/share/my_robot_bringup/hook/cmake_prefix_path.ps1'
[4.255s] INFO:colcon.colcon_core.shell:Creating environment descriptor '/home/user/ros2_ws/install/my_robot_bringup/share/my_robot_bringup/hook/cmake_prefix_path.dsv'
[4.255s] INFO:colcon.colcon_core.shell:Creating environment hook '/home/user/ros2_ws/install/my_robot_bringup/share/my_robot_bringup/hook/cmake_prefix_path.sh'
[4.256s] Level 1:colcon.colcon_core.environment:checking '/home/user/ros2_ws/install/my_robot_bringup/bin'
[4.256s] Level 1:colcon.colcon_core.environment:checking '/home/user/ros2_ws/install/my_robot_bringup/lib/pkgconfig/my_robot_bringup.pc'
[4.256s] Level 1:colcon.colcon_core.environment:checking '/home/user/ros2_ws/install/my_robot_bringup/lib/python3.12/site-packages'
[4.257s] Level 1:colcon.colcon_core.environment:checking '/home/user/ros2_ws/install/my_robot_bringup/bin'
[4.257s] INFO:colcon.colcon_core.shell:Creating package script '/home/user/ros2_ws/install/my_robot_bringup/share/my_robot_bringup/package.ps1'
[4.258s] INFO:colcon.colcon_core.shell:Creating package descriptor '/home/user/ros2_ws/install/my_robot_bringup/share/my_robot_bringup/package.dsv'
[4.258s] INFO:colcon.colcon_core.shell:Creating package script '/home/user/ros2_ws/install/my_robot_bringup/share/my_robot_bringup/package.sh'
[4.259s] INFO:colcon.colcon_core.shell:Creating package script '/home/user/ros2_ws/install/my_robot_bringup/share/my_robot_bringup/package.bash'
[4.260s] INFO:colcon.colcon_core.shell:Creating package script '/home/user/ros2_ws/install/my_robot_bringup/share/my_robot_bringup/package.zsh'
[4.261s] Level 1:colcon.colcon_core.environment:create_file_with_runtime_dependencies(/home/user/ros2_ws/install/my_robot_bringup/share/colcon-core/packages/my_robot_bringup)
[4.262s] INFO:colcon.colcon_ros.task.ament_cmake.build:Building ROS package in '/home/user/ros2_ws/src/ros2_control_course/unit5/rrbot_unit5' with build type 'ament_cmake'
[4.262s] INFO:colcon.colcon_cmake.task.cmake.build:Building CMake package in '/home/user/ros2_ws/src/ros2_control_course/unit5/rrbot_unit5'
[4.262s] INFO:colcon.colcon_core.shell:Skip shell extension 'powershell' for command environment: Not usable outside of PowerShell
[4.262s] DEBUG:colcon.colcon_core.shell:Skip shell extension 'dsv' for command environment
[4.273s] DEBUG:colcon.colcon_core.event_handler.log_command:Invoking command in '/home/user/ros2_ws/build/rrbot_unit3': _=/usr/bin/env /usr/bin/cmake /home/user/ros2_ws/src/ros2_control_course/unit3/rrbot_unit3 -DCMAKE_INSTALL_PREFIX=/home/user/ros2_ws/install/rrbot_unit3
[4.286s] DEBUG:colcon.colcon_core.event_handler.log_command:Invoking command in '/home/user/ros2_ws/build/rrbot_unit4': _=/usr/bin/env /usr/bin/cmake /home/user/ros2_ws/src/ros2_control_course/unit4/rrbot_unit4 -DCMAKE_INSTALL_PREFIX=/home/user/ros2_ws/install/rrbot_unit4
[4.290s] DEBUG:colcon.colcon_core.event_handler.log_command:Invoking command in '/home/user/ros2_ws/build/rrbot_unit5': _=/usr/bin/env /usr/bin/cmake /home/user/ros2_ws/src/ros2_control_course/unit5/rrbot_unit5 -DCMAKE_INSTALL_PREFIX=/home/user/ros2_ws/install/rrbot_unit5
[5.284s] DEBUG:colcon.colcon_core.event_handler.log_command:Invoked command in '/home/user/ros2_ws/build/dynamixel_workbench_toolbox' returned '0': AMENT_PREFIX_PATH=/home/user/ros2_ws/install/dynamixel_sdk:${AMENT_PREFIX_PATH} CMAKE_PREFIX_PATH=/home/user/ros2_ws/install/dynamixel_sdk:${CMAKE_PREFIX_PATH} LD_LIBRARY_PATH=/home/user/ros2_ws/install/dynamixel_sdk/lib:/home/simulations/ros2_sims_ws/install/rmw_cyclonedds_cpp/lib:/home/simulations/ros2_sims_ws/install/cyclonedds/lib:/home/user/catkin_ws/devel/lib:/home/simulations/public_sim_ws/devel/lib:/opt/ros/jazzy/lib:/opt/ros/jazzy/lib/x86_64-linux-gnu:/usr/local/cuda-10.2/lib64:/home/user/.catkin_ws_python3/src/TensorRT-7.0.0.11/lib:/home/user/catkin_ws/devel/lib:/home/simulations/public_sim_ws/devel/lib:/opt/ros/jazzy/lib:/opt/ros/jazzy/lib/x86_64-linux-gnu:/opt/ros/jazzy/opt/gz_sim_vendor/lib:/opt/ros/jazzy/opt/gz_sensors_vendor/lib:/opt/ros/jazzy/opt/gz_physics_vendor/lib:/opt/ros/jazzy/opt/sdformat_vendor/lib:/opt/ros/jazzy/opt/rviz_ogre_vendor/lib:/opt/ros/jazzy/lib/x86_64-linux-gnu:/opt/ros/jazzy/opt/gz_gui_vendor/lib:/opt/ros/jazzy/opt/gz_transport_vendor/lib:/opt/ros/jazzy/opt/gz_rendering_vendor/lib:/opt/ros/jazzy/opt/gz_plugin_vendor/lib:/opt/ros/jazzy/opt/gz_fuel_tools_vendor/lib:/opt/ros/jazzy/opt/gz_msgs_vendor/lib:/opt/ros/jazzy/opt/gz_common_vendor/lib:/opt/ros/jazzy/opt/gz_math_vendor/lib:/opt/ros/jazzy/opt/gz_utils_vendor/lib:/opt/ros/jazzy/opt/gz_tools_vendor/lib:/opt/ros/jazzy/opt/gz_ogre_next_vendor/lib:/opt/ros/jazzy/opt/gz_dartsim_vendor/lib:/opt/ros/jazzy/opt/gz_cmake_vendor/lib:/opt/ros/jazzy/lib:/usr/local/cuda-10.2/lib64:/home/user/.catkin_ws_python3/src/TensorRT-7.0.0.11/lib _=/usr/bin/env /usr/bin/cmake /home/user/ros2_ws/src/dynamixel-workbench/dynamixel_workbench_toolbox -DCMAKE_INSTALL_PREFIX=/home/user/ros2_ws/install/dynamixel_workbench_toolbox
[5.284s] DEBUG:colcon.colcon_core.event_handler.log_command:Invoking command in '/home/user/ros2_ws/build/dynamixel_workbench_toolbox': AMENT_PREFIX_PATH=/home/user/ros2_ws/install/dynamixel_sdk:${AMENT_PREFIX_PATH} CMAKE_PREFIX_PATH=/home/user/ros2_ws/install/dynamixel_sdk:${CMAKE_PREFIX_PATH} LD_LIBRARY_PATH=/home/user/ros2_ws/install/dynamixel_sdk/lib:/home/simulations/ros2_sims_ws/install/rmw_cyclonedds_cpp/lib:/home/simulations/ros2_sims_ws/install/cyclonedds/lib:/home/user/catkin_ws/devel/lib:/home/simulations/public_sim_ws/devel/lib:/opt/ros/jazzy/lib:/opt/ros/jazzy/lib/x86_64-linux-gnu:/usr/local/cuda-10.2/lib64:/home/user/.catkin_ws_python3/src/TensorRT-7.0.0.11/lib:/home/user/catkin_ws/devel/lib:/home/simulations/public_sim_ws/devel/lib:/opt/ros/jazzy/lib:/opt/ros/jazzy/lib/x86_64-linux-gnu:/opt/ros/jazzy/opt/gz_sim_vendor/lib:/opt/ros/jazzy/opt/gz_sensors_vendor/lib:/opt/ros/jazzy/opt/gz_physics_vendor/lib:/opt/ros/jazzy/opt/sdformat_vendor/lib:/opt/ros/jazzy/opt/rviz_ogre_vendor/lib:/opt/ros/jazzy/lib/x86_64-linux-gnu:/opt/ros/jazzy/opt/gz_gui_vendor/lib:/opt/ros/jazzy/opt/gz_transport_vendor/lib:/opt/ros/jazzy/opt/gz_rendering_vendor/lib:/opt/ros/jazzy/opt/gz_plugin_vendor/lib:/opt/ros/jazzy/opt/gz_fuel_tools_vendor/lib:/opt/ros/jazzy/opt/gz_msgs_vendor/lib:/opt/ros/jazzy/opt/gz_common_vendor/lib:/opt/ros/jazzy/opt/gz_math_vendor/lib:/opt/ros/jazzy/opt/gz_utils_vendor/lib:/opt/ros/jazzy/opt/gz_tools_vendor/lib:/opt/ros/jazzy/opt/gz_ogre_next_vendor/lib:/opt/ros/jazzy/opt/gz_dartsim_vendor/lib:/opt/ros/jazzy/opt/gz_cmake_vendor/lib:/opt/ros/jazzy/lib:/usr/local/cuda-10.2/lib64:/home/user/.catkin_ws_python3/src/TensorRT-7.0.0.11/lib _=/usr/bin/env /usr/bin/cmake --build /home/user/ros2_ws/build/dynamixel_workbench_toolbox -- -j8 -l8
[5.484s] DEBUG:colcon.colcon_core.event_handler.log_command:Invoked command in '/home/user/ros2_ws/build/my_robot_hardware_interface' returned '0': _=/usr/bin/env /usr/bin/cmake /home/user/ros2_ws/src/my_robot_hardware_interface -DCMAKE_INSTALL_PREFIX=/home/user/ros2_ws/install/my_robot_hardware_interface
[5.484s] DEBUG:colcon.colcon_core.event_handler.log_command:Invoking command in '/home/user/ros2_ws/build/my_robot_hardware_interface': _=/usr/bin/env /usr/bin/cmake --build /home/user/ros2_ws/build/my_robot_hardware_interface -- -j8 -l8
[5.565s] DEBUG:colcon.colcon_core.event_handler.log_command:Invoked command in '/home/user/ros2_ws/build/dynamixel_sdk_custom_interfaces' returned '0': _=/usr/bin/env /usr/bin/cmake /home/user/ros2_ws/src/DynamixelSDK/dynamixel_sdk_custom_interfaces -DCMAKE_INSTALL_PREFIX=/home/user/ros2_ws/install/dynamixel_sdk_custom_interfaces
[5.566s] DEBUG:colcon.colcon_core.event_handler.log_command:Invoking command in '/home/user/ros2_ws/build/dynamixel_sdk_custom_interfaces': _=/usr/bin/env /usr/bin/cmake --build /home/user/ros2_ws/build/dynamixel_sdk_custom_interfaces -- -j8 -l8
[6.080s] DEBUG:colcon.colcon_core.event_handler.log_command:Invoked command in '/home/user/ros2_ws/build/rrbot_unit2' returned '0': _=/usr/bin/env /usr/bin/cmake /home/user/ros2_ws/src/ros2_control_course/unit2/rrbot_unit2 -DCMAKE_INSTALL_PREFIX=/home/user/ros2_ws/install/rrbot_unit2
[6.081s] DEBUG:colcon.colcon_core.event_handler.log_command:Invoking command in '/home/user/ros2_ws/build/rrbot_unit2': _=/usr/bin/env /usr/bin/cmake --build /home/user/ros2_ws/build/rrbot_unit2 -- -j8 -l8
[6.294s] DEBUG:colcon.colcon_core.event_handler.log_command:Invoked command in '/home/user/ros2_ws/build/dynamixel_workbench_toolbox' returned '0': AMENT_PREFIX_PATH=/home/user/ros2_ws/install/dynamixel_sdk:${AMENT_PREFIX_PATH} CMAKE_PREFIX_PATH=/home/user/ros2_ws/install/dynamixel_sdk:${CMAKE_PREFIX_PATH} LD_LIBRARY_PATH=/home/user/ros2_ws/install/dynamixel_sdk/lib:/home/simulations/ros2_sims_ws/install/rmw_cyclonedds_cpp/lib:/home/simulations/ros2_sims_ws/install/cyclonedds/lib:/home/user/catkin_ws/devel/lib:/home/simulations/public_sim_ws/devel/lib:/opt/ros/jazzy/lib:/opt/ros/jazzy/lib/x86_64-linux-gnu:/usr/local/cuda-10.2/lib64:/home/user/.catkin_ws_python3/src/TensorRT-7.0.0.11/lib:/home/user/catkin_ws/devel/lib:/home/simulations/public_sim_ws/devel/lib:/opt/ros/jazzy/lib:/opt/ros/jazzy/lib/x86_64-linux-gnu:/opt/ros/jazzy/opt/gz_sim_vendor/lib:/opt/ros/jazzy/opt/gz_sensors_vendor/lib:/opt/ros/jazzy/opt/gz_physics_vendor/lib:/opt/ros/jazzy/opt/sdformat_vendor/lib:/opt/ros/jazzy/opt/rviz_ogre_vendor/lib:/opt/ros/jazzy/lib/x86_64-linux-gnu:/opt/ros/jazzy/opt/gz_gui_vendor/lib:/opt/ros/jazzy/opt/gz_transport_vendor/lib:/opt/ros/jazzy/opt/gz_rendering_vendor/lib:/opt/ros/jazzy/opt/gz_plugin_vendor/lib:/opt/ros/jazzy/opt/gz_fuel_tools_vendor/lib:/opt/ros/jazzy/opt/gz_msgs_vendor/lib:/opt/ros/jazzy/opt/gz_common_vendor/lib:/opt/ros/jazzy/opt/gz_math_vendor/lib:/opt/ros/jazzy/opt/gz_utils_vendor/lib:/opt/ros/jazzy/opt/gz_tools_vendor/lib:/opt/ros/jazzy/opt/gz_ogre_next_vendor/lib:/opt/ros/jazzy/opt/gz_dartsim_vendor/lib:/opt/ros/jazzy/opt/gz_cmake_vendor/lib:/opt/ros/jazzy/lib:/usr/local/cuda-10.2/lib64:/home/user/.catkin_ws_python3/src/TensorRT-7.0.0.11/lib _=/usr/bin/env /usr/bin/cmake --build /home/user/ros2_ws/build/dynamixel_workbench_toolbox -- -j8 -l8
[6.294s] DEBUG:colcon.colcon_core.event_handler.log_command:Invoking command in '/home/user/ros2_ws/build/dynamixel_workbench_toolbox': AMENT_PREFIX_PATH=/home/user/ros2_ws/install/dynamixel_sdk:${AMENT_PREFIX_PATH} CMAKE_PREFIX_PATH=/home/user/ros2_ws/install/dynamixel_sdk:${CMAKE_PREFIX_PATH} LD_LIBRARY_PATH=/home/user/ros2_ws/install/dynamixel_sdk/lib:/home/simulations/ros2_sims_ws/install/rmw_cyclonedds_cpp/lib:/home/simulations/ros2_sims_ws/install/cyclonedds/lib:/home/user/catkin_ws/devel/lib:/home/simulations/public_sim_ws/devel/lib:/opt/ros/jazzy/lib:/opt/ros/jazzy/lib/x86_64-linux-gnu:/usr/local/cuda-10.2/lib64:/home/user/.catkin_ws_python3/src/TensorRT-7.0.0.11/lib:/home/user/catkin_ws/devel/lib:/home/simulations/public_sim_ws/devel/lib:/opt/ros/jazzy/lib:/opt/ros/jazzy/lib/x86_64-linux-gnu:/opt/ros/jazzy/opt/gz_sim_vendor/lib:/opt/ros/jazzy/opt/gz_sensors_vendor/lib:/opt/ros/jazzy/opt/gz_physics_vendor/lib:/opt/ros/jazzy/opt/sdformat_vendor/lib:/opt/ros/jazzy/opt/rviz_ogre_vendor/lib:/opt/ros/jazzy/lib/x86_64-linux-gnu:/opt/ros/jazzy/opt/gz_gui_vendor/lib:/opt/ros/jazzy/opt/gz_transport_vendor/lib:/opt/ros/jazzy/opt/gz_rendering_vendor/lib:/opt/ros/jazzy/opt/gz_plugin_vendor/lib:/opt/ros/jazzy/opt/gz_fuel_tools_vendor/lib:/opt/ros/jazzy/opt/gz_msgs_vendor/lib:/opt/ros/jazzy/opt/gz_common_vendor/lib:/opt/ros/jazzy/opt/gz_math_vendor/lib:/opt/ros/jazzy/opt/gz_utils_vendor/lib:/opt/ros/jazzy/opt/gz_tools_vendor/lib:/opt/ros/jazzy/opt/gz_ogre_next_vendor/lib:/opt/ros/jazzy/opt/gz_dartsim_vendor/lib:/opt/ros/jazzy/opt/gz_cmake_vendor/lib:/opt/ros/jazzy/lib:/usr/local/cuda-10.2/lib64:/home/user/.catkin_ws_python3/src/TensorRT-7.0.0.11/lib _=/usr/bin/env /usr/bin/cmake --install /home/user/ros2_ws/build/dynamixel_workbench_toolbox
[6.351s] DEBUG:colcon.colcon_core.event_handler.log_command:Invoked command in '/home/user/ros2_ws/build/rrbot_controller' returned '0': _=/usr/bin/env /usr/bin/cmake /home/user/ros2_ws/src/rrbot_controller -DCMAKE_INSTALL_PREFIX=/home/user/ros2_ws/install/rrbot_controller
[6.351s] DEBUG:colcon.colcon_core.event_handler.log_command:Invoking command in '/home/user/ros2_ws/build/rrbot_controller': _=/usr/bin/env /usr/bin/cmake --build /home/user/ros2_ws/build/rrbot_controller -- -j8 -l8
[6.354s] DEBUG:colcon.colcon_core.event_handler.log_command:Invoked command in '/home/user/ros2_ws/build/rrbot_unit2' returned '0': _=/usr/bin/env /usr/bin/cmake --build /home/user/ros2_ws/build/rrbot_unit2 -- -j8 -l8
[6.367s] DEBUG:colcon.colcon_core.event_handler.log_command:Invoking command in '/home/user/ros2_ws/build/rrbot_unit2': _=/usr/bin/env /usr/bin/cmake --install /home/user/ros2_ws/build/rrbot_unit2
[6.381s] Level 1:colcon.colcon_core.environment:create_environment_scripts_only(dynamixel_workbench_toolbox)
[6.381s] DEBUG:colcon.colcon_core.event_handler.log_command:Invoked command in '/home/user/ros2_ws/build/dynamixel_workbench_toolbox' returned '0': AMENT_PREFIX_PATH=/home/user/ros2_ws/install/dynamixel_sdk:${AMENT_PREFIX_PATH} CMAKE_PREFIX_PATH=/home/user/ros2_ws/install/dynamixel_sdk:${CMAKE_PREFIX_PATH} LD_LIBRARY_PATH=/home/user/ros2_ws/install/dynamixel_sdk/lib:/home/simulations/ros2_sims_ws/install/rmw_cyclonedds_cpp/lib:/home/simulations/ros2_sims_ws/install/cyclonedds/lib:/home/user/catkin_ws/devel/lib:/home/simulations/public_sim_ws/devel/lib:/opt/ros/jazzy/lib:/opt/ros/jazzy/lib/x86_64-linux-gnu:/usr/local/cuda-10.2/lib64:/home/user/.catkin_ws_python3/src/TensorRT-7.0.0.11/lib:/home/user/catkin_ws/devel/lib:/home/simulations/public_sim_ws/devel/lib:/opt/ros/jazzy/lib:/opt/ros/jazzy/lib/x86_64-linux-gnu:/opt/ros/jazzy/opt/gz_sim_vendor/lib:/opt/ros/jazzy/opt/gz_sensors_vendor/lib:/opt/ros/jazzy/opt/gz_physics_vendor/lib:/opt/ros/jazzy/opt/sdformat_vendor/lib:/opt/ros/jazzy/opt/rviz_ogre_vendor/lib:/opt/ros/jazzy/lib/x86_64-linux-gnu:/opt/ros/jazzy/opt/gz_gui_vendor/lib:/opt/ros/jazzy/opt/gz_transport_vendor/lib:/opt/ros/jazzy/opt/gz_rendering_vendor/lib:/opt/ros/jazzy/opt/gz_plugin_vendor/lib:/opt/ros/jazzy/opt/gz_fuel_tools_vendor/lib:/opt/ros/jazzy/opt/gz_msgs_vendor/lib:/opt/ros/jazzy/opt/gz_common_vendor/lib:/opt/ros/jazzy/opt/gz_math_vendor/lib:/opt/ros/jazzy/opt/gz_utils_vendor/lib:/opt/ros/jazzy/opt/gz_tools_vendor/lib:/opt/ros/jazzy/opt/gz_ogre_next_vendor/lib:/opt/ros/jazzy/opt/gz_dartsim_vendor/lib:/opt/ros/jazzy/opt/gz_cmake_vendor/lib:/opt/ros/jazzy/lib:/usr/local/cuda-10.2/lib64:/home/user/.catkin_ws_python3/src/TensorRT-7.0.0.11/lib _=/usr/bin/env /usr/bin/cmake --install /home/user/ros2_ws/build/dynamixel_workbench_toolbox
[6.382s] Level 1:colcon.colcon_core.environment:checking '/home/user/ros2_ws/install/dynamixel_workbench_toolbox' for CMake module files
[6.383s] Level 1:colcon.colcon_core.environment:checking '/home/user/ros2_ws/install/dynamixel_workbench_toolbox' for CMake config files
[6.383s] Level 1:colcon.colcon_core.shell:create_environment_hook('dynamixel_workbench_toolbox', 'cmake_prefix_path')
[6.383s] INFO:colcon.colcon_core.shell:Creating environment hook '/home/user/ros2_ws/install/dynamixel_workbench_toolbox/share/dynamixel_workbench_toolbox/hook/cmake_prefix_path.ps1'
[6.384s] INFO:colcon.colcon_core.shell:Creating environment descriptor '/home/user/ros2_ws/install/dynamixel_workbench_toolbox/share/dynamixel_workbench_toolbox/hook/cmake_prefix_path.dsv'
[6.384s] INFO:colcon.colcon_core.shell:Creating environment hook '/home/user/ros2_ws/install/dynamixel_workbench_toolbox/share/dynamixel_workbench_toolbox/hook/cmake_prefix_path.sh'
[6.385s] Level 1:colcon.colcon_core.environment:checking '/home/user/ros2_ws/install/dynamixel_workbench_toolbox/lib'
[6.385s] Level 1:colcon.colcon_core.shell:create_environment_hook('dynamixel_workbench_toolbox', 'ld_library_path_lib')
[6.386s] INFO:colcon.colcon_core.shell:Creating environment hook '/home/user/ros2_ws/install/dynamixel_workbench_toolbox/share/dynamixel_workbench_toolbox/hook/ld_library_path_lib.ps1'
[6.386s] INFO:colcon.colcon_core.shell:Creating environment descriptor '/home/user/ros2_ws/install/dynamixel_workbench_toolbox/share/dynamixel_workbench_toolbox/hook/ld_library_path_lib.dsv'
[6.386s] INFO:colcon.colcon_core.shell:Creating environment hook '/home/user/ros2_ws/install/dynamixel_workbench_toolbox/share/dynamixel_workbench_toolbox/hook/ld_library_path_lib.sh'
[6.387s] Level 1:colcon.colcon_core.environment:checking '/home/user/ros2_ws/install/dynamixel_workbench_toolbox/bin'
[6.387s] Level 1:colcon.colcon_core.environment:checking '/home/user/ros2_ws/install/dynamixel_workbench_toolbox/lib/pkgconfig/dynamixel_workbench_toolbox.pc'
[6.387s] Level 1:colcon.colcon_core.environment:checking '/home/user/ros2_ws/install/dynamixel_workbench_toolbox/lib/python3.12/site-packages'
[6.388s] Level 1:colcon.colcon_core.environment:checking '/home/user/ros2_ws/install/dynamixel_workbench_toolbox/bin'
[6.388s] INFO:colcon.colcon_core.shell:Creating package script '/home/user/ros2_ws/install/dynamixel_workbench_toolbox/share/dynamixel_workbench_toolbox/package.ps1'
[6.389s] INFO:colcon.colcon_core.shell:Creating package descriptor '/home/user/ros2_ws/install/dynamixel_workbench_toolbox/share/dynamixel_workbench_toolbox/package.dsv'
[6.390s] INFO:colcon.colcon_core.shell:Creating package script '/home/user/ros2_ws/install/dynamixel_workbench_toolbox/share/dynamixel_workbench_toolbox/package.sh'
[6.390s] INFO:colcon.colcon_core.shell:Creating package script '/home/user/ros2_ws/install/dynamixel_workbench_toolbox/share/dynamixel_workbench_toolbox/package.bash'
[6.390s] INFO:colcon.colcon_core.shell:Creating package script '/home/user/ros2_ws/install/dynamixel_workbench_toolbox/share/dynamixel_workbench_toolbox/package.zsh'
[6.391s] Level 1:colcon.colcon_core.environment:create_file_with_runtime_dependencies(/home/user/ros2_ws/install/dynamixel_workbench_toolbox/share/colcon-core/packages/dynamixel_workbench_toolbox)
[6.392s] Level 1:colcon.colcon_core.environment:create_environment_scripts_only(dynamixel_workbench_toolbox)
[6.392s] Level 1:colcon.colcon_core.environment:checking '/home/user/ros2_ws/install/dynamixel_workbench_toolbox' for CMake module files
[6.393s] Level 1:colcon.colcon_core.environment:checking '/home/user/ros2_ws/install/dynamixel_workbench_toolbox' for CMake config files
[6.393s] Level 1:colcon.colcon_core.shell:create_environment_hook('dynamixel_workbench_toolbox', 'cmake_prefix_path')
[6.393s] INFO:colcon.colcon_core.shell:Creating environment hook '/home/user/ros2_ws/install/dynamixel_workbench_toolbox/share/dynamixel_workbench_toolbox/hook/cmake_prefix_path.ps1'
[6.394s] INFO:colcon.colcon_core.shell:Creating environment descriptor '/home/user/ros2_ws/install/dynamixel_workbench_toolbox/share/dynamixel_workbench_toolbox/hook/cmake_prefix_path.dsv'
[6.394s] INFO:colcon.colcon_core.shell:Creating environment hook '/home/user/ros2_ws/install/dynamixel_workbench_toolbox/share/dynamixel_workbench_toolbox/hook/cmake_prefix_path.sh'
[6.395s] Level 1:colcon.colcon_core.environment:checking '/home/user/ros2_ws/install/dynamixel_workbench_toolbox/lib'
[6.395s] Level 1:colcon.colcon_core.shell:create_environment_hook('dynamixel_workbench_toolbox', 'ld_library_path_lib')
[6.396s] INFO:colcon.colcon_core.shell:Creating environment hook '/home/user/ros2_ws/install/dynamixel_workbench_toolbox/share/dynamixel_workbench_toolbox/hook/ld_library_path_lib.ps1'
[6.396s] INFO:colcon.colcon_core.shell:Creating environment descriptor '/home/user/ros2_ws/install/dynamixel_workbench_toolbox/share/dynamixel_workbench_toolbox/hook/ld_library_path_lib.dsv'
[6.397s] INFO:colcon.colcon_core.shell:Creating environment hook '/home/user/ros2_ws/install/dynamixel_workbench_toolbox/share/dynamixel_workbench_toolbox/hook/ld_library_path_lib.sh'
[6.397s] Level 1:colcon.colcon_core.environment:checking '/home/user/ros2_ws/install/dynamixel_workbench_toolbox/bin'
[6.397s] Level 1:colcon.colcon_core.environment:checking '/home/user/ros2_ws/install/dynamixel_workbench_toolbox/lib/pkgconfig/dynamixel_workbench_toolbox.pc'
[6.397s] Level 1:colcon.colcon_core.environment:checking '/home/user/ros2_ws/install/dynamixel_workbench_toolbox/lib/python3.12/site-packages'
[6.398s] Level 1:colcon.colcon_core.environment:checking '/home/user/ros2_ws/install/dynamixel_workbench_toolbox/bin'
[6.398s] INFO:colcon.colcon_core.shell:Creating package script '/home/user/ros2_ws/install/dynamixel_workbench_toolbox/share/dynamixel_workbench_toolbox/package.ps1'
[6.399s] INFO:colcon.colcon_core.shell:Creating package descriptor '/home/user/ros2_ws/install/dynamixel_workbench_toolbox/share/dynamixel_workbench_toolbox/package.dsv'
[6.400s] INFO:colcon.colcon_core.shell:Creating package script '/home/user/ros2_ws/install/dynamixel_workbench_toolbox/share/dynamixel_workbench_toolbox/package.sh'
[6.400s] INFO:colcon.colcon_core.shell:Creating package script '/home/user/ros2_ws/install/dynamixel_workbench_toolbox/share/dynamixel_workbench_toolbox/package.bash'
[6.401s] INFO:colcon.colcon_core.shell:Creating package script '/home/user/ros2_ws/install/dynamixel_workbench_toolbox/share/dynamixel_workbench_toolbox/package.zsh'
[6.401s] Level 1:colcon.colcon_core.environment:create_file_with_runtime_dependencies(/home/user/ros2_ws/install/dynamixel_workbench_toolbox/share/colcon-core/packages/dynamixel_workbench_toolbox)
[6.402s] INFO:colcon.colcon_ros.task.ament_cmake.build:Building ROS package in '/home/user/ros2_ws/src/ros2_control_course/unit6/solo_description' with build type 'ament_cmake'
[6.403s] INFO:colcon.colcon_cmake.task.cmake.build:Building CMake package in '/home/user/ros2_ws/src/ros2_control_course/unit6/solo_description'
[6.403s] INFO:colcon.colcon_core.shell:Skip shell extension 'powershell' for command environment: Not usable outside of PowerShell
[6.403s] DEBUG:colcon.colcon_core.shell:Skip shell extension 'dsv' for command environment
[6.415s] DEBUG:colcon.colcon_core.event_handler.log_command:Invoking command in '/home/user/ros2_ws/build/solo_description': _=/usr/bin/env /usr/bin/cmake /home/user/ros2_ws/src/ros2_control_course/unit6/solo_description -DCMAKE_INSTALL_PREFIX=/home/user/ros2_ws/install/solo_description
[7.350s] DEBUG:colcon.colcon_core.event_handler.log_command:Invoked command in '/home/user/ros2_ws/build/rrbot_unit4' returned '0': _=/usr/bin/env /usr/bin/cmake /home/user/ros2_ws/src/ros2_control_course/unit4/rrbot_unit4 -DCMAKE_INSTALL_PREFIX=/home/user/ros2_ws/install/rrbot_unit4
[7.350s] DEBUG:colcon.colcon_core.event_handler.log_command:Invoking command in '/home/user/ros2_ws/build/rrbot_unit4': _=/usr/bin/env /usr/bin/cmake --build /home/user/ros2_ws/build/rrbot_unit4 -- -j8 -l8
[7.360s] Level 1:colcon.colcon_core.environment:create_environment_scripts_only(rrbot_unit2)
[7.361s] Level 1:colcon.colcon_core.environment:checking '/home/user/ros2_ws/install/rrbot_unit2' for CMake module files
[7.362s] Level 1:colcon.colcon_core.environment:checking '/home/user/ros2_ws/install/rrbot_unit2' for CMake config files
[7.362s] Level 1:colcon.colcon_core.shell:create_environment_hook('rrbot_unit2', 'cmake_prefix_path')
[7.363s] INFO:colcon.colcon_core.shell:Creating environment hook '/home/user/ros2_ws/install/rrbot_unit2/share/rrbot_unit2/hook/cmake_prefix_path.ps1'
[7.361s] DEBUG:colcon.colcon_core.event_handler.log_command:Invoked command in '/home/user/ros2_ws/build/rrbot_unit2' returned '0': _=/usr/bin/env /usr/bin/cmake --install /home/user/ros2_ws/build/rrbot_unit2
[7.363s] INFO:colcon.colcon_core.shell:Creating environment descriptor '/home/user/ros2_ws/install/rrbot_unit2/share/rrbot_unit2/hook/cmake_prefix_path.dsv'
[7.364s] INFO:colcon.colcon_core.shell:Creating environment hook '/home/user/ros2_ws/install/rrbot_unit2/share/rrbot_unit2/hook/cmake_prefix_path.sh'
[7.365s] Level 1:colcon.colcon_core.environment:checking '/home/user/ros2_ws/install/rrbot_unit2/bin'
[7.365s] Level 1:colcon.colcon_core.environment:checking '/home/user/ros2_ws/install/rrbot_unit2/lib/pkgconfig/rrbot_unit2.pc'
[7.365s] Level 1:colcon.colcon_core.environment:checking '/home/user/ros2_ws/install/rrbot_unit2/lib/python3.12/site-packages'
[7.365s] Level 1:colcon.colcon_core.environment:checking '/home/user/ros2_ws/install/rrbot_unit2/bin'
[7.366s] INFO:colcon.colcon_core.shell:Creating package script '/home/user/ros2_ws/install/rrbot_unit2/share/rrbot_unit2/package.ps1'
[7.366s] INFO:colcon.colcon_core.shell:Creating package descriptor '/home/user/ros2_ws/install/rrbot_unit2/share/rrbot_unit2/package.dsv'
[7.367s] INFO:colcon.colcon_core.shell:Creating package script '/home/user/ros2_ws/install/rrbot_unit2/share/rrbot_unit2/package.sh'
[7.368s] INFO:colcon.colcon_core.shell:Creating package script '/home/user/ros2_ws/install/rrbot_unit2/share/rrbot_unit2/package.bash'
[7.369s] INFO:colcon.colcon_core.shell:Creating package script '/home/user/ros2_ws/install/rrbot_unit2/share/rrbot_unit2/package.zsh'
[7.369s] Level 1:colcon.colcon_core.environment:create_file_with_runtime_dependencies(/home/user/ros2_ws/install/rrbot_unit2/share/colcon-core/packages/rrbot_unit2)
[7.370s] Level 1:colcon.colcon_core.environment:create_environment_scripts_only(rrbot_unit2)
[7.370s] Level 1:colcon.colcon_core.environment:checking '/home/user/ros2_ws/install/rrbot_unit2' for CMake module files
[7.371s] Level 1:colcon.colcon_core.environment:checking '/home/user/ros2_ws/install/rrbot_unit2' for CMake config files
[7.372s] Level 1:colcon.colcon_core.shell:create_environment_hook('rrbot_unit2', 'cmake_prefix_path')
[7.372s] INFO:colcon.colcon_core.shell:Creating environment hook '/home/user/ros2_ws/install/rrbot_unit2/share/rrbot_unit2/hook/cmake_prefix_path.ps1'
[7.373s] INFO:colcon.colcon_core.shell:Creating environment descriptor '/home/user/ros2_ws/install/rrbot_unit2/share/rrbot_unit2/hook/cmake_prefix_path.dsv'
[7.373s] INFO:colcon.colcon_core.shell:Creating environment hook '/home/user/ros2_ws/install/rrbot_unit2/share/rrbot_unit2/hook/cmake_prefix_path.sh'
[7.375s] Level 1:colcon.colcon_core.environment:checking '/home/user/ros2_ws/install/rrbot_unit2/bin'
[7.380s] Level 1:colcon.colcon_core.environment:checking '/home/user/ros2_ws/install/rrbot_unit2/lib/pkgconfig/rrbot_unit2.pc'
[7.381s] Level 1:colcon.colcon_core.environment:checking '/home/user/ros2_ws/install/rrbot_unit2/lib/python3.12/site-packages'
[7.381s] Level 1:colcon.colcon_core.environment:checking '/home/user/ros2_ws/install/rrbot_unit2/bin'
[7.382s] INFO:colcon.colcon_core.shell:Creating package script '/home/user/ros2_ws/install/rrbot_unit2/share/rrbot_unit2/package.ps1'
[7.382s] INFO:colcon.colcon_core.shell:Creating package descriptor '/home/user/ros2_ws/install/rrbot_unit2/share/rrbot_unit2/package.dsv'
[7.383s] INFO:colcon.colcon_core.shell:Creating package script '/home/user/ros2_ws/install/rrbot_unit2/share/rrbot_unit2/package.sh'
[7.384s] INFO:colcon.colcon_core.shell:Creating package script '/home/user/ros2_ws/install/rrbot_unit2/share/rrbot_unit2/package.bash'
[7.384s] INFO:colcon.colcon_core.shell:Creating package script '/home/user/ros2_ws/install/rrbot_unit2/share/rrbot_unit2/package.zsh'
[7.385s] Level 1:colcon.colcon_core.environment:create_file_with_runtime_dependencies(/home/user/ros2_ws/install/rrbot_unit2/share/colcon-core/packages/rrbot_unit2)
[7.385s] INFO:colcon.colcon_ros.task.ament_cmake.build:Building ROS package in '/home/user/ros2_ws/src/ros2_control_course/unit5/spawn_robot' with build type 'ament_cmake'
[7.388s] INFO:colcon.colcon_cmake.task.cmake.build:Building CMake package in '/home/user/ros2_ws/src/ros2_control_course/unit5/spawn_robot'
[7.389s] INFO:colcon.colcon_core.shell:Skip shell extension 'powershell' for command environment: Not usable outside of PowerShell
[7.389s] DEBUG:colcon.colcon_core.shell:Skip shell extension 'dsv' for command environment
[7.435s] DEBUG:colcon.colcon_core.event_handler.log_command:Invoking command in '/home/user/ros2_ws/build/spawn_robot': _=/usr/bin/env /usr/bin/cmake /home/user/ros2_ws/src/ros2_control_course/unit5/spawn_robot -DCMAKE_INSTALL_PREFIX=/home/user/ros2_ws/install/spawn_robot
[7.473s] DEBUG:colcon.colcon_core.event_handler.log_command:Invoked command in '/home/user/ros2_ws/build/rrbot_unit3' returned '0': _=/usr/bin/env /usr/bin/cmake /home/user/ros2_ws/src/ros2_control_course/unit3/rrbot_unit3 -DCMAKE_INSTALL_PREFIX=/home/user/ros2_ws/install/rrbot_unit3
[7.474s] DEBUG:colcon.colcon_core.event_handler.log_command:Invoking command in '/home/user/ros2_ws/build/rrbot_unit3': _=/usr/bin/env /usr/bin/cmake --build /home/user/ros2_ws/build/rrbot_unit3 -- -j8 -l8
[7.484s] DEBUG:colcon.colcon_core.event_handler.log_command:Invoked command in '/home/user/ros2_ws/build/rrbot_unit5' returned '0': _=/usr/bin/env /usr/bin/cmake /home/user/ros2_ws/src/ros2_control_course/unit5/rrbot_unit5 -DCMAKE_INSTALL_PREFIX=/home/user/ros2_ws/install/rrbot_unit5
[7.484s] DEBUG:colcon.colcon_core.event_handler.log_command:Invoking command in '/home/user/ros2_ws/build/rrbot_unit5': _=/usr/bin/env /usr/bin/cmake --build /home/user/ros2_ws/build/rrbot_unit5 -- -j8 -l8
[7.553s] DEBUG:colcon.colcon_core.event_handler.log_command:Invoked command in '/home/user/ros2_ws/build/rrbot_unit4' returned '0': _=/usr/bin/env /usr/bin/cmake --build /home/user/ros2_ws/build/rrbot_unit4 -- -j8 -l8
[7.553s] DEBUG:colcon.colcon_core.event_handler.log_command:Invoking command in '/home/user/ros2_ws/build/rrbot_unit4': _=/usr/bin/env /usr/bin/cmake --install /home/user/ros2_ws/build/rrbot_unit4
[7.646s] DEBUG:colcon.colcon_core.event_handler.log_command:Invoked command in '/home/user/ros2_ws/build/rrbot_unit3' returned '0': _=/usr/bin/env /usr/bin/cmake --build /home/user/ros2_ws/build/rrbot_unit3 -- -j8 -l8
[7.646s] DEBUG:colcon.colcon_core.event_handler.log_command:Invoking command in '/home/user/ros2_ws/build/rrbot_unit3': _=/usr/bin/env /usr/bin/cmake --install /home/user/ros2_ws/build/rrbot_unit3
[7.769s] DEBUG:colcon.colcon_core.event_handler.log_command:Invoked command in '/home/user/ros2_ws/build/rrbot_unit5' returned '0': _=/usr/bin/env /usr/bin/cmake --build /home/user/ros2_ws/build/rrbot_unit5 -- -j8 -l8
[7.773s] DEBUG:colcon.colcon_core.event_handler.log_command:Invoking command in '/home/user/ros2_ws/build/rrbot_unit5': _=/usr/bin/env /usr/bin/cmake --install /home/user/ros2_ws/build/rrbot_unit5
[7.788s] Level 1:colcon.colcon_core.environment:create_environment_scripts_only(rrbot_unit4)
[7.789s] Level 1:colcon.colcon_core.environment:checking '/home/user/ros2_ws/install/rrbot_unit4' for CMake module files
[7.790s] Level 1:colcon.colcon_core.environment:checking '/home/user/ros2_ws/install/rrbot_unit4' for CMake config files
[7.790s] Level 1:colcon.colcon_core.shell:create_environment_hook('rrbot_unit4', 'cmake_prefix_path')
[7.790s] INFO:colcon.colcon_core.shell:Creating environment hook '/home/user/ros2_ws/install/rrbot_unit4/share/rrbot_unit4/hook/cmake_prefix_path.ps1'
[7.791s] INFO:colcon.colcon_core.shell:Creating environment descriptor '/home/user/ros2_ws/install/rrbot_unit4/share/rrbot_unit4/hook/cmake_prefix_path.dsv'
[7.791s] INFO:colcon.colcon_core.shell:Creating environment hook '/home/user/ros2_ws/install/rrbot_unit4/share/rrbot_unit4/hook/cmake_prefix_path.sh'
[7.792s] Level 1:colcon.colcon_core.environment:checking '/home/user/ros2_ws/install/rrbot_unit4/bin'
[7.792s] Level 1:colcon.colcon_core.environment:checking '/home/user/ros2_ws/install/rrbot_unit4/lib/pkgconfig/rrbot_unit4.pc'
[7.793s] Level 1:colcon.colcon_core.environment:checking '/home/user/ros2_ws/install/rrbot_unit4/lib/python3.12/site-packages'
[7.793s] Level 1:colcon.colcon_core.environment:checking '/home/user/ros2_ws/install/rrbot_unit4/bin'
[7.794s] INFO:colcon.colcon_core.shell:Creating package script '/home/user/ros2_ws/install/rrbot_unit4/share/rrbot_unit4/package.ps1'
[7.794s] INFO:colcon.colcon_core.shell:Creating package descriptor '/home/user/ros2_ws/install/rrbot_unit4/share/rrbot_unit4/package.dsv'
[7.795s] INFO:colcon.colcon_core.shell:Creating package script '/home/user/ros2_ws/install/rrbot_unit4/share/rrbot_unit4/package.sh'
[7.796s] DEBUG:colcon.colcon_core.event_handler.log_command:Invoked command in '/home/user/ros2_ws/build/rrbot_unit4' returned '0': _=/usr/bin/env /usr/bin/cmake --install /home/user/ros2_ws/build/rrbot_unit4
[7.797s] INFO:colcon.colcon_core.shell:Creating package script '/home/user/ros2_ws/install/rrbot_unit4/share/rrbot_unit4/package.bash'
[7.797s] INFO:colcon.colcon_core.shell:Creating package script '/home/user/ros2_ws/install/rrbot_unit4/share/rrbot_unit4/package.zsh'
[7.797s] Level 1:colcon.colcon_core.environment:create_file_with_runtime_dependencies(/home/user/ros2_ws/install/rrbot_unit4/share/colcon-core/packages/rrbot_unit4)
[7.798s] Level 1:colcon.colcon_core.environment:create_environment_scripts_only(rrbot_unit4)
[7.798s] Level 1:colcon.colcon_core.environment:checking '/home/user/ros2_ws/install/rrbot_unit4' for CMake module files
[7.799s] Level 1:colcon.colcon_core.environment:checking '/home/user/ros2_ws/install/rrbot_unit4' for CMake config files
[7.799s] Level 1:colcon.colcon_core.shell:create_environment_hook('rrbot_unit4', 'cmake_prefix_path')
[7.800s] INFO:colcon.colcon_core.shell:Creating environment hook '/home/user/ros2_ws/install/rrbot_unit4/share/rrbot_unit4/hook/cmake_prefix_path.ps1'
[7.800s] INFO:colcon.colcon_core.shell:Creating environment descriptor '/home/user/ros2_ws/install/rrbot_unit4/share/rrbot_unit4/hook/cmake_prefix_path.dsv'
[7.801s] INFO:colcon.colcon_core.shell:Creating environment hook '/home/user/ros2_ws/install/rrbot_unit4/share/rrbot_unit4/hook/cmake_prefix_path.sh'
[7.802s] Level 1:colcon.colcon_core.environment:checking '/home/user/ros2_ws/install/rrbot_unit4/bin'
[7.802s] Level 1:colcon.colcon_core.environment:checking '/home/user/ros2_ws/install/rrbot_unit4/lib/pkgconfig/rrbot_unit4.pc'
[7.802s] Level 1:colcon.colcon_core.environment:checking '/home/user/ros2_ws/install/rrbot_unit4/lib/python3.12/site-packages'
[7.802s] Level 1:colcon.colcon_core.environment:checking '/home/user/ros2_ws/install/rrbot_unit4/bin'
[7.803s] INFO:colcon.colcon_core.shell:Creating package script '/home/user/ros2_ws/install/rrbot_unit4/share/rrbot_unit4/package.ps1'
[7.804s] INFO:colcon.colcon_core.shell:Creating package descriptor '/home/user/ros2_ws/install/rrbot_unit4/share/rrbot_unit4/package.dsv'
[7.804s] INFO:colcon.colcon_core.shell:Creating package script '/home/user/ros2_ws/install/rrbot_unit4/share/rrbot_unit4/package.sh'
[7.805s] INFO:colcon.colcon_core.shell:Creating package script '/home/user/ros2_ws/install/rrbot_unit4/share/rrbot_unit4/package.bash'
[7.806s] INFO:colcon.colcon_core.shell:Creating package script '/home/user/ros2_ws/install/rrbot_unit4/share/rrbot_unit4/package.zsh'
[7.806s] Level 1:colcon.colcon_core.environment:create_file_with_runtime_dependencies(/home/user/ros2_ws/install/rrbot_unit4/share/colcon-core/packages/rrbot_unit4)
[7.806s] Level 1:colcon.colcon_core.environment:create_environment_scripts_only(rrbot_unit3)
[7.807s] DEBUG:colcon.colcon_core.event_handler.log_command:Invoked command in '/home/user/ros2_ws/build/rrbot_unit3' returned '0': _=/usr/bin/env /usr/bin/cmake --install /home/user/ros2_ws/build/rrbot_unit3
[7.808s] Level 1:colcon.colcon_core.environment:checking '/home/user/ros2_ws/install/rrbot_unit3' for CMake module files
[7.809s] Level 1:colcon.colcon_core.environment:checking '/home/user/ros2_ws/install/rrbot_unit3' for CMake config files
[7.809s] Level 1:colcon.colcon_core.shell:create_environment_hook('rrbot_unit3', 'cmake_prefix_path')
[7.809s] INFO:colcon.colcon_core.shell:Creating environment hook '/home/user/ros2_ws/install/rrbot_unit3/share/rrbot_unit3/hook/cmake_prefix_path.ps1'
[7.810s] INFO:colcon.colcon_core.shell:Creating environment descriptor '/home/user/ros2_ws/install/rrbot_unit3/share/rrbot_unit3/hook/cmake_prefix_path.dsv'
[7.811s] INFO:colcon.colcon_core.shell:Creating environment hook '/home/user/ros2_ws/install/rrbot_unit3/share/rrbot_unit3/hook/cmake_prefix_path.sh'
[7.811s] Level 1:colcon.colcon_core.environment:checking '/home/user/ros2_ws/install/rrbot_unit3/bin'
[7.812s] Level 1:colcon.colcon_core.environment:checking '/home/user/ros2_ws/install/rrbot_unit3/lib/pkgconfig/rrbot_unit3.pc'
[7.812s] Level 1:colcon.colcon_core.environment:checking '/home/user/ros2_ws/install/rrbot_unit3/lib/python3.12/site-packages'
[7.812s] Level 1:colcon.colcon_core.environment:checking '/home/user/ros2_ws/install/rrbot_unit3/bin'
[7.813s] INFO:colcon.colcon_core.shell:Creating package script '/home/user/ros2_ws/install/rrbot_unit3/share/rrbot_unit3/package.ps1'
[7.813s] INFO:colcon.colcon_core.shell:Creating package descriptor '/home/user/ros2_ws/install/rrbot_unit3/share/rrbot_unit3/package.dsv'
[7.814s] INFO:colcon.colcon_core.shell:Creating package script '/home/user/ros2_ws/install/rrbot_unit3/share/rrbot_unit3/package.sh'
[7.815s] INFO:colcon.colcon_core.shell:Creating package script '/home/user/ros2_ws/install/rrbot_unit3/share/rrbot_unit3/package.bash'
[7.815s] INFO:colcon.colcon_core.shell:Creating package script '/home/user/ros2_ws/install/rrbot_unit3/share/rrbot_unit3/package.zsh'
[7.816s] Level 1:colcon.colcon_core.environment:create_file_with_runtime_dependencies(/home/user/ros2_ws/install/rrbot_unit3/share/colcon-core/packages/rrbot_unit3)
[7.816s] Level 1:colcon.colcon_core.environment:create_environment_scripts_only(rrbot_unit3)
[7.817s] Level 1:colcon.colcon_core.environment:checking '/home/user/ros2_ws/install/rrbot_unit3' for CMake module files
[7.817s] Level 1:colcon.colcon_core.environment:checking '/home/user/ros2_ws/install/rrbot_unit3' for CMake config files
[7.818s] Level 1:colcon.colcon_core.shell:create_environment_hook('rrbot_unit3', 'cmake_prefix_path')
[7.818s] INFO:colcon.colcon_core.shell:Creating environment hook '/home/user/ros2_ws/install/rrbot_unit3/share/rrbot_unit3/hook/cmake_prefix_path.ps1'
[7.819s] INFO:colcon.colcon_core.shell:Creating environment descriptor '/home/user/ros2_ws/install/rrbot_unit3/share/rrbot_unit3/hook/cmake_prefix_path.dsv'
[7.819s] INFO:colcon.colcon_core.shell:Creating environment hook '/home/user/ros2_ws/install/rrbot_unit3/share/rrbot_unit3/hook/cmake_prefix_path.sh'
[7.820s] Level 1:colcon.colcon_core.environment:checking '/home/user/ros2_ws/install/rrbot_unit3/bin'
[7.820s] Level 1:colcon.colcon_core.environment:checking '/home/user/ros2_ws/install/rrbot_unit3/lib/pkgconfig/rrbot_unit3.pc'
[7.821s] Level 1:colcon.colcon_core.environment:checking '/home/user/ros2_ws/install/rrbot_unit3/lib/python3.12/site-packages'
[7.825s] Level 1:colcon.colcon_core.environment:checking '/home/user/ros2_ws/install/rrbot_unit3/bin'
[7.839s] INFO:colcon.colcon_core.shell:Creating package script '/home/user/ros2_ws/install/rrbot_unit3/share/rrbot_unit3/package.ps1'
[7.839s] INFO:colcon.colcon_core.shell:Creating package descriptor '/home/user/ros2_ws/install/rrbot_unit3/share/rrbot_unit3/package.dsv'
[7.841s] INFO:colcon.colcon_core.shell:Creating package script '/home/user/ros2_ws/install/rrbot_unit3/share/rrbot_unit3/package.sh'
[7.842s] INFO:colcon.colcon_core.shell:Creating package script '/home/user/ros2_ws/install/rrbot_unit3/share/rrbot_unit3/package.bash'
[7.842s] INFO:colcon.colcon_core.shell:Creating package script '/home/user/ros2_ws/install/rrbot_unit3/share/rrbot_unit3/package.zsh'
[7.843s] Level 1:colcon.colcon_core.environment:create_file_with_runtime_dependencies(/home/user/ros2_ws/install/rrbot_unit3/share/colcon-core/packages/rrbot_unit3)
[7.844s] INFO:colcon.colcon_ros.task.ament_cmake.build:Building ROS package in '/home/user/ros2_ws/src/ros2_control_course/unit6/spawn_solo' with build type 'ament_cmake'
[7.845s] INFO:colcon.colcon_cmake.task.cmake.build:Building CMake package in '/home/user/ros2_ws/src/ros2_control_course/unit6/spawn_solo'
[7.845s] INFO:colcon.colcon_core.shell:Skip shell extension 'powershell' for command environment: Not usable outside of PowerShell
[7.845s] DEBUG:colcon.colcon_core.shell:Skip shell extension 'dsv' for command environment
[7.868s] INFO:colcon.colcon_ros.task.ament_cmake.build:Building ROS package in '/home/user/ros2_ws/src/dynamixel_hardware_interface' with build type 'ament_cmake'
[7.868s] INFO:colcon.colcon_cmake.task.cmake.build:Building CMake package in '/home/user/ros2_ws/src/dynamixel_hardware_interface'
[7.869s] INFO:colcon.colcon_core.shell:Skip shell extension 'powershell' for command environment: Not usable outside of PowerShell
[7.869s] DEBUG:colcon.colcon_core.shell:Skip shell extension 'dsv' for command environment
[7.898s] DEBUG:colcon.colcon_core.event_handler.log_command:Invoking command in '/home/user/ros2_ws/build/spawn_solo': _=/usr/bin/env /usr/bin/cmake /home/user/ros2_ws/src/ros2_control_course/unit6/spawn_solo -DCMAKE_INSTALL_PREFIX=/home/user/ros2_ws/install/spawn_solo
[7.907s] Level 1:colcon.colcon_core.environment:create_environment_scripts_only(rrbot_unit5)
[7.907s] Level 1:colcon.colcon_core.environment:checking '/home/user/ros2_ws/install/rrbot_unit5' for CMake module files
[7.909s] Level 1:colcon.colcon_core.environment:checking '/home/user/ros2_ws/install/rrbot_unit5' for CMake config files
[7.909s] Level 1:colcon.colcon_core.shell:create_environment_hook('rrbot_unit5', 'cmake_prefix_path')
[7.910s] INFO:colcon.colcon_core.shell:Creating environment hook '/home/user/ros2_ws/install/rrbot_unit5/share/rrbot_unit5/hook/cmake_prefix_path.ps1'
[7.907s] DEBUG:colcon.colcon_core.event_handler.log_command:Invoked command in '/home/user/ros2_ws/build/rrbot_unit5' returned '0': _=/usr/bin/env /usr/bin/cmake --install /home/user/ros2_ws/build/rrbot_unit5
[7.911s] INFO:colcon.colcon_core.shell:Creating environment descriptor '/home/user/ros2_ws/install/rrbot_unit5/share/rrbot_unit5/hook/cmake_prefix_path.dsv'
[7.912s] INFO:colcon.colcon_core.shell:Creating environment hook '/home/user/ros2_ws/install/rrbot_unit5/share/rrbot_unit5/hook/cmake_prefix_path.sh'
[7.912s] Level 1:colcon.colcon_core.environment:checking '/home/user/ros2_ws/install/rrbot_unit5/bin'
[7.912s] Level 1:colcon.colcon_core.environment:checking '/home/user/ros2_ws/install/rrbot_unit5/lib/pkgconfig/rrbot_unit5.pc'
[7.913s] Level 1:colcon.colcon_core.environment:checking '/home/user/ros2_ws/install/rrbot_unit5/lib/python3.12/site-packages'
[7.913s] Level 1:colcon.colcon_core.environment:checking '/home/user/ros2_ws/install/rrbot_unit5/bin'
[7.914s] INFO:colcon.colcon_core.shell:Creating package script '/home/user/ros2_ws/install/rrbot_unit5/share/rrbot_unit5/package.ps1'
[7.914s] INFO:colcon.colcon_core.shell:Creating package descriptor '/home/user/ros2_ws/install/rrbot_unit5/share/rrbot_unit5/package.dsv'
[7.915s] INFO:colcon.colcon_core.shell:Creating package script '/home/user/ros2_ws/install/rrbot_unit5/share/rrbot_unit5/package.sh'
[7.916s] INFO:colcon.colcon_core.shell:Creating package script '/home/user/ros2_ws/install/rrbot_unit5/share/rrbot_unit5/package.bash'
[7.916s] INFO:colcon.colcon_core.shell:Creating package script '/home/user/ros2_ws/install/rrbot_unit5/share/rrbot_unit5/package.zsh'
[7.917s] Level 1:colcon.colcon_core.environment:create_file_with_runtime_dependencies(/home/user/ros2_ws/install/rrbot_unit5/share/colcon-core/packages/rrbot_unit5)
[7.918s] Level 1:colcon.colcon_core.environment:create_environment_scripts_only(rrbot_unit5)
[7.918s] Level 1:colcon.colcon_core.environment:checking '/home/user/ros2_ws/install/rrbot_unit5' for CMake module files
[7.919s] Level 1:colcon.colcon_core.environment:checking '/home/user/ros2_ws/install/rrbot_unit5' for CMake config files
[7.919s] Level 1:colcon.colcon_core.shell:create_environment_hook('rrbot_unit5', 'cmake_prefix_path')
[7.919s] INFO:colcon.colcon_core.shell:Creating environment hook '/home/user/ros2_ws/install/rrbot_unit5/share/rrbot_unit5/hook/cmake_prefix_path.ps1'
[7.920s] INFO:colcon.colcon_core.shell:Creating environment descriptor '/home/user/ros2_ws/install/rrbot_unit5/share/rrbot_unit5/hook/cmake_prefix_path.dsv'
[7.921s] INFO:colcon.colcon_core.shell:Creating environment hook '/home/user/ros2_ws/install/rrbot_unit5/share/rrbot_unit5/hook/cmake_prefix_path.sh'
[7.921s] Level 1:colcon.colcon_core.environment:checking '/home/user/ros2_ws/install/rrbot_unit5/bin'
[7.921s] Level 1:colcon.colcon_core.environment:checking '/home/user/ros2_ws/install/rrbot_unit5/lib/pkgconfig/rrbot_unit5.pc'
[7.922s] Level 1:colcon.colcon_core.environment:checking '/home/user/ros2_ws/install/rrbot_unit5/lib/python3.12/site-packages'
[7.922s] Level 1:colcon.colcon_core.environment:checking '/home/user/ros2_ws/install/rrbot_unit5/bin'
[7.925s] INFO:colcon.colcon_core.shell:Creating package script '/home/user/ros2_ws/install/rrbot_unit5/share/rrbot_unit5/package.ps1'
[7.925s] INFO:colcon.colcon_core.shell:Creating package descriptor '/home/user/ros2_ws/install/rrbot_unit5/share/rrbot_unit5/package.dsv'
[7.926s] INFO:colcon.colcon_core.shell:Creating package script '/home/user/ros2_ws/install/rrbot_unit5/share/rrbot_unit5/package.sh'
[7.927s] INFO:colcon.colcon_core.shell:Creating package script '/home/user/ros2_ws/install/rrbot_unit5/share/rrbot_unit5/package.bash'
[7.927s] INFO:colcon.colcon_core.shell:Creating package script '/home/user/ros2_ws/install/rrbot_unit5/share/rrbot_unit5/package.zsh'
[7.928s] Level 1:colcon.colcon_core.environment:create_file_with_runtime_dependencies(/home/user/ros2_ws/install/rrbot_unit5/share/colcon-core/packages/rrbot_unit5)
[7.930s] INFO:colcon.colcon_ros.task.ament_cmake.build:Building ROS package in '/home/user/ros2_ws/src/dynamixel-workbench/dynamixel_workbench' with build type 'ament_cmake'
[7.931s] INFO:colcon.colcon_cmake.task.cmake.build:Building CMake package in '/home/user/ros2_ws/src/dynamixel-workbench/dynamixel_workbench'
[7.932s] INFO:colcon.colcon_core.shell:Skip shell extension 'powershell' for command environment: Not usable outside of PowerShell
[7.932s] DEBUG:colcon.colcon_core.shell:Skip shell extension 'dsv' for command environment
[8.010s] DEBUG:colcon.colcon_core.event_handler.log_command:Invoking command in '/home/user/ros2_ws/build/dynamixel_workbench': AMENT_PREFIX_PATH=/home/user/ros2_ws/install/dynamixel_workbench_toolbox:/home/user/ros2_ws/install/dynamixel_sdk:${AMENT_PREFIX_PATH} CMAKE_PREFIX_PATH=/home/user/ros2_ws/install/dynamixel_workbench_toolbox:/home/user/ros2_ws/install/dynamixel_sdk:${CMAKE_PREFIX_PATH} LD_LIBRARY_PATH=/home/user/ros2_ws/install/dynamixel_workbench_toolbox/lib:/home/user/ros2_ws/install/dynamixel_sdk/lib:/home/simulations/ros2_sims_ws/install/rmw_cyclonedds_cpp/lib:/home/simulations/ros2_sims_ws/install/cyclonedds/lib:/home/user/catkin_ws/devel/lib:/home/simulations/public_sim_ws/devel/lib:/opt/ros/jazzy/lib:/opt/ros/jazzy/lib/x86_64-linux-gnu:/usr/local/cuda-10.2/lib64:/home/user/.catkin_ws_python3/src/TensorRT-7.0.0.11/lib:/home/user/catkin_ws/devel/lib:/home/simulations/public_sim_ws/devel/lib:/opt/ros/jazzy/lib:/opt/ros/jazzy/lib/x86_64-linux-gnu:/opt/ros/jazzy/opt/gz_sim_vendor/lib:/opt/ros/jazzy/opt/gz_sensors_vendor/lib:/opt/ros/jazzy/opt/gz_physics_vendor/lib:/opt/ros/jazzy/opt/sdformat_vendor/lib:/opt/ros/jazzy/opt/rviz_ogre_vendor/lib:/opt/ros/jazzy/lib/x86_64-linux-gnu:/opt/ros/jazzy/opt/gz_gui_vendor/lib:/opt/ros/jazzy/opt/gz_transport_vendor/lib:/opt/ros/jazzy/opt/gz_rendering_vendor/lib:/opt/ros/jazzy/opt/gz_plugin_vendor/lib:/opt/ros/jazzy/opt/gz_fuel_tools_vendor/lib:/opt/ros/jazzy/opt/gz_msgs_vendor/lib:/opt/ros/jazzy/opt/gz_common_vendor/lib:/opt/ros/jazzy/opt/gz_math_vendor/lib:/opt/ros/jazzy/opt/gz_utils_vendor/lib:/opt/ros/jazzy/opt/gz_tools_vendor/lib:/opt/ros/jazzy/opt/gz_ogre_next_vendor/lib:/opt/ros/jazzy/opt/gz_dartsim_vendor/lib:/opt/ros/jazzy/opt/gz_cmake_vendor/lib:/opt/ros/jazzy/lib:/usr/local/cuda-10.2/lib64:/home/user/.catkin_ws_python3/src/TensorRT-7.0.0.11/lib _=/usr/bin/env /usr/bin/cmake /home/user/ros2_ws/src/dynamixel-workbench/dynamixel_workbench -DCMAKE_INSTALL_PREFIX=/home/user/ros2_ws/install/dynamixel_workbench
[8.024s] DEBUG:colcon.colcon_core.event_handler.log_command:Invoking command in '/home/user/ros2_ws/build/dynamixel_hardware_interface': AMENT_PREFIX_PATH=/home/user/ros2_ws/install/dynamixel_workbench_toolbox:/home/user/ros2_ws/install/dynamixel_sdk:${AMENT_PREFIX_PATH} CMAKE_PREFIX_PATH=/home/user/ros2_ws/install/dynamixel_workbench_toolbox:/home/user/ros2_ws/install/dynamixel_sdk:${CMAKE_PREFIX_PATH} LD_LIBRARY_PATH=/home/user/ros2_ws/install/dynamixel_workbench_toolbox/lib:/home/user/ros2_ws/install/dynamixel_sdk/lib:/home/simulations/ros2_sims_ws/install/rmw_cyclonedds_cpp/lib:/home/simulations/ros2_sims_ws/install/cyclonedds/lib:/home/user/catkin_ws/devel/lib:/home/simulations/public_sim_ws/devel/lib:/opt/ros/jazzy/lib:/opt/ros/jazzy/lib/x86_64-linux-gnu:/usr/local/cuda-10.2/lib64:/home/user/.catkin_ws_python3/src/TensorRT-7.0.0.11/lib:/home/user/catkin_ws/devel/lib:/home/simulations/public_sim_ws/devel/lib:/opt/ros/jazzy/lib:/opt/ros/jazzy/lib/x86_64-linux-gnu:/opt/ros/jazzy/opt/gz_sim_vendor/lib:/opt/ros/jazzy/opt/gz_sensors_vendor/lib:/opt/ros/jazzy/opt/gz_physics_vendor/lib:/opt/ros/jazzy/opt/sdformat_vendor/lib:/opt/ros/jazzy/opt/rviz_ogre_vendor/lib:/opt/ros/jazzy/lib/x86_64-linux-gnu:/opt/ros/jazzy/opt/gz_gui_vendor/lib:/opt/ros/jazzy/opt/gz_transport_vendor/lib:/opt/ros/jazzy/opt/gz_rendering_vendor/lib:/opt/ros/jazzy/opt/gz_plugin_vendor/lib:/opt/ros/jazzy/opt/gz_fuel_tools_vendor/lib:/opt/ros/jazzy/opt/gz_msgs_vendor/lib:/opt/ros/jazzy/opt/gz_common_vendor/lib:/opt/ros/jazzy/opt/gz_math_vendor/lib:/opt/ros/jazzy/opt/gz_utils_vendor/lib:/opt/ros/jazzy/opt/gz_tools_vendor/lib:/opt/ros/jazzy/opt/gz_ogre_next_vendor/lib:/opt/ros/jazzy/opt/gz_dartsim_vendor/lib:/opt/ros/jazzy/opt/gz_cmake_vendor/lib:/opt/ros/jazzy/lib:/usr/local/cuda-10.2/lib64:/home/user/.catkin_ws_python3/src/TensorRT-7.0.0.11/lib _=/usr/bin/env /usr/bin/cmake /home/user/ros2_ws/src/dynamixel_hardware_interface -DCMAKE_INSTALL_PREFIX=/home/user/ros2_ws/install/dynamixel_hardware_interface
[9.893s] DEBUG:colcon.colcon_core.event_handler.log_command:Invoked command in '/home/user/ros2_ws/build/spawn_robot' returned '0': _=/usr/bin/env /usr/bin/cmake /home/user/ros2_ws/src/ros2_control_course/unit5/spawn_robot -DCMAKE_INSTALL_PREFIX=/home/user/ros2_ws/install/spawn_robot
[9.893s] DEBUG:colcon.colcon_core.event_handler.log_command:Invoking command in '/home/user/ros2_ws/build/spawn_robot': _=/usr/bin/env /usr/bin/cmake --build /home/user/ros2_ws/build/spawn_robot -- -j8 -l8
[10.129s] DEBUG:colcon.colcon_core.event_handler.log_command:Invoked command in '/home/user/ros2_ws/build/spawn_solo' returned '0': _=/usr/bin/env /usr/bin/cmake /home/user/ros2_ws/src/ros2_control_course/unit6/spawn_solo -DCMAKE_INSTALL_PREFIX=/home/user/ros2_ws/install/spawn_solo
[10.129s] DEBUG:colcon.colcon_core.event_handler.log_command:Invoking command in '/home/user/ros2_ws/build/spawn_solo': _=/usr/bin/env /usr/bin/cmake --build /home/user/ros2_ws/build/spawn_solo -- -j8 -l8
[10.206s] DEBUG:colcon.colcon_core.event_handler.log_command:Invoked command in '/home/user/ros2_ws/build/dynamixel_workbench' returned '0': AMENT_PREFIX_PATH=/home/user/ros2_ws/install/dynamixel_workbench_toolbox:/home/user/ros2_ws/install/dynamixel_sdk:${AMENT_PREFIX_PATH} CMAKE_PREFIX_PATH=/home/user/ros2_ws/install/dynamixel_workbench_toolbox:/home/user/ros2_ws/install/dynamixel_sdk:${CMAKE_PREFIX_PATH} LD_LIBRARY_PATH=/home/user/ros2_ws/install/dynamixel_workbench_toolbox/lib:/home/user/ros2_ws/install/dynamixel_sdk/lib:/home/simulations/ros2_sims_ws/install/rmw_cyclonedds_cpp/lib:/home/simulations/ros2_sims_ws/install/cyclonedds/lib:/home/user/catkin_ws/devel/lib:/home/simulations/public_sim_ws/devel/lib:/opt/ros/jazzy/lib:/opt/ros/jazzy/lib/x86_64-linux-gnu:/usr/local/cuda-10.2/lib64:/home/user/.catkin_ws_python3/src/TensorRT-7.0.0.11/lib:/home/user/catkin_ws/devel/lib:/home/simulations/public_sim_ws/devel/lib:/opt/ros/jazzy/lib:/opt/ros/jazzy/lib/x86_64-linux-gnu:/opt/ros/jazzy/opt/gz_sim_vendor/lib:/opt/ros/jazzy/opt/gz_sensors_vendor/lib:/opt/ros/jazzy/opt/gz_physics_vendor/lib:/opt/ros/jazzy/opt/sdformat_vendor/lib:/opt/ros/jazzy/opt/rviz_ogre_vendor/lib:/opt/ros/jazzy/lib/x86_64-linux-gnu:/opt/ros/jazzy/opt/gz_gui_vendor/lib:/opt/ros/jazzy/opt/gz_transport_vendor/lib:/opt/ros/jazzy/opt/gz_rendering_vendor/lib:/opt/ros/jazzy/opt/gz_plugin_vendor/lib:/opt/ros/jazzy/opt/gz_fuel_tools_vendor/lib:/opt/ros/jazzy/opt/gz_msgs_vendor/lib:/opt/ros/jazzy/opt/gz_common_vendor/lib:/opt/ros/jazzy/opt/gz_math_vendor/lib:/opt/ros/jazzy/opt/gz_utils_vendor/lib:/opt/ros/jazzy/opt/gz_tools_vendor/lib:/opt/ros/jazzy/opt/gz_ogre_next_vendor/lib:/opt/ros/jazzy/opt/gz_dartsim_vendor/lib:/opt/ros/jazzy/opt/gz_cmake_vendor/lib:/opt/ros/jazzy/lib:/usr/local/cuda-10.2/lib64:/home/user/.catkin_ws_python3/src/TensorRT-7.0.0.11/lib _=/usr/bin/env /usr/bin/cmake /home/user/ros2_ws/src/dynamixel-workbench/dynamixel_workbench -DCMAKE_INSTALL_PREFIX=/home/user/ros2_ws/install/dynamixel_workbench
[10.208s] DEBUG:colcon.colcon_core.event_handler.log_command:Invoking command in '/home/user/ros2_ws/build/dynamixel_workbench': AMENT_PREFIX_PATH=/home/user/ros2_ws/install/dynamixel_workbench_toolbox:/home/user/ros2_ws/install/dynamixel_sdk:${AMENT_PREFIX_PATH} CMAKE_PREFIX_PATH=/home/user/ros2_ws/install/dynamixel_workbench_toolbox:/home/user/ros2_ws/install/dynamixel_sdk:${CMAKE_PREFIX_PATH} LD_LIBRARY_PATH=/home/user/ros2_ws/install/dynamixel_workbench_toolbox/lib:/home/user/ros2_ws/install/dynamixel_sdk/lib:/home/simulations/ros2_sims_ws/install/rmw_cyclonedds_cpp/lib:/home/simulations/ros2_sims_ws/install/cyclonedds/lib:/home/user/catkin_ws/devel/lib:/home/simulations/public_sim_ws/devel/lib:/opt/ros/jazzy/lib:/opt/ros/jazzy/lib/x86_64-linux-gnu:/usr/local/cuda-10.2/lib64:/home/user/.catkin_ws_python3/src/TensorRT-7.0.0.11/lib:/home/user/catkin_ws/devel/lib:/home/simulations/public_sim_ws/devel/lib:/opt/ros/jazzy/lib:/opt/ros/jazzy/lib/x86_64-linux-gnu:/opt/ros/jazzy/opt/gz_sim_vendor/lib:/opt/ros/jazzy/opt/gz_sensors_vendor/lib:/opt/ros/jazzy/opt/gz_physics_vendor/lib:/opt/ros/jazzy/opt/sdformat_vendor/lib:/opt/ros/jazzy/opt/rviz_ogre_vendor/lib:/opt/ros/jazzy/lib/x86_64-linux-gnu:/opt/ros/jazzy/opt/gz_gui_vendor/lib:/opt/ros/jazzy/opt/gz_transport_vendor/lib:/opt/ros/jazzy/opt/gz_rendering_vendor/lib:/opt/ros/jazzy/opt/gz_plugin_vendor/lib:/opt/ros/jazzy/opt/gz_fuel_tools_vendor/lib:/opt/ros/jazzy/opt/gz_msgs_vendor/lib:/opt/ros/jazzy/opt/gz_common_vendor/lib:/opt/ros/jazzy/opt/gz_math_vendor/lib:/opt/ros/jazzy/opt/gz_utils_vendor/lib:/opt/ros/jazzy/opt/gz_tools_vendor/lib:/opt/ros/jazzy/opt/gz_ogre_next_vendor/lib:/opt/ros/jazzy/opt/gz_dartsim_vendor/lib:/opt/ros/jazzy/opt/gz_cmake_vendor/lib:/opt/ros/jazzy/lib:/usr/local/cuda-10.2/lib64:/home/user/.catkin_ws_python3/src/TensorRT-7.0.0.11/lib _=/usr/bin/env /usr/bin/cmake --build /home/user/ros2_ws/build/dynamixel_workbench -- -j8 -l8
[10.209s] DEBUG:colcon.colcon_core.event_handler.log_command:Invoked command in '/home/user/ros2_ws/build/spawn_robot' returned '0': _=/usr/bin/env /usr/bin/cmake --build /home/user/ros2_ws/build/spawn_robot -- -j8 -l8
[10.210s] DEBUG:colcon.colcon_core.event_handler.log_command:Invoking command in '/home/user/ros2_ws/build/spawn_robot': _=/usr/bin/env /usr/bin/cmake --install /home/user/ros2_ws/build/spawn_robot
[10.214s] DEBUG:colcon.colcon_core.event_handler.log_command:Invoked command in '/home/user/ros2_ws/build/spawn_solo' returned '0': _=/usr/bin/env /usr/bin/cmake --build /home/user/ros2_ws/build/spawn_solo -- -j8 -l8
[10.214s] DEBUG:colcon.colcon_core.event_handler.log_command:Invoking command in '/home/user/ros2_ws/build/spawn_solo': _=/usr/bin/env /usr/bin/cmake --install /home/user/ros2_ws/build/spawn_solo
[10.278s] Level 1:colcon.colcon_core.environment:create_environment_scripts_only(spawn_robot)
[10.279s] Level 1:colcon.colcon_core.environment:checking '/home/user/ros2_ws/install/spawn_robot' for CMake module files
[10.280s] Level 1:colcon.colcon_core.environment:checking '/home/user/ros2_ws/install/spawn_robot' for CMake config files
[10.282s] Level 1:colcon.colcon_core.shell:create_environment_hook('spawn_robot', 'cmake_prefix_path')
[10.282s] INFO:colcon.colcon_core.shell:Creating environment hook '/home/user/ros2_ws/install/spawn_robot/share/spawn_robot/hook/cmake_prefix_path.ps1'
[10.283s] INFO:colcon.colcon_core.shell:Creating environment descriptor '/home/user/ros2_ws/install/spawn_robot/share/spawn_robot/hook/cmake_prefix_path.dsv'
[10.284s] INFO:colcon.colcon_core.shell:Creating environment hook '/home/user/ros2_ws/install/spawn_robot/share/spawn_robot/hook/cmake_prefix_path.sh'
[10.286s] Level 1:colcon.colcon_core.environment:checking '/home/user/ros2_ws/install/spawn_robot/lib'
[10.286s] Level 1:colcon.colcon_core.environment:checking '/home/user/ros2_ws/install/spawn_robot/bin'
[10.286s] Level 1:colcon.colcon_core.environment:checking '/home/user/ros2_ws/install/spawn_robot/lib/pkgconfig/spawn_robot.pc'
[10.287s] Level 1:colcon.colcon_core.environment:checking '/home/user/ros2_ws/install/spawn_robot/lib/python3.12/site-packages'
[10.287s] Level 1:colcon.colcon_core.environment:checking '/home/user/ros2_ws/install/spawn_robot/bin'
[10.287s] INFO:colcon.colcon_core.shell:Creating package script '/home/user/ros2_ws/install/spawn_robot/share/spawn_robot/package.ps1'
[10.288s] INFO:colcon.colcon_core.shell:Creating package descriptor '/home/user/ros2_ws/install/spawn_robot/share/spawn_robot/package.dsv'
[10.289s] DEBUG:colcon.colcon_core.event_handler.log_command:Invoked command in '/home/user/ros2_ws/build/dynamixel_workbench' returned '0': AMENT_PREFIX_PATH=/home/user/ros2_ws/install/dynamixel_workbench_toolbox:/home/user/ros2_ws/install/dynamixel_sdk:${AMENT_PREFIX_PATH} CMAKE_PREFIX_PATH=/home/user/ros2_ws/install/dynamixel_workbench_toolbox:/home/user/ros2_ws/install/dynamixel_sdk:${CMAKE_PREFIX_PATH} LD_LIBRARY_PATH=/home/user/ros2_ws/install/dynamixel_workbench_toolbox/lib:/home/user/ros2_ws/install/dynamixel_sdk/lib:/home/simulations/ros2_sims_ws/install/rmw_cyclonedds_cpp/lib:/home/simulations/ros2_sims_ws/install/cyclonedds/lib:/home/user/catkin_ws/devel/lib:/home/simulations/public_sim_ws/devel/lib:/opt/ros/jazzy/lib:/opt/ros/jazzy/lib/x86_64-linux-gnu:/usr/local/cuda-10.2/lib64:/home/user/.catkin_ws_python3/src/TensorRT-7.0.0.11/lib:/home/user/catkin_ws/devel/lib:/home/simulations/public_sim_ws/devel/lib:/opt/ros/jazzy/lib:/opt/ros/jazzy/lib/x86_64-linux-gnu:/opt/ros/jazzy/opt/gz_sim_vendor/lib:/opt/ros/jazzy/opt/gz_sensors_vendor/lib:/opt/ros/jazzy/opt/gz_physics_vendor/lib:/opt/ros/jazzy/opt/sdformat_vendor/lib:/opt/ros/jazzy/opt/rviz_ogre_vendor/lib:/opt/ros/jazzy/lib/x86_64-linux-gnu:/opt/ros/jazzy/opt/gz_gui_vendor/lib:/opt/ros/jazzy/opt/gz_transport_vendor/lib:/opt/ros/jazzy/opt/gz_rendering_vendor/lib:/opt/ros/jazzy/opt/gz_plugin_vendor/lib:/opt/ros/jazzy/opt/gz_fuel_tools_vendor/lib:/opt/ros/jazzy/opt/gz_msgs_vendor/lib:/opt/ros/jazzy/opt/gz_common_vendor/lib:/opt/ros/jazzy/opt/gz_math_vendor/lib:/opt/ros/jazzy/opt/gz_utils_vendor/lib:/opt/ros/jazzy/opt/gz_tools_vendor/lib:/opt/ros/jazzy/opt/gz_ogre_next_vendor/lib:/opt/ros/jazzy/opt/gz_dartsim_vendor/lib:/opt/ros/jazzy/opt/gz_cmake_vendor/lib:/opt/ros/jazzy/lib:/usr/local/cuda-10.2/lib64:/home/user/.catkin_ws_python3/src/TensorRT-7.0.0.11/lib _=/usr/bin/env /usr/bin/cmake --build /home/user/ros2_ws/build/dynamixel_workbench -- -j8 -l8
[10.290s] INFO:colcon.colcon_core.shell:Creating package script '/home/user/ros2_ws/install/spawn_robot/share/spawn_robot/package.sh'
[10.291s] INFO:colcon.colcon_core.shell:Creating package script '/home/user/ros2_ws/install/spawn_robot/share/spawn_robot/package.bash'
[10.296s] DEBUG:colcon.colcon_core.event_handler.log_command:Invoking command in '/home/user/ros2_ws/build/dynamixel_workbench': AMENT_PREFIX_PATH=/home/user/ros2_ws/install/dynamixel_workbench_toolbox:/home/user/ros2_ws/install/dynamixel_sdk:${AMENT_PREFIX_PATH} CMAKE_PREFIX_PATH=/home/user/ros2_ws/install/dynamixel_workbench_toolbox:/home/user/ros2_ws/install/dynamixel_sdk:${CMAKE_PREFIX_PATH} LD_LIBRARY_PATH=/home/user/ros2_ws/install/dynamixel_workbench_toolbox/lib:/home/user/ros2_ws/install/dynamixel_sdk/lib:/home/simulations/ros2_sims_ws/install/rmw_cyclonedds_cpp/lib:/home/simulations/ros2_sims_ws/install/cyclonedds/lib:/home/user/catkin_ws/devel/lib:/home/simulations/public_sim_ws/devel/lib:/opt/ros/jazzy/lib:/opt/ros/jazzy/lib/x86_64-linux-gnu:/usr/local/cuda-10.2/lib64:/home/user/.catkin_ws_python3/src/TensorRT-7.0.0.11/lib:/home/user/catkin_ws/devel/lib:/home/simulations/public_sim_ws/devel/lib:/opt/ros/jazzy/lib:/opt/ros/jazzy/lib/x86_64-linux-gnu:/opt/ros/jazzy/opt/gz_sim_vendor/lib:/opt/ros/jazzy/opt/gz_sensors_vendor/lib:/opt/ros/jazzy/opt/gz_physics_vendor/lib:/opt/ros/jazzy/opt/sdformat_vendor/lib:/opt/ros/jazzy/opt/rviz_ogre_vendor/lib:/opt/ros/jazzy/lib/x86_64-linux-gnu:/opt/ros/jazzy/opt/gz_gui_vendor/lib:/opt/ros/jazzy/opt/gz_transport_vendor/lib:/opt/ros/jazzy/opt/gz_rendering_vendor/lib:/opt/ros/jazzy/opt/gz_plugin_vendor/lib:/opt/ros/jazzy/opt/gz_fuel_tools_vendor/lib:/opt/ros/jazzy/opt/gz_msgs_vendor/lib:/opt/ros/jazzy/opt/gz_common_vendor/lib:/opt/ros/jazzy/opt/gz_math_vendor/lib:/opt/ros/jazzy/opt/gz_utils_vendor/lib:/opt/ros/jazzy/opt/gz_tools_vendor/lib:/opt/ros/jazzy/opt/gz_ogre_next_vendor/lib:/opt/ros/jazzy/opt/gz_dartsim_vendor/lib:/opt/ros/jazzy/opt/gz_cmake_vendor/lib:/opt/ros/jazzy/lib:/usr/local/cuda-10.2/lib64:/home/user/.catkin_ws_python3/src/TensorRT-7.0.0.11/lib _=/usr/bin/env /usr/bin/cmake --install /home/user/ros2_ws/build/dynamixel_workbench
[10.296s] INFO:colcon.colcon_core.shell:Creating package script '/home/user/ros2_ws/install/spawn_robot/share/spawn_robot/package.zsh'
[10.297s] DEBUG:colcon.colcon_core.event_handler.log_command:Invoked command in '/home/user/ros2_ws/build/spawn_robot' returned '0': _=/usr/bin/env /usr/bin/cmake --install /home/user/ros2_ws/build/spawn_robot
[10.298s] Level 1:colcon.colcon_core.environment:create_file_with_runtime_dependencies(/home/user/ros2_ws/install/spawn_robot/share/colcon-core/packages/spawn_robot)
[10.298s] Level 1:colcon.colcon_core.environment:create_environment_scripts_only(spawn_robot)
[10.298s] Level 1:colcon.colcon_core.environment:checking '/home/user/ros2_ws/install/spawn_robot' for CMake module files
[10.299s] Level 1:colcon.colcon_core.environment:checking '/home/user/ros2_ws/install/spawn_robot' for CMake config files
[10.300s] Level 1:colcon.colcon_core.shell:create_environment_hook('spawn_robot', 'cmake_prefix_path')
[10.300s] INFO:colcon.colcon_core.shell:Creating environment hook '/home/user/ros2_ws/install/spawn_robot/share/spawn_robot/hook/cmake_prefix_path.ps1'
[10.300s] INFO:colcon.colcon_core.shell:Creating environment descriptor '/home/user/ros2_ws/install/spawn_robot/share/spawn_robot/hook/cmake_prefix_path.dsv'
[10.301s] INFO:colcon.colcon_core.shell:Creating environment hook '/home/user/ros2_ws/install/spawn_robot/share/spawn_robot/hook/cmake_prefix_path.sh'
[10.302s] Level 1:colcon.colcon_core.environment:checking '/home/user/ros2_ws/install/spawn_robot/lib'
[10.302s] Level 1:colcon.colcon_core.environment:checking '/home/user/ros2_ws/install/spawn_robot/bin'
[10.302s] Level 1:colcon.colcon_core.environment:checking '/home/user/ros2_ws/install/spawn_robot/lib/pkgconfig/spawn_robot.pc'
[10.302s] Level 1:colcon.colcon_core.environment:checking '/home/user/ros2_ws/install/spawn_robot/lib/python3.12/site-packages'
[10.303s] Level 1:colcon.colcon_core.environment:checking '/home/user/ros2_ws/install/spawn_robot/bin'
[10.303s] INFO:colcon.colcon_core.shell:Creating package script '/home/user/ros2_ws/install/spawn_robot/share/spawn_robot/package.ps1'
[10.304s] INFO:colcon.colcon_core.shell:Creating package descriptor '/home/user/ros2_ws/install/spawn_robot/share/spawn_robot/package.dsv'
[10.304s] INFO:colcon.colcon_core.shell:Creating package script '/home/user/ros2_ws/install/spawn_robot/share/spawn_robot/package.sh'
[10.305s] INFO:colcon.colcon_core.shell:Creating package script '/home/user/ros2_ws/install/spawn_robot/share/spawn_robot/package.bash'
[10.306s] INFO:colcon.colcon_core.shell:Creating package script '/home/user/ros2_ws/install/spawn_robot/share/spawn_robot/package.zsh'
[10.307s] Level 1:colcon.colcon_core.environment:create_file_with_runtime_dependencies(/home/user/ros2_ws/install/spawn_robot/share/colcon-core/packages/spawn_robot)
[10.308s] Level 1:colcon.colcon_core.environment:create_environment_scripts_only(spawn_solo)
[10.308s] Level 1:colcon.colcon_core.environment:checking '/home/user/ros2_ws/install/spawn_solo' for CMake module files
[10.310s] DEBUG:colcon.colcon_core.event_handler.log_command:Invoked command in '/home/user/ros2_ws/build/spawn_solo' returned '0': _=/usr/bin/env /usr/bin/cmake --install /home/user/ros2_ws/build/spawn_solo
[10.311s] Level 1:colcon.colcon_core.environment:checking '/home/user/ros2_ws/install/spawn_solo' for CMake config files
[10.312s] Level 1:colcon.colcon_core.shell:create_environment_hook('spawn_solo', 'cmake_prefix_path')
[10.312s] INFO:colcon.colcon_core.shell:Creating environment hook '/home/user/ros2_ws/install/spawn_solo/share/spawn_solo/hook/cmake_prefix_path.ps1'
[10.314s] INFO:colcon.colcon_core.shell:Creating environment descriptor '/home/user/ros2_ws/install/spawn_solo/share/spawn_solo/hook/cmake_prefix_path.dsv'
[10.315s] INFO:colcon.colcon_core.shell:Creating environment hook '/home/user/ros2_ws/install/spawn_solo/share/spawn_solo/hook/cmake_prefix_path.sh'
[10.317s] Level 1:colcon.colcon_core.environment:checking '/home/user/ros2_ws/install/spawn_solo/lib'
[10.317s] Level 1:colcon.colcon_core.environment:checking '/home/user/ros2_ws/install/spawn_solo/bin'
[10.317s] Level 1:colcon.colcon_core.environment:checking '/home/user/ros2_ws/install/spawn_solo/lib/pkgconfig/spawn_solo.pc'
[10.318s] Level 1:colcon.colcon_core.environment:checking '/home/user/ros2_ws/install/spawn_solo/lib/python3.12/site-packages'
[10.319s] Level 1:colcon.colcon_core.environment:checking '/home/user/ros2_ws/install/spawn_solo/bin'
[10.319s] INFO:colcon.colcon_core.shell:Creating package script '/home/user/ros2_ws/install/spawn_solo/share/spawn_solo/package.ps1'
[10.320s] INFO:colcon.colcon_core.shell:Creating package descriptor '/home/user/ros2_ws/install/spawn_solo/share/spawn_solo/package.dsv'
[10.320s] INFO:colcon.colcon_core.shell:Creating package script '/home/user/ros2_ws/install/spawn_solo/share/spawn_solo/package.sh'
[10.321s] INFO:colcon.colcon_core.shell:Creating package script '/home/user/ros2_ws/install/spawn_solo/share/spawn_solo/package.bash'
[10.322s] INFO:colcon.colcon_core.shell:Creating package script '/home/user/ros2_ws/install/spawn_solo/share/spawn_solo/package.zsh'
[10.323s] Level 1:colcon.colcon_core.environment:create_file_with_runtime_dependencies(/home/user/ros2_ws/install/spawn_solo/share/colcon-core/packages/spawn_solo)
[10.323s] Level 1:colcon.colcon_core.environment:create_environment_scripts_only(spawn_solo)
[10.323s] Level 1:colcon.colcon_core.environment:checking '/home/user/ros2_ws/install/spawn_solo' for CMake module files
[10.324s] Level 1:colcon.colcon_core.environment:checking '/home/user/ros2_ws/install/spawn_solo' for CMake config files
[10.325s] Level 1:colcon.colcon_core.shell:create_environment_hook('spawn_solo', 'cmake_prefix_path')
[10.325s] INFO:colcon.colcon_core.shell:Creating environment hook '/home/user/ros2_ws/install/spawn_solo/share/spawn_solo/hook/cmake_prefix_path.ps1'
[10.326s] INFO:colcon.colcon_core.shell:Creating environment descriptor '/home/user/ros2_ws/install/spawn_solo/share/spawn_solo/hook/cmake_prefix_path.dsv'
[10.326s] INFO:colcon.colcon_core.shell:Creating environment hook '/home/user/ros2_ws/install/spawn_solo/share/spawn_solo/hook/cmake_prefix_path.sh'
[10.327s] Level 1:colcon.colcon_core.environment:checking '/home/user/ros2_ws/install/spawn_solo/lib'
[10.327s] Level 1:colcon.colcon_core.environment:checking '/home/user/ros2_ws/install/spawn_solo/bin'
[10.327s] Level 1:colcon.colcon_core.environment:checking '/home/user/ros2_ws/install/spawn_solo/lib/pkgconfig/spawn_solo.pc'
[10.328s] Level 1:colcon.colcon_core.environment:checking '/home/user/ros2_ws/install/spawn_solo/lib/python3.12/site-packages'
[10.328s] Level 1:colcon.colcon_core.environment:checking '/home/user/ros2_ws/install/spawn_solo/bin'
[10.328s] INFO:colcon.colcon_core.shell:Creating package script '/home/user/ros2_ws/install/spawn_solo/share/spawn_solo/package.ps1'
[10.329s] INFO:colcon.colcon_core.shell:Creating package descriptor '/home/user/ros2_ws/install/spawn_solo/share/spawn_solo/package.dsv'
[10.330s] INFO:colcon.colcon_core.shell:Creating package script '/home/user/ros2_ws/install/spawn_solo/share/spawn_solo/package.sh'
[10.330s] INFO:colcon.colcon_core.shell:Creating package script '/home/user/ros2_ws/install/spawn_solo/share/spawn_solo/package.bash'
[10.331s] INFO:colcon.colcon_core.shell:Creating package script '/home/user/ros2_ws/install/spawn_solo/share/spawn_solo/package.zsh'
[10.331s] Level 1:colcon.colcon_core.environment:create_file_with_runtime_dependencies(/home/user/ros2_ws/install/spawn_solo/share/colcon-core/packages/spawn_solo)
[10.332s] Level 1:colcon.colcon_core.environment:create_environment_scripts_only(dynamixel_workbench)
[10.333s] Level 1:colcon.colcon_core.environment:checking '/home/user/ros2_ws/install/dynamixel_workbench' for CMake module files
[10.334s] Level 1:colcon.colcon_core.environment:checking '/home/user/ros2_ws/install/dynamixel_workbench' for CMake config files
[10.334s] Level 1:colcon.colcon_core.shell:create_environment_hook('dynamixel_workbench', 'cmake_prefix_path')
[10.334s] INFO:colcon.colcon_core.shell:Creating environment hook '/home/user/ros2_ws/install/dynamixel_workbench/share/dynamixel_workbench/hook/cmake_prefix_path.ps1'
[10.334s] DEBUG:colcon.colcon_core.event_handler.log_command:Invoked command in '/home/user/ros2_ws/build/dynamixel_workbench' returned '0': AMENT_PREFIX_PATH=/home/user/ros2_ws/install/dynamixel_workbench_toolbox:/home/user/ros2_ws/install/dynamixel_sdk:${AMENT_PREFIX_PATH} CMAKE_PREFIX_PATH=/home/user/ros2_ws/install/dynamixel_workbench_toolbox:/home/user/ros2_ws/install/dynamixel_sdk:${CMAKE_PREFIX_PATH} LD_LIBRARY_PATH=/home/user/ros2_ws/install/dynamixel_workbench_toolbox/lib:/home/user/ros2_ws/install/dynamixel_sdk/lib:/home/simulations/ros2_sims_ws/install/rmw_cyclonedds_cpp/lib:/home/simulations/ros2_sims_ws/install/cyclonedds/lib:/home/user/catkin_ws/devel/lib:/home/simulations/public_sim_ws/devel/lib:/opt/ros/jazzy/lib:/opt/ros/jazzy/lib/x86_64-linux-gnu:/usr/local/cuda-10.2/lib64:/home/user/.catkin_ws_python3/src/TensorRT-7.0.0.11/lib:/home/user/catkin_ws/devel/lib:/home/simulations/public_sim_ws/devel/lib:/opt/ros/jazzy/lib:/opt/ros/jazzy/lib/x86_64-linux-gnu:/opt/ros/jazzy/opt/gz_sim_vendor/lib:/opt/ros/jazzy/opt/gz_sensors_vendor/lib:/opt/ros/jazzy/opt/gz_physics_vendor/lib:/opt/ros/jazzy/opt/sdformat_vendor/lib:/opt/ros/jazzy/opt/rviz_ogre_vendor/lib:/opt/ros/jazzy/lib/x86_64-linux-gnu:/opt/ros/jazzy/opt/gz_gui_vendor/lib:/opt/ros/jazzy/opt/gz_transport_vendor/lib:/opt/ros/jazzy/opt/gz_rendering_vendor/lib:/opt/ros/jazzy/opt/gz_plugin_vendor/lib:/opt/ros/jazzy/opt/gz_fuel_tools_vendor/lib:/opt/ros/jazzy/opt/gz_msgs_vendor/lib:/opt/ros/jazzy/opt/gz_common_vendor/lib:/opt/ros/jazzy/opt/gz_math_vendor/lib:/opt/ros/jazzy/opt/gz_utils_vendor/lib:/opt/ros/jazzy/opt/gz_tools_vendor/lib:/opt/ros/jazzy/opt/gz_ogre_next_vendor/lib:/opt/ros/jazzy/opt/gz_dartsim_vendor/lib:/opt/ros/jazzy/opt/gz_cmake_vendor/lib:/opt/ros/jazzy/lib:/usr/local/cuda-10.2/lib64:/home/user/.catkin_ws_python3/src/TensorRT-7.0.0.11/lib _=/usr/bin/env /usr/bin/cmake --install /home/user/ros2_ws/build/dynamixel_workbench
[10.335s] INFO:colcon.colcon_core.shell:Creating environment descriptor '/home/user/ros2_ws/install/dynamixel_workbench/share/dynamixel_workbench/hook/cmake_prefix_path.dsv'
[10.336s] INFO:colcon.colcon_core.shell:Creating environment hook '/home/user/ros2_ws/install/dynamixel_workbench/share/dynamixel_workbench/hook/cmake_prefix_path.sh'
[10.337s] Level 1:colcon.colcon_core.environment:checking '/home/user/ros2_ws/install/dynamixel_workbench/bin'
[10.337s] Level 1:colcon.colcon_core.environment:checking '/home/user/ros2_ws/install/dynamixel_workbench/lib/pkgconfig/dynamixel_workbench.pc'
[10.338s] Level 1:colcon.colcon_core.environment:checking '/home/user/ros2_ws/install/dynamixel_workbench/lib/python3.12/site-packages'
[10.338s] Level 1:colcon.colcon_core.environment:checking '/home/user/ros2_ws/install/dynamixel_workbench/bin'
[10.338s] INFO:colcon.colcon_core.shell:Creating package script '/home/user/ros2_ws/install/dynamixel_workbench/share/dynamixel_workbench/package.ps1'
[10.339s] INFO:colcon.colcon_core.shell:Creating package descriptor '/home/user/ros2_ws/install/dynamixel_workbench/share/dynamixel_workbench/package.dsv'
[10.340s] INFO:colcon.colcon_core.shell:Creating package script '/home/user/ros2_ws/install/dynamixel_workbench/share/dynamixel_workbench/package.sh'
[10.340s] INFO:colcon.colcon_core.shell:Creating package script '/home/user/ros2_ws/install/dynamixel_workbench/share/dynamixel_workbench/package.bash'
[10.341s] INFO:colcon.colcon_core.shell:Creating package script '/home/user/ros2_ws/install/dynamixel_workbench/share/dynamixel_workbench/package.zsh'
[10.341s] Level 1:colcon.colcon_core.environment:create_file_with_runtime_dependencies(/home/user/ros2_ws/install/dynamixel_workbench/share/colcon-core/packages/dynamixel_workbench)
[10.342s] Level 1:colcon.colcon_core.environment:create_environment_scripts_only(dynamixel_workbench)
[10.342s] Level 1:colcon.colcon_core.environment:checking '/home/user/ros2_ws/install/dynamixel_workbench' for CMake module files
[10.343s] Level 1:colcon.colcon_core.environment:checking '/home/user/ros2_ws/install/dynamixel_workbench' for CMake config files
[10.343s] Level 1:colcon.colcon_core.shell:create_environment_hook('dynamixel_workbench', 'cmake_prefix_path')
[10.343s] INFO:colcon.colcon_core.shell:Creating environment hook '/home/user/ros2_ws/install/dynamixel_workbench/share/dynamixel_workbench/hook/cmake_prefix_path.ps1'
[10.344s] INFO:colcon.colcon_core.shell:Creating environment descriptor '/home/user/ros2_ws/install/dynamixel_workbench/share/dynamixel_workbench/hook/cmake_prefix_path.dsv'
[10.345s] INFO:colcon.colcon_core.shell:Creating environment hook '/home/user/ros2_ws/install/dynamixel_workbench/share/dynamixel_workbench/hook/cmake_prefix_path.sh'
[10.345s] Level 1:colcon.colcon_core.environment:checking '/home/user/ros2_ws/install/dynamixel_workbench/bin'
[10.345s] Level 1:colcon.colcon_core.environment:checking '/home/user/ros2_ws/install/dynamixel_workbench/lib/pkgconfig/dynamixel_workbench.pc'
[10.346s] Level 1:colcon.colcon_core.environment:checking '/home/user/ros2_ws/install/dynamixel_workbench/lib/python3.12/site-packages'
[10.346s] Level 1:colcon.colcon_core.environment:checking '/home/user/ros2_ws/install/dynamixel_workbench/bin'
[10.346s] INFO:colcon.colcon_core.shell:Creating package script '/home/user/ros2_ws/install/dynamixel_workbench/share/dynamixel_workbench/package.ps1'
[10.347s] INFO:colcon.colcon_core.shell:Creating package descriptor '/home/user/ros2_ws/install/dynamixel_workbench/share/dynamixel_workbench/package.dsv'
[10.348s] INFO:colcon.colcon_core.shell:Creating package script '/home/user/ros2_ws/install/dynamixel_workbench/share/dynamixel_workbench/package.sh'
[10.348s] INFO:colcon.colcon_core.shell:Creating package script '/home/user/ros2_ws/install/dynamixel_workbench/share/dynamixel_workbench/package.bash'
[10.349s] INFO:colcon.colcon_core.shell:Creating package script '/home/user/ros2_ws/install/dynamixel_workbench/share/dynamixel_workbench/package.zsh'
[10.351s] Level 1:colcon.colcon_core.environment:create_file_with_runtime_dependencies(/home/user/ros2_ws/install/dynamixel_workbench/share/colcon-core/packages/dynamixel_workbench)
[10.353s] DEBUG:colcon.colcon_core.event_handler.log_command:Invoked command in '/home/user/ros2_ws/build/solo_description' returned '0': _=/usr/bin/env /usr/bin/cmake /home/user/ros2_ws/src/ros2_control_course/unit6/solo_description -DCMAKE_INSTALL_PREFIX=/home/user/ros2_ws/install/solo_description
[10.354s] DEBUG:colcon.colcon_core.event_handler.log_command:Invoking command in '/home/user/ros2_ws/build/solo_description': _=/usr/bin/env /usr/bin/cmake --build /home/user/ros2_ws/build/solo_description -- -j8 -l8
[10.409s] DEBUG:colcon.colcon_core.event_handler.log_command:Invoked command in '/home/user/ros2_ws/build/solo_description' returned '0': _=/usr/bin/env /usr/bin/cmake --build /home/user/ros2_ws/build/solo_description -- -j8 -l8
[10.411s] DEBUG:colcon.colcon_core.event_handler.log_command:Invoking command in '/home/user/ros2_ws/build/solo_description': _=/usr/bin/env /usr/bin/cmake --install /home/user/ros2_ws/build/solo_description
[10.435s] Level 1:colcon.colcon_core.environment:create_environment_scripts_only(solo_description)
[10.435s] Level 1:colcon.colcon_core.environment:checking '/home/user/ros2_ws/install/solo_description' for CMake module files
[10.436s] DEBUG:colcon.colcon_core.event_handler.log_command:Invoked command in '/home/user/ros2_ws/build/solo_description' returned '0': _=/usr/bin/env /usr/bin/cmake --install /home/user/ros2_ws/build/solo_description
[10.436s] Level 1:colcon.colcon_core.environment:checking '/home/user/ros2_ws/install/solo_description' for CMake config files
[10.437s] Level 1:colcon.colcon_core.shell:create_environment_hook('solo_description', 'cmake_prefix_path')
[10.437s] INFO:colcon.colcon_core.shell:Creating environment hook '/home/user/ros2_ws/install/solo_description/share/solo_description/hook/cmake_prefix_path.ps1'
[10.437s] INFO:colcon.colcon_core.shell:Creating environment descriptor '/home/user/ros2_ws/install/solo_description/share/solo_description/hook/cmake_prefix_path.dsv'
[10.438s] INFO:colcon.colcon_core.shell:Creating environment hook '/home/user/ros2_ws/install/solo_description/share/solo_description/hook/cmake_prefix_path.sh'
[10.438s] Level 1:colcon.colcon_core.environment:checking '/home/user/ros2_ws/install/solo_description/bin'
[10.438s] Level 1:colcon.colcon_core.environment:checking '/home/user/ros2_ws/install/solo_description/lib/pkgconfig/solo_description.pc'
[10.438s] Level 1:colcon.colcon_core.environment:checking '/home/user/ros2_ws/install/solo_description/lib/python3.12/site-packages'
[10.439s] Level 1:colcon.colcon_core.environment:checking '/home/user/ros2_ws/install/solo_description/bin'
[10.439s] INFO:colcon.colcon_core.shell:Creating package script '/home/user/ros2_ws/install/solo_description/share/solo_description/package.ps1'
[10.439s] INFO:colcon.colcon_core.shell:Creating package descriptor '/home/user/ros2_ws/install/solo_description/share/solo_description/package.dsv'
[10.440s] INFO:colcon.colcon_core.shell:Creating package script '/home/user/ros2_ws/install/solo_description/share/solo_description/package.sh'
[10.440s] INFO:colcon.colcon_core.shell:Creating package script '/home/user/ros2_ws/install/solo_description/share/solo_description/package.bash'
[10.440s] INFO:colcon.colcon_core.shell:Creating package script '/home/user/ros2_ws/install/solo_description/share/solo_description/package.zsh'
[10.441s] Level 1:colcon.colcon_core.environment:create_file_with_runtime_dependencies(/home/user/ros2_ws/install/solo_description/share/colcon-core/packages/solo_description)
[10.441s] Level 1:colcon.colcon_core.environment:create_environment_scripts_only(solo_description)
[10.441s] Level 1:colcon.colcon_core.environment:checking '/home/user/ros2_ws/install/solo_description' for CMake module files
[10.442s] Level 1:colcon.colcon_core.environment:checking '/home/user/ros2_ws/install/solo_description' for CMake config files
[10.442s] Level 1:colcon.colcon_core.shell:create_environment_hook('solo_description', 'cmake_prefix_path')
[10.443s] INFO:colcon.colcon_core.shell:Creating environment hook '/home/user/ros2_ws/install/solo_description/share/solo_description/hook/cmake_prefix_path.ps1'
[10.443s] INFO:colcon.colcon_core.shell:Creating environment descriptor '/home/user/ros2_ws/install/solo_description/share/solo_description/hook/cmake_prefix_path.dsv'
[10.443s] INFO:colcon.colcon_core.shell:Creating environment hook '/home/user/ros2_ws/install/solo_description/share/solo_description/hook/cmake_prefix_path.sh'
[10.444s] Level 1:colcon.colcon_core.environment:checking '/home/user/ros2_ws/install/solo_description/bin'
[10.444s] Level 1:colcon.colcon_core.environment:checking '/home/user/ros2_ws/install/solo_description/lib/pkgconfig/solo_description.pc'
[10.444s] Level 1:colcon.colcon_core.environment:checking '/home/user/ros2_ws/install/solo_description/lib/python3.12/site-packages'
[10.444s] Level 1:colcon.colcon_core.environment:checking '/home/user/ros2_ws/install/solo_description/bin'
[10.445s] INFO:colcon.colcon_core.shell:Creating package script '/home/user/ros2_ws/install/solo_description/share/solo_description/package.ps1'
[10.445s] INFO:colcon.colcon_core.shell:Creating package descriptor '/home/user/ros2_ws/install/solo_description/share/solo_description/package.dsv'
[10.446s] INFO:colcon.colcon_core.shell:Creating package script '/home/user/ros2_ws/install/solo_description/share/solo_description/package.sh'
[10.446s] INFO:colcon.colcon_core.shell:Creating package script '/home/user/ros2_ws/install/solo_description/share/solo_description/package.bash'
[10.446s] INFO:colcon.colcon_core.shell:Creating package script '/home/user/ros2_ws/install/solo_description/share/solo_description/package.zsh'
[10.447s] Level 1:colcon.colcon_core.environment:create_file_with_runtime_dependencies(/home/user/ros2_ws/install/solo_description/share/colcon-core/packages/solo_description)
[11.155s] DEBUG:colcon.colcon_core.event_handler.log_command:Invoked command in '/home/user/ros2_ws/build/dynamixel_sdk_custom_interfaces' returned '0': _=/usr/bin/env /usr/bin/cmake --build /home/user/ros2_ws/build/dynamixel_sdk_custom_interfaces -- -j8 -l8
[11.157s] DEBUG:colcon.colcon_core.event_handler.log_command:Invoking command in '/home/user/ros2_ws/build/dynamixel_sdk_custom_interfaces': _=/usr/bin/env /usr/bin/cmake --install /home/user/ros2_ws/build/dynamixel_sdk_custom_interfaces
[11.257s] Level 1:colcon.colcon_core.environment:create_environment_scripts_only(dynamixel_sdk_custom_interfaces)
[11.257s] Level 1:colcon.colcon_core.environment:checking '/home/user/ros2_ws/install/dynamixel_sdk_custom_interfaces' for CMake module files
[11.258s] DEBUG:colcon.colcon_core.event_handler.log_command:Invoked command in '/home/user/ros2_ws/build/dynamixel_sdk_custom_interfaces' returned '0': _=/usr/bin/env /usr/bin/cmake --install /home/user/ros2_ws/build/dynamixel_sdk_custom_interfaces
[11.259s] Level 1:colcon.colcon_core.environment:checking '/home/user/ros2_ws/install/dynamixel_sdk_custom_interfaces' for CMake config files
[11.260s] Level 1:colcon.colcon_core.shell:create_environment_hook('dynamixel_sdk_custom_interfaces', 'cmake_prefix_path')
[11.260s] INFO:colcon.colcon_core.shell:Creating environment hook '/home/user/ros2_ws/install/dynamixel_sdk_custom_interfaces/share/dynamixel_sdk_custom_interfaces/hook/cmake_prefix_path.ps1'
[11.261s] INFO:colcon.colcon_core.shell:Creating environment descriptor '/home/user/ros2_ws/install/dynamixel_sdk_custom_interfaces/share/dynamixel_sdk_custom_interfaces/hook/cmake_prefix_path.dsv'
[11.262s] INFO:colcon.colcon_core.shell:Creating environment hook '/home/user/ros2_ws/install/dynamixel_sdk_custom_interfaces/share/dynamixel_sdk_custom_interfaces/hook/cmake_prefix_path.sh'
[11.262s] Level 1:colcon.colcon_core.environment:checking '/home/user/ros2_ws/install/dynamixel_sdk_custom_interfaces/lib'
[11.262s] Level 1:colcon.colcon_core.shell:create_environment_hook('dynamixel_sdk_custom_interfaces', 'ld_library_path_lib')
[11.263s] INFO:colcon.colcon_core.shell:Creating environment hook '/home/user/ros2_ws/install/dynamixel_sdk_custom_interfaces/share/dynamixel_sdk_custom_interfaces/hook/ld_library_path_lib.ps1'
[11.263s] INFO:colcon.colcon_core.shell:Creating environment descriptor '/home/user/ros2_ws/install/dynamixel_sdk_custom_interfaces/share/dynamixel_sdk_custom_interfaces/hook/ld_library_path_lib.dsv'
[11.264s] INFO:colcon.colcon_core.shell:Creating environment hook '/home/user/ros2_ws/install/dynamixel_sdk_custom_interfaces/share/dynamixel_sdk_custom_interfaces/hook/ld_library_path_lib.sh'
[11.264s] Level 1:colcon.colcon_core.environment:checking '/home/user/ros2_ws/install/dynamixel_sdk_custom_interfaces/bin'
[11.264s] Level 1:colcon.colcon_core.environment:checking '/home/user/ros2_ws/install/dynamixel_sdk_custom_interfaces/lib/pkgconfig/dynamixel_sdk_custom_interfaces.pc'
[11.265s] Level 1:colcon.colcon_core.environment:checking '/home/user/ros2_ws/install/dynamixel_sdk_custom_interfaces/lib/python3.12/site-packages'
[11.265s] Level 1:colcon.colcon_core.shell:create_environment_hook('dynamixel_sdk_custom_interfaces', 'pythonpath')
[11.265s] INFO:colcon.colcon_core.shell:Creating environment hook '/home/user/ros2_ws/install/dynamixel_sdk_custom_interfaces/share/dynamixel_sdk_custom_interfaces/hook/pythonpath.ps1'
[11.266s] INFO:colcon.colcon_core.shell:Creating environment descriptor '/home/user/ros2_ws/install/dynamixel_sdk_custom_interfaces/share/dynamixel_sdk_custom_interfaces/hook/pythonpath.dsv'
[11.266s] INFO:colcon.colcon_core.shell:Creating environment hook '/home/user/ros2_ws/install/dynamixel_sdk_custom_interfaces/share/dynamixel_sdk_custom_interfaces/hook/pythonpath.sh'
[11.267s] Level 1:colcon.colcon_core.environment:checking '/home/user/ros2_ws/install/dynamixel_sdk_custom_interfaces/bin'
[11.268s] INFO:colcon.colcon_core.shell:Creating package script '/home/user/ros2_ws/install/dynamixel_sdk_custom_interfaces/share/dynamixel_sdk_custom_interfaces/package.ps1'
[11.268s] INFO:colcon.colcon_core.shell:Creating package descriptor '/home/user/ros2_ws/install/dynamixel_sdk_custom_interfaces/share/dynamixel_sdk_custom_interfaces/package.dsv'
[11.269s] INFO:colcon.colcon_core.shell:Creating package script '/home/user/ros2_ws/install/dynamixel_sdk_custom_interfaces/share/dynamixel_sdk_custom_interfaces/package.sh'
[11.270s] INFO:colcon.colcon_core.shell:Creating package script '/home/user/ros2_ws/install/dynamixel_sdk_custom_interfaces/share/dynamixel_sdk_custom_interfaces/package.bash'
[11.270s] INFO:colcon.colcon_core.shell:Creating package script '/home/user/ros2_ws/install/dynamixel_sdk_custom_interfaces/share/dynamixel_sdk_custom_interfaces/package.zsh'
[11.271s] Level 1:colcon.colcon_core.environment:create_file_with_runtime_dependencies(/home/user/ros2_ws/install/dynamixel_sdk_custom_interfaces/share/colcon-core/packages/dynamixel_sdk_custom_interfaces)
[11.272s] Level 1:colcon.colcon_core.environment:create_environment_scripts_only(dynamixel_sdk_custom_interfaces)
[11.272s] Level 1:colcon.colcon_core.environment:checking '/home/user/ros2_ws/install/dynamixel_sdk_custom_interfaces' for CMake module files
[11.273s] Level 1:colcon.colcon_core.environment:checking '/home/user/ros2_ws/install/dynamixel_sdk_custom_interfaces' for CMake config files
[11.274s] Level 1:colcon.colcon_core.shell:create_environment_hook('dynamixel_sdk_custom_interfaces', 'cmake_prefix_path')
[11.275s] INFO:colcon.colcon_core.shell:Creating environment hook '/home/user/ros2_ws/install/dynamixel_sdk_custom_interfaces/share/dynamixel_sdk_custom_interfaces/hook/cmake_prefix_path.ps1'
[11.275s] INFO:colcon.colcon_core.shell:Creating environment descriptor '/home/user/ros2_ws/install/dynamixel_sdk_custom_interfaces/share/dynamixel_sdk_custom_interfaces/hook/cmake_prefix_path.dsv'
[11.276s] INFO:colcon.colcon_core.shell:Creating environment hook '/home/user/ros2_ws/install/dynamixel_sdk_custom_interfaces/share/dynamixel_sdk_custom_interfaces/hook/cmake_prefix_path.sh'
[11.277s] Level 1:colcon.colcon_core.environment:checking '/home/user/ros2_ws/install/dynamixel_sdk_custom_interfaces/lib'
[11.277s] Level 1:colcon.colcon_core.shell:create_environment_hook('dynamixel_sdk_custom_interfaces', 'ld_library_path_lib')
[11.277s] INFO:colcon.colcon_core.shell:Creating environment hook '/home/user/ros2_ws/install/dynamixel_sdk_custom_interfaces/share/dynamixel_sdk_custom_interfaces/hook/ld_library_path_lib.ps1'
[11.278s] INFO:colcon.colcon_core.shell:Creating environment descriptor '/home/user/ros2_ws/install/dynamixel_sdk_custom_interfaces/share/dynamixel_sdk_custom_interfaces/hook/ld_library_path_lib.dsv'
[11.278s] INFO:colcon.colcon_core.shell:Creating environment hook '/home/user/ros2_ws/install/dynamixel_sdk_custom_interfaces/share/dynamixel_sdk_custom_interfaces/hook/ld_library_path_lib.sh'
[11.279s] Level 1:colcon.colcon_core.environment:checking '/home/user/ros2_ws/install/dynamixel_sdk_custom_interfaces/bin'
[11.279s] Level 1:colcon.colcon_core.environment:checking '/home/user/ros2_ws/install/dynamixel_sdk_custom_interfaces/lib/pkgconfig/dynamixel_sdk_custom_interfaces.pc'
[11.279s] Level 1:colcon.colcon_core.environment:checking '/home/user/ros2_ws/install/dynamixel_sdk_custom_interfaces/lib/python3.12/site-packages'
[11.280s] Level 1:colcon.colcon_core.shell:create_environment_hook('dynamixel_sdk_custom_interfaces', 'pythonpath')
[11.280s] INFO:colcon.colcon_core.shell:Creating environment hook '/home/user/ros2_ws/install/dynamixel_sdk_custom_interfaces/share/dynamixel_sdk_custom_interfaces/hook/pythonpath.ps1'
[11.280s] INFO:colcon.colcon_core.shell:Creating environment descriptor '/home/user/ros2_ws/install/dynamixel_sdk_custom_interfaces/share/dynamixel_sdk_custom_interfaces/hook/pythonpath.dsv'
[11.281s] INFO:colcon.colcon_core.shell:Creating environment hook '/home/user/ros2_ws/install/dynamixel_sdk_custom_interfaces/share/dynamixel_sdk_custom_interfaces/hook/pythonpath.sh'
[11.282s] Level 1:colcon.colcon_core.environment:checking '/home/user/ros2_ws/install/dynamixel_sdk_custom_interfaces/bin'
[11.282s] INFO:colcon.colcon_core.shell:Creating package script '/home/user/ros2_ws/install/dynamixel_sdk_custom_interfaces/share/dynamixel_sdk_custom_interfaces/package.ps1'
[11.283s] INFO:colcon.colcon_core.shell:Creating package descriptor '/home/user/ros2_ws/install/dynamixel_sdk_custom_interfaces/share/dynamixel_sdk_custom_interfaces/package.dsv'
[11.284s] INFO:colcon.colcon_core.shell:Creating package script '/home/user/ros2_ws/install/dynamixel_sdk_custom_interfaces/share/dynamixel_sdk_custom_interfaces/package.sh'
[11.285s] INFO:colcon.colcon_core.shell:Creating package script '/home/user/ros2_ws/install/dynamixel_sdk_custom_interfaces/share/dynamixel_sdk_custom_interfaces/package.bash'
[11.285s] INFO:colcon.colcon_core.shell:Creating package script '/home/user/ros2_ws/install/dynamixel_sdk_custom_interfaces/share/dynamixel_sdk_custom_interfaces/package.zsh'
[11.286s] Level 1:colcon.colcon_core.environment:create_file_with_runtime_dependencies(/home/user/ros2_ws/install/dynamixel_sdk_custom_interfaces/share/colcon-core/packages/dynamixel_sdk_custom_interfaces)
[11.287s] INFO:colcon.colcon_ros.task.ament_cmake.build:Building ROS package in '/home/user/ros2_ws/src/DynamixelSDK/dynamixel_sdk_examples' with build type 'ament_cmake'
[11.287s] INFO:colcon.colcon_cmake.task.cmake.build:Building CMake package in '/home/user/ros2_ws/src/DynamixelSDK/dynamixel_sdk_examples'
[11.288s] INFO:colcon.colcon_core.shell:Skip shell extension 'powershell' for command environment: Not usable outside of PowerShell
[11.288s] DEBUG:colcon.colcon_core.shell:Skip shell extension 'dsv' for command environment
[11.311s] DEBUG:colcon.colcon_core.event_handler.log_command:Invoking command in '/home/user/ros2_ws/build/dynamixel_sdk_examples': AMENT_PREFIX_PATH=/home/user/ros2_ws/install/dynamixel_sdk_custom_interfaces:/home/user/ros2_ws/install/dynamixel_sdk:${AMENT_PREFIX_PATH} CMAKE_PREFIX_PATH=/home/user/ros2_ws/install/dynamixel_sdk_custom_interfaces:/home/user/ros2_ws/install/dynamixel_sdk:${CMAKE_PREFIX_PATH} LD_LIBRARY_PATH=/home/user/ros2_ws/install/dynamixel_sdk_custom_interfaces/lib:/home/user/ros2_ws/install/dynamixel_sdk/lib:/home/simulations/ros2_sims_ws/install/rmw_cyclonedds_cpp/lib:/home/simulations/ros2_sims_ws/install/cyclonedds/lib:/home/user/catkin_ws/devel/lib:/home/simulations/public_sim_ws/devel/lib:/opt/ros/jazzy/lib:/opt/ros/jazzy/lib/x86_64-linux-gnu:/usr/local/cuda-10.2/lib64:/home/user/.catkin_ws_python3/src/TensorRT-7.0.0.11/lib:/home/user/catkin_ws/devel/lib:/home/simulations/public_sim_ws/devel/lib:/opt/ros/jazzy/lib:/opt/ros/jazzy/lib/x86_64-linux-gnu:/opt/ros/jazzy/opt/gz_sim_vendor/lib:/opt/ros/jazzy/opt/gz_sensors_vendor/lib:/opt/ros/jazzy/opt/gz_physics_vendor/lib:/opt/ros/jazzy/opt/sdformat_vendor/lib:/opt/ros/jazzy/opt/rviz_ogre_vendor/lib:/opt/ros/jazzy/lib/x86_64-linux-gnu:/opt/ros/jazzy/opt/gz_gui_vendor/lib:/opt/ros/jazzy/opt/gz_transport_vendor/lib:/opt/ros/jazzy/opt/gz_rendering_vendor/lib:/opt/ros/jazzy/opt/gz_plugin_vendor/lib:/opt/ros/jazzy/opt/gz_fuel_tools_vendor/lib:/opt/ros/jazzy/opt/gz_msgs_vendor/lib:/opt/ros/jazzy/opt/gz_common_vendor/lib:/opt/ros/jazzy/opt/gz_math_vendor/lib:/opt/ros/jazzy/opt/gz_utils_vendor/lib:/opt/ros/jazzy/opt/gz_tools_vendor/lib:/opt/ros/jazzy/opt/gz_ogre_next_vendor/lib:/opt/ros/jazzy/opt/gz_dartsim_vendor/lib:/opt/ros/jazzy/opt/gz_cmake_vendor/lib:/opt/ros/jazzy/lib:/usr/local/cuda-10.2/lib64:/home/user/.catkin_ws_python3/src/TensorRT-7.0.0.11/lib PYTHONPATH=/home/user/ros2_ws/install/dynamixel_sdk_custom_interfaces/lib/python3.12/site-packages:${PYTHONPATH} _=/usr/bin/env /usr/bin/cmake /home/user/ros2_ws/src/DynamixelSDK/dynamixel_sdk_examples -DCMAKE_INSTALL_PREFIX=/home/user/ros2_ws/install/dynamixel_sdk_examples
[11.700s] DEBUG:colcon.colcon_core.event_handler.log_command:Invoked command in '/home/user/ros2_ws/build/dynamixel_hardware_interface' returned '0': AMENT_PREFIX_PATH=/home/user/ros2_ws/install/dynamixel_workbench_toolbox:/home/user/ros2_ws/install/dynamixel_sdk:${AMENT_PREFIX_PATH} CMAKE_PREFIX_PATH=/home/user/ros2_ws/install/dynamixel_workbench_toolbox:/home/user/ros2_ws/install/dynamixel_sdk:${CMAKE_PREFIX_PATH} LD_LIBRARY_PATH=/home/user/ros2_ws/install/dynamixel_workbench_toolbox/lib:/home/user/ros2_ws/install/dynamixel_sdk/lib:/home/simulations/ros2_sims_ws/install/rmw_cyclonedds_cpp/lib:/home/simulations/ros2_sims_ws/install/cyclonedds/lib:/home/user/catkin_ws/devel/lib:/home/simulations/public_sim_ws/devel/lib:/opt/ros/jazzy/lib:/opt/ros/jazzy/lib/x86_64-linux-gnu:/usr/local/cuda-10.2/lib64:/home/user/.catkin_ws_python3/src/TensorRT-7.0.0.11/lib:/home/user/catkin_ws/devel/lib:/home/simulations/public_sim_ws/devel/lib:/opt/ros/jazzy/lib:/opt/ros/jazzy/lib/x86_64-linux-gnu:/opt/ros/jazzy/opt/gz_sim_vendor/lib:/opt/ros/jazzy/opt/gz_sensors_vendor/lib:/opt/ros/jazzy/opt/gz_physics_vendor/lib:/opt/ros/jazzy/opt/sdformat_vendor/lib:/opt/ros/jazzy/opt/rviz_ogre_vendor/lib:/opt/ros/jazzy/lib/x86_64-linux-gnu:/opt/ros/jazzy/opt/gz_gui_vendor/lib:/opt/ros/jazzy/opt/gz_transport_vendor/lib:/opt/ros/jazzy/opt/gz_rendering_vendor/lib:/opt/ros/jazzy/opt/gz_plugin_vendor/lib:/opt/ros/jazzy/opt/gz_fuel_tools_vendor/lib:/opt/ros/jazzy/opt/gz_msgs_vendor/lib:/opt/ros/jazzy/opt/gz_common_vendor/lib:/opt/ros/jazzy/opt/gz_math_vendor/lib:/opt/ros/jazzy/opt/gz_utils_vendor/lib:/opt/ros/jazzy/opt/gz_tools_vendor/lib:/opt/ros/jazzy/opt/gz_ogre_next_vendor/lib:/opt/ros/jazzy/opt/gz_dartsim_vendor/lib:/opt/ros/jazzy/opt/gz_cmake_vendor/lib:/opt/ros/jazzy/lib:/usr/local/cuda-10.2/lib64:/home/user/.catkin_ws_python3/src/TensorRT-7.0.0.11/lib _=/usr/bin/env /usr/bin/cmake /home/user/ros2_ws/src/dynamixel_hardware_interface -DCMAKE_INSTALL_PREFIX=/home/user/ros2_ws/install/dynamixel_hardware_interface
[11.702s] DEBUG:colcon.colcon_core.event_handler.log_command:Invoking command in '/home/user/ros2_ws/build/dynamixel_hardware_interface': AMENT_PREFIX_PATH=/home/user/ros2_ws/install/dynamixel_workbench_toolbox:/home/user/ros2_ws/install/dynamixel_sdk:${AMENT_PREFIX_PATH} CMAKE_PREFIX_PATH=/home/user/ros2_ws/install/dynamixel_workbench_toolbox:/home/user/ros2_ws/install/dynamixel_sdk:${CMAKE_PREFIX_PATH} LD_LIBRARY_PATH=/home/user/ros2_ws/install/dynamixel_workbench_toolbox/lib:/home/user/ros2_ws/install/dynamixel_sdk/lib:/home/simulations/ros2_sims_ws/install/rmw_cyclonedds_cpp/lib:/home/simulations/ros2_sims_ws/install/cyclonedds/lib:/home/user/catkin_ws/devel/lib:/home/simulations/public_sim_ws/devel/lib:/opt/ros/jazzy/lib:/opt/ros/jazzy/lib/x86_64-linux-gnu:/usr/local/cuda-10.2/lib64:/home/user/.catkin_ws_python3/src/TensorRT-7.0.0.11/lib:/home/user/catkin_ws/devel/lib:/home/simulations/public_sim_ws/devel/lib:/opt/ros/jazzy/lib:/opt/ros/jazzy/lib/x86_64-linux-gnu:/opt/ros/jazzy/opt/gz_sim_vendor/lib:/opt/ros/jazzy/opt/gz_sensors_vendor/lib:/opt/ros/jazzy/opt/gz_physics_vendor/lib:/opt/ros/jazzy/opt/sdformat_vendor/lib:/opt/ros/jazzy/opt/rviz_ogre_vendor/lib:/opt/ros/jazzy/lib/x86_64-linux-gnu:/opt/ros/jazzy/opt/gz_gui_vendor/lib:/opt/ros/jazzy/opt/gz_transport_vendor/lib:/opt/ros/jazzy/opt/gz_rendering_vendor/lib:/opt/ros/jazzy/opt/gz_plugin_vendor/lib:/opt/ros/jazzy/opt/gz_fuel_tools_vendor/lib:/opt/ros/jazzy/opt/gz_msgs_vendor/lib:/opt/ros/jazzy/opt/gz_common_vendor/lib:/opt/ros/jazzy/opt/gz_math_vendor/lib:/opt/ros/jazzy/opt/gz_utils_vendor/lib:/opt/ros/jazzy/opt/gz_tools_vendor/lib:/opt/ros/jazzy/opt/gz_ogre_next_vendor/lib:/opt/ros/jazzy/opt/gz_dartsim_vendor/lib:/opt/ros/jazzy/opt/gz_cmake_vendor/lib:/opt/ros/jazzy/lib:/usr/local/cuda-10.2/lib64:/home/user/.catkin_ws_python3/src/TensorRT-7.0.0.11/lib _=/usr/bin/env /usr/bin/cmake --build /home/user/ros2_ws/build/dynamixel_hardware_interface -- -j8 -l8
[13.008s] DEBUG:colcon.colcon_core.event_handler.log_command:Invoked command in '/home/user/ros2_ws/build/dynamixel_sdk_examples' returned '0': AMENT_PREFIX_PATH=/home/user/ros2_ws/install/dynamixel_sdk_custom_interfaces:/home/user/ros2_ws/install/dynamixel_sdk:${AMENT_PREFIX_PATH} CMAKE_PREFIX_PATH=/home/user/ros2_ws/install/dynamixel_sdk_custom_interfaces:/home/user/ros2_ws/install/dynamixel_sdk:${CMAKE_PREFIX_PATH} LD_LIBRARY_PATH=/home/user/ros2_ws/install/dynamixel_sdk_custom_interfaces/lib:/home/user/ros2_ws/install/dynamixel_sdk/lib:/home/simulations/ros2_sims_ws/install/rmw_cyclonedds_cpp/lib:/home/simulations/ros2_sims_ws/install/cyclonedds/lib:/home/user/catkin_ws/devel/lib:/home/simulations/public_sim_ws/devel/lib:/opt/ros/jazzy/lib:/opt/ros/jazzy/lib/x86_64-linux-gnu:/usr/local/cuda-10.2/lib64:/home/user/.catkin_ws_python3/src/TensorRT-7.0.0.11/lib:/home/user/catkin_ws/devel/lib:/home/simulations/public_sim_ws/devel/lib:/opt/ros/jazzy/lib:/opt/ros/jazzy/lib/x86_64-linux-gnu:/opt/ros/jazzy/opt/gz_sim_vendor/lib:/opt/ros/jazzy/opt/gz_sensors_vendor/lib:/opt/ros/jazzy/opt/gz_physics_vendor/lib:/opt/ros/jazzy/opt/sdformat_vendor/lib:/opt/ros/jazzy/opt/rviz_ogre_vendor/lib:/opt/ros/jazzy/lib/x86_64-linux-gnu:/opt/ros/jazzy/opt/gz_gui_vendor/lib:/opt/ros/jazzy/opt/gz_transport_vendor/lib:/opt/ros/jazzy/opt/gz_rendering_vendor/lib:/opt/ros/jazzy/opt/gz_plugin_vendor/lib:/opt/ros/jazzy/opt/gz_fuel_tools_vendor/lib:/opt/ros/jazzy/opt/gz_msgs_vendor/lib:/opt/ros/jazzy/opt/gz_common_vendor/lib:/opt/ros/jazzy/opt/gz_math_vendor/lib:/opt/ros/jazzy/opt/gz_utils_vendor/lib:/opt/ros/jazzy/opt/gz_tools_vendor/lib:/opt/ros/jazzy/opt/gz_ogre_next_vendor/lib:/opt/ros/jazzy/opt/gz_dartsim_vendor/lib:/opt/ros/jazzy/opt/gz_cmake_vendor/lib:/opt/ros/jazzy/lib:/usr/local/cuda-10.2/lib64:/home/user/.catkin_ws_python3/src/TensorRT-7.0.0.11/lib PYTHONPATH=/home/user/ros2_ws/install/dynamixel_sdk_custom_interfaces/lib/python3.12/site-packages:${PYTHONPATH} _=/usr/bin/env /usr/bin/cmake /home/user/ros2_ws/src/DynamixelSDK/dynamixel_sdk_examples -DCMAKE_INSTALL_PREFIX=/home/user/ros2_ws/install/dynamixel_sdk_examples
[13.009s] DEBUG:colcon.colcon_core.event_handler.log_command:Invoking command in '/home/user/ros2_ws/build/dynamixel_sdk_examples': AMENT_PREFIX_PATH=/home/user/ros2_ws/install/dynamixel_sdk_custom_interfaces:/home/user/ros2_ws/install/dynamixel_sdk:${AMENT_PREFIX_PATH} CMAKE_PREFIX_PATH=/home/user/ros2_ws/install/dynamixel_sdk_custom_interfaces:/home/user/ros2_ws/install/dynamixel_sdk:${CMAKE_PREFIX_PATH} LD_LIBRARY_PATH=/home/user/ros2_ws/install/dynamixel_sdk_custom_interfaces/lib:/home/user/ros2_ws/install/dynamixel_sdk/lib:/home/simulations/ros2_sims_ws/install/rmw_cyclonedds_cpp/lib:/home/simulations/ros2_sims_ws/install/cyclonedds/lib:/home/user/catkin_ws/devel/lib:/home/simulations/public_sim_ws/devel/lib:/opt/ros/jazzy/lib:/opt/ros/jazzy/lib/x86_64-linux-gnu:/usr/local/cuda-10.2/lib64:/home/user/.catkin_ws_python3/src/TensorRT-7.0.0.11/lib:/home/user/catkin_ws/devel/lib:/home/simulations/public_sim_ws/devel/lib:/opt/ros/jazzy/lib:/opt/ros/jazzy/lib/x86_64-linux-gnu:/opt/ros/jazzy/opt/gz_sim_vendor/lib:/opt/ros/jazzy/opt/gz_sensors_vendor/lib:/opt/ros/jazzy/opt/gz_physics_vendor/lib:/opt/ros/jazzy/opt/sdformat_vendor/lib:/opt/ros/jazzy/opt/rviz_ogre_vendor/lib:/opt/ros/jazzy/lib/x86_64-linux-gnu:/opt/ros/jazzy/opt/gz_gui_vendor/lib:/opt/ros/jazzy/opt/gz_transport_vendor/lib:/opt/ros/jazzy/opt/gz_rendering_vendor/lib:/opt/ros/jazzy/opt/gz_plugin_vendor/lib:/opt/ros/jazzy/opt/gz_fuel_tools_vendor/lib:/opt/ros/jazzy/opt/gz_msgs_vendor/lib:/opt/ros/jazzy/opt/gz_common_vendor/lib:/opt/ros/jazzy/opt/gz_math_vendor/lib:/opt/ros/jazzy/opt/gz_utils_vendor/lib:/opt/ros/jazzy/opt/gz_tools_vendor/lib:/opt/ros/jazzy/opt/gz_ogre_next_vendor/lib:/opt/ros/jazzy/opt/gz_dartsim_vendor/lib:/opt/ros/jazzy/opt/gz_cmake_vendor/lib:/opt/ros/jazzy/lib:/usr/local/cuda-10.2/lib64:/home/user/.catkin_ws_python3/src/TensorRT-7.0.0.11/lib PYTHONPATH=/home/user/ros2_ws/install/dynamixel_sdk_custom_interfaces/lib/python3.12/site-packages:${PYTHONPATH} _=/usr/bin/env /usr/bin/cmake --build /home/user/ros2_ws/build/dynamixel_sdk_examples -- -j8 -l8
[14.023s] DEBUG:colcon.colcon_core.event_handler.log_command:Invoked command in '/home/user/ros2_ws/build/my_robot_hardware_interface' returned '0': _=/usr/bin/env /usr/bin/cmake --build /home/user/ros2_ws/build/my_robot_hardware_interface -- -j8 -l8
[14.025s] DEBUG:colcon.colcon_core.event_handler.log_command:Invoking command in '/home/user/ros2_ws/build/my_robot_hardware_interface': _=/usr/bin/env /usr/bin/cmake --install /home/user/ros2_ws/build/my_robot_hardware_interface
[14.043s] Level 1:colcon.colcon_core.environment:create_environment_scripts_only(my_robot_hardware_interface)
[14.044s] Level 1:colcon.colcon_core.environment:checking '/home/user/ros2_ws/install/my_robot_hardware_interface' for CMake module files
[14.044s] DEBUG:colcon.colcon_core.event_handler.log_command:Invoked command in '/home/user/ros2_ws/build/my_robot_hardware_interface' returned '0': _=/usr/bin/env /usr/bin/cmake --install /home/user/ros2_ws/build/my_robot_hardware_interface
[14.045s] Level 1:colcon.colcon_core.environment:checking '/home/user/ros2_ws/install/my_robot_hardware_interface' for CMake config files
[14.045s] Level 1:colcon.colcon_core.shell:create_environment_hook('my_robot_hardware_interface', 'cmake_prefix_path')
[14.045s] INFO:colcon.colcon_core.shell:Creating environment hook '/home/user/ros2_ws/install/my_robot_hardware_interface/share/my_robot_hardware_interface/hook/cmake_prefix_path.ps1'
[14.046s] INFO:colcon.colcon_core.shell:Creating environment descriptor '/home/user/ros2_ws/install/my_robot_hardware_interface/share/my_robot_hardware_interface/hook/cmake_prefix_path.dsv'
[14.046s] INFO:colcon.colcon_core.shell:Creating environment hook '/home/user/ros2_ws/install/my_robot_hardware_interface/share/my_robot_hardware_interface/hook/cmake_prefix_path.sh'
[14.047s] Level 1:colcon.colcon_core.environment:checking '/home/user/ros2_ws/install/my_robot_hardware_interface/lib'
[14.047s] Level 1:colcon.colcon_core.shell:create_environment_hook('my_robot_hardware_interface', 'ld_library_path_lib')
[14.047s] INFO:colcon.colcon_core.shell:Creating environment hook '/home/user/ros2_ws/install/my_robot_hardware_interface/share/my_robot_hardware_interface/hook/ld_library_path_lib.ps1'
[14.047s] INFO:colcon.colcon_core.shell:Creating environment descriptor '/home/user/ros2_ws/install/my_robot_hardware_interface/share/my_robot_hardware_interface/hook/ld_library_path_lib.dsv'
[14.047s] INFO:colcon.colcon_core.shell:Creating environment hook '/home/user/ros2_ws/install/my_robot_hardware_interface/share/my_robot_hardware_interface/hook/ld_library_path_lib.sh'
[14.048s] Level 1:colcon.colcon_core.environment:checking '/home/user/ros2_ws/install/my_robot_hardware_interface/bin'
[14.048s] Level 1:colcon.colcon_core.environment:checking '/home/user/ros2_ws/install/my_robot_hardware_interface/lib/pkgconfig/my_robot_hardware_interface.pc'
[14.048s] Level 1:colcon.colcon_core.environment:checking '/home/user/ros2_ws/install/my_robot_hardware_interface/lib/python3.12/site-packages'
[14.048s] Level 1:colcon.colcon_core.environment:checking '/home/user/ros2_ws/install/my_robot_hardware_interface/bin'
[14.049s] INFO:colcon.colcon_core.shell:Creating package script '/home/user/ros2_ws/install/my_robot_hardware_interface/share/my_robot_hardware_interface/package.ps1'
[14.049s] INFO:colcon.colcon_core.shell:Creating package descriptor '/home/user/ros2_ws/install/my_robot_hardware_interface/share/my_robot_hardware_interface/package.dsv'
[14.050s] INFO:colcon.colcon_core.shell:Creating package script '/home/user/ros2_ws/install/my_robot_hardware_interface/share/my_robot_hardware_interface/package.sh'
[14.050s] INFO:colcon.colcon_core.shell:Creating package script '/home/user/ros2_ws/install/my_robot_hardware_interface/share/my_robot_hardware_interface/package.bash'
[14.050s] INFO:colcon.colcon_core.shell:Creating package script '/home/user/ros2_ws/install/my_robot_hardware_interface/share/my_robot_hardware_interface/package.zsh'
[14.051s] Level 1:colcon.colcon_core.environment:create_file_with_runtime_dependencies(/home/user/ros2_ws/install/my_robot_hardware_interface/share/colcon-core/packages/my_robot_hardware_interface)
[14.051s] Level 1:colcon.colcon_core.environment:create_environment_scripts_only(my_robot_hardware_interface)
[14.051s] Level 1:colcon.colcon_core.environment:checking '/home/user/ros2_ws/install/my_robot_hardware_interface' for CMake module files
[14.052s] Level 1:colcon.colcon_core.environment:checking '/home/user/ros2_ws/install/my_robot_hardware_interface' for CMake config files
[14.052s] Level 1:colcon.colcon_core.shell:create_environment_hook('my_robot_hardware_interface', 'cmake_prefix_path')
[14.052s] INFO:colcon.colcon_core.shell:Creating environment hook '/home/user/ros2_ws/install/my_robot_hardware_interface/share/my_robot_hardware_interface/hook/cmake_prefix_path.ps1'
[14.053s] INFO:colcon.colcon_core.shell:Creating environment descriptor '/home/user/ros2_ws/install/my_robot_hardware_interface/share/my_robot_hardware_interface/hook/cmake_prefix_path.dsv'
[14.053s] INFO:colcon.colcon_core.shell:Creating environment hook '/home/user/ros2_ws/install/my_robot_hardware_interface/share/my_robot_hardware_interface/hook/cmake_prefix_path.sh'
[14.054s] Level 1:colcon.colcon_core.environment:checking '/home/user/ros2_ws/install/my_robot_hardware_interface/lib'
[14.054s] Level 1:colcon.colcon_core.shell:create_environment_hook('my_robot_hardware_interface', 'ld_library_path_lib')
[14.054s] INFO:colcon.colcon_core.shell:Creating environment hook '/home/user/ros2_ws/install/my_robot_hardware_interface/share/my_robot_hardware_interface/hook/ld_library_path_lib.ps1'
[14.054s] INFO:colcon.colcon_core.shell:Creating environment descriptor '/home/user/ros2_ws/install/my_robot_hardware_interface/share/my_robot_hardware_interface/hook/ld_library_path_lib.dsv'
[14.055s] INFO:colcon.colcon_core.shell:Creating environment hook '/home/user/ros2_ws/install/my_robot_hardware_interface/share/my_robot_hardware_interface/hook/ld_library_path_lib.sh'
[14.055s] Level 1:colcon.colcon_core.environment:checking '/home/user/ros2_ws/install/my_robot_hardware_interface/bin'
[14.055s] Level 1:colcon.colcon_core.environment:checking '/home/user/ros2_ws/install/my_robot_hardware_interface/lib/pkgconfig/my_robot_hardware_interface.pc'
[14.056s] Level 1:colcon.colcon_core.environment:checking '/home/user/ros2_ws/install/my_robot_hardware_interface/lib/python3.12/site-packages'
[14.056s] Level 1:colcon.colcon_core.environment:checking '/home/user/ros2_ws/install/my_robot_hardware_interface/bin'
[14.056s] INFO:colcon.colcon_core.shell:Creating package script '/home/user/ros2_ws/install/my_robot_hardware_interface/share/my_robot_hardware_interface/package.ps1'
[14.057s] INFO:colcon.colcon_core.shell:Creating package descriptor '/home/user/ros2_ws/install/my_robot_hardware_interface/share/my_robot_hardware_interface/package.dsv'
[14.057s] INFO:colcon.colcon_core.shell:Creating package script '/home/user/ros2_ws/install/my_robot_hardware_interface/share/my_robot_hardware_interface/package.sh'
[14.058s] INFO:colcon.colcon_core.shell:Creating package script '/home/user/ros2_ws/install/my_robot_hardware_interface/share/my_robot_hardware_interface/package.bash'
[14.058s] INFO:colcon.colcon_core.shell:Creating package script '/home/user/ros2_ws/install/my_robot_hardware_interface/share/my_robot_hardware_interface/package.zsh'
[14.058s] Level 1:colcon.colcon_core.environment:create_file_with_runtime_dependencies(/home/user/ros2_ws/install/my_robot_hardware_interface/share/colcon-core/packages/my_robot_hardware_interface)
[18.131s] DEBUG:colcon.colcon_core.event_handler.log_command:Invoked command in '/home/user/ros2_ws/build/dynamixel_hardware_interface' returned '0': AMENT_PREFIX_PATH=/home/user/ros2_ws/install/dynamixel_workbench_toolbox:/home/user/ros2_ws/install/dynamixel_sdk:${AMENT_PREFIX_PATH} CMAKE_PREFIX_PATH=/home/user/ros2_ws/install/dynamixel_workbench_toolbox:/home/user/ros2_ws/install/dynamixel_sdk:${CMAKE_PREFIX_PATH} LD_LIBRARY_PATH=/home/user/ros2_ws/install/dynamixel_workbench_toolbox/lib:/home/user/ros2_ws/install/dynamixel_sdk/lib:/home/simulations/ros2_sims_ws/install/rmw_cyclonedds_cpp/lib:/home/simulations/ros2_sims_ws/install/cyclonedds/lib:/home/user/catkin_ws/devel/lib:/home/simulations/public_sim_ws/devel/lib:/opt/ros/jazzy/lib:/opt/ros/jazzy/lib/x86_64-linux-gnu:/usr/local/cuda-10.2/lib64:/home/user/.catkin_ws_python3/src/TensorRT-7.0.0.11/lib:/home/user/catkin_ws/devel/lib:/home/simulations/public_sim_ws/devel/lib:/opt/ros/jazzy/lib:/opt/ros/jazzy/lib/x86_64-linux-gnu:/opt/ros/jazzy/opt/gz_sim_vendor/lib:/opt/ros/jazzy/opt/gz_sensors_vendor/lib:/opt/ros/jazzy/opt/gz_physics_vendor/lib:/opt/ros/jazzy/opt/sdformat_vendor/lib:/opt/ros/jazzy/opt/rviz_ogre_vendor/lib:/opt/ros/jazzy/lib/x86_64-linux-gnu:/opt/ros/jazzy/opt/gz_gui_vendor/lib:/opt/ros/jazzy/opt/gz_transport_vendor/lib:/opt/ros/jazzy/opt/gz_rendering_vendor/lib:/opt/ros/jazzy/opt/gz_plugin_vendor/lib:/opt/ros/jazzy/opt/gz_fuel_tools_vendor/lib:/opt/ros/jazzy/opt/gz_msgs_vendor/lib:/opt/ros/jazzy/opt/gz_common_vendor/lib:/opt/ros/jazzy/opt/gz_math_vendor/lib:/opt/ros/jazzy/opt/gz_utils_vendor/lib:/opt/ros/jazzy/opt/gz_tools_vendor/lib:/opt/ros/jazzy/opt/gz_ogre_next_vendor/lib:/opt/ros/jazzy/opt/gz_dartsim_vendor/lib:/opt/ros/jazzy/opt/gz_cmake_vendor/lib:/opt/ros/jazzy/lib:/usr/local/cuda-10.2/lib64:/home/user/.catkin_ws_python3/src/TensorRT-7.0.0.11/lib _=/usr/bin/env /usr/bin/cmake --build /home/user/ros2_ws/build/dynamixel_hardware_interface -- -j8 -l8
[18.132s] DEBUG:colcon.colcon_core.event_handler.log_command:Invoking command in '/home/user/ros2_ws/build/dynamixel_hardware_interface': AMENT_PREFIX_PATH=/home/user/ros2_ws/install/dynamixel_workbench_toolbox:/home/user/ros2_ws/install/dynamixel_sdk:${AMENT_PREFIX_PATH} CMAKE_PREFIX_PATH=/home/user/ros2_ws/install/dynamixel_workbench_toolbox:/home/user/ros2_ws/install/dynamixel_sdk:${CMAKE_PREFIX_PATH} LD_LIBRARY_PATH=/home/user/ros2_ws/install/dynamixel_workbench_toolbox/lib:/home/user/ros2_ws/install/dynamixel_sdk/lib:/home/simulations/ros2_sims_ws/install/rmw_cyclonedds_cpp/lib:/home/simulations/ros2_sims_ws/install/cyclonedds/lib:/home/user/catkin_ws/devel/lib:/home/simulations/public_sim_ws/devel/lib:/opt/ros/jazzy/lib:/opt/ros/jazzy/lib/x86_64-linux-gnu:/usr/local/cuda-10.2/lib64:/home/user/.catkin_ws_python3/src/TensorRT-7.0.0.11/lib:/home/user/catkin_ws/devel/lib:/home/simulations/public_sim_ws/devel/lib:/opt/ros/jazzy/lib:/opt/ros/jazzy/lib/x86_64-linux-gnu:/opt/ros/jazzy/opt/gz_sim_vendor/lib:/opt/ros/jazzy/opt/gz_sensors_vendor/lib:/opt/ros/jazzy/opt/gz_physics_vendor/lib:/opt/ros/jazzy/opt/sdformat_vendor/lib:/opt/ros/jazzy/opt/rviz_ogre_vendor/lib:/opt/ros/jazzy/lib/x86_64-linux-gnu:/opt/ros/jazzy/opt/gz_gui_vendor/lib:/opt/ros/jazzy/opt/gz_transport_vendor/lib:/opt/ros/jazzy/opt/gz_rendering_vendor/lib:/opt/ros/jazzy/opt/gz_plugin_vendor/lib:/opt/ros/jazzy/opt/gz_fuel_tools_vendor/lib:/opt/ros/jazzy/opt/gz_msgs_vendor/lib:/opt/ros/jazzy/opt/gz_common_vendor/lib:/opt/ros/jazzy/opt/gz_math_vendor/lib:/opt/ros/jazzy/opt/gz_utils_vendor/lib:/opt/ros/jazzy/opt/gz_tools_vendor/lib:/opt/ros/jazzy/opt/gz_ogre_next_vendor/lib:/opt/ros/jazzy/opt/gz_dartsim_vendor/lib:/opt/ros/jazzy/opt/gz_cmake_vendor/lib:/opt/ros/jazzy/lib:/usr/local/cuda-10.2/lib64:/home/user/.catkin_ws_python3/src/TensorRT-7.0.0.11/lib _=/usr/bin/env /usr/bin/cmake --install /home/user/ros2_ws/build/dynamixel_hardware_interface
[18.149s] Level 1:colcon.colcon_core.environment:create_environment_scripts_only(dynamixel_hardware_interface)
[18.149s] Level 1:colcon.colcon_core.environment:checking '/home/user/ros2_ws/install/dynamixel_hardware_interface' for CMake module files
[18.150s] DEBUG:colcon.colcon_core.event_handler.log_command:Invoked command in '/home/user/ros2_ws/build/dynamixel_hardware_interface' returned '0': AMENT_PREFIX_PATH=/home/user/ros2_ws/install/dynamixel_workbench_toolbox:/home/user/ros2_ws/install/dynamixel_sdk:${AMENT_PREFIX_PATH} CMAKE_PREFIX_PATH=/home/user/ros2_ws/install/dynamixel_workbench_toolbox:/home/user/ros2_ws/install/dynamixel_sdk:${CMAKE_PREFIX_PATH} LD_LIBRARY_PATH=/home/user/ros2_ws/install/dynamixel_workbench_toolbox/lib:/home/user/ros2_ws/install/dynamixel_sdk/lib:/home/simulations/ros2_sims_ws/install/rmw_cyclonedds_cpp/lib:/home/simulations/ros2_sims_ws/install/cyclonedds/lib:/home/user/catkin_ws/devel/lib:/home/simulations/public_sim_ws/devel/lib:/opt/ros/jazzy/lib:/opt/ros/jazzy/lib/x86_64-linux-gnu:/usr/local/cuda-10.2/lib64:/home/user/.catkin_ws_python3/src/TensorRT-7.0.0.11/lib:/home/user/catkin_ws/devel/lib:/home/simulations/public_sim_ws/devel/lib:/opt/ros/jazzy/lib:/opt/ros/jazzy/lib/x86_64-linux-gnu:/opt/ros/jazzy/opt/gz_sim_vendor/lib:/opt/ros/jazzy/opt/gz_sensors_vendor/lib:/opt/ros/jazzy/opt/gz_physics_vendor/lib:/opt/ros/jazzy/opt/sdformat_vendor/lib:/opt/ros/jazzy/opt/rviz_ogre_vendor/lib:/opt/ros/jazzy/lib/x86_64-linux-gnu:/opt/ros/jazzy/opt/gz_gui_vendor/lib:/opt/ros/jazzy/opt/gz_transport_vendor/lib:/opt/ros/jazzy/opt/gz_rendering_vendor/lib:/opt/ros/jazzy/opt/gz_plugin_vendor/lib:/opt/ros/jazzy/opt/gz_fuel_tools_vendor/lib:/opt/ros/jazzy/opt/gz_msgs_vendor/lib:/opt/ros/jazzy/opt/gz_common_vendor/lib:/opt/ros/jazzy/opt/gz_math_vendor/lib:/opt/ros/jazzy/opt/gz_utils_vendor/lib:/opt/ros/jazzy/opt/gz_tools_vendor/lib:/opt/ros/jazzy/opt/gz_ogre_next_vendor/lib:/opt/ros/jazzy/opt/gz_dartsim_vendor/lib:/opt/ros/jazzy/opt/gz_cmake_vendor/lib:/opt/ros/jazzy/lib:/usr/local/cuda-10.2/lib64:/home/user/.catkin_ws_python3/src/TensorRT-7.0.0.11/lib _=/usr/bin/env /usr/bin/cmake --install /home/user/ros2_ws/build/dynamixel_hardware_interface
[18.150s] Level 1:colcon.colcon_core.environment:checking '/home/user/ros2_ws/install/dynamixel_hardware_interface' for CMake config files
[18.150s] Level 1:colcon.colcon_core.shell:create_environment_hook('dynamixel_hardware_interface', 'cmake_prefix_path')
[18.150s] INFO:colcon.colcon_core.shell:Creating environment hook '/home/user/ros2_ws/install/dynamixel_hardware_interface/share/dynamixel_hardware_interface/hook/cmake_prefix_path.ps1'
[18.151s] INFO:colcon.colcon_core.shell:Creating environment descriptor '/home/user/ros2_ws/install/dynamixel_hardware_interface/share/dynamixel_hardware_interface/hook/cmake_prefix_path.dsv'
[18.151s] INFO:colcon.colcon_core.shell:Creating environment hook '/home/user/ros2_ws/install/dynamixel_hardware_interface/share/dynamixel_hardware_interface/hook/cmake_prefix_path.sh'
[18.152s] Level 1:colcon.colcon_core.environment:checking '/home/user/ros2_ws/install/dynamixel_hardware_interface/lib'
[18.152s] Level 1:colcon.colcon_core.shell:create_environment_hook('dynamixel_hardware_interface', 'ld_library_path_lib')
[18.152s] INFO:colcon.colcon_core.shell:Creating environment hook '/home/user/ros2_ws/install/dynamixel_hardware_interface/share/dynamixel_hardware_interface/hook/ld_library_path_lib.ps1'
[18.152s] INFO:colcon.colcon_core.shell:Creating environment descriptor '/home/user/ros2_ws/install/dynamixel_hardware_interface/share/dynamixel_hardware_interface/hook/ld_library_path_lib.dsv'
[18.153s] INFO:colcon.colcon_core.shell:Creating environment hook '/home/user/ros2_ws/install/dynamixel_hardware_interface/share/dynamixel_hardware_interface/hook/ld_library_path_lib.sh'
[18.153s] Level 1:colcon.colcon_core.environment:checking '/home/user/ros2_ws/install/dynamixel_hardware_interface/bin'
[18.153s] Level 1:colcon.colcon_core.environment:checking '/home/user/ros2_ws/install/dynamixel_hardware_interface/lib/pkgconfig/dynamixel_hardware_interface.pc'
[18.153s] Level 1:colcon.colcon_core.environment:checking '/home/user/ros2_ws/install/dynamixel_hardware_interface/lib/python3.12/site-packages'
[18.153s] Level 1:colcon.colcon_core.environment:checking '/home/user/ros2_ws/install/dynamixel_hardware_interface/bin'
[18.154s] INFO:colcon.colcon_core.shell:Creating package script '/home/user/ros2_ws/install/dynamixel_hardware_interface/share/dynamixel_hardware_interface/package.ps1'
[18.154s] INFO:colcon.colcon_core.shell:Creating package descriptor '/home/user/ros2_ws/install/dynamixel_hardware_interface/share/dynamixel_hardware_interface/package.dsv'
[18.155s] INFO:colcon.colcon_core.shell:Creating package script '/home/user/ros2_ws/install/dynamixel_hardware_interface/share/dynamixel_hardware_interface/package.sh'
[18.155s] INFO:colcon.colcon_core.shell:Creating package script '/home/user/ros2_ws/install/dynamixel_hardware_interface/share/dynamixel_hardware_interface/package.bash'
[18.155s] INFO:colcon.colcon_core.shell:Creating package script '/home/user/ros2_ws/install/dynamixel_hardware_interface/share/dynamixel_hardware_interface/package.zsh'
[18.156s] Level 1:colcon.colcon_core.environment:create_file_with_runtime_dependencies(/home/user/ros2_ws/install/dynamixel_hardware_interface/share/colcon-core/packages/dynamixel_hardware_interface)
[18.156s] Level 1:colcon.colcon_core.environment:create_environment_scripts_only(dynamixel_hardware_interface)
[18.156s] Level 1:colcon.colcon_core.environment:checking '/home/user/ros2_ws/install/dynamixel_hardware_interface' for CMake module files
[18.157s] Level 1:colcon.colcon_core.environment:checking '/home/user/ros2_ws/install/dynamixel_hardware_interface' for CMake config files
[18.157s] Level 1:colcon.colcon_core.shell:create_environment_hook('dynamixel_hardware_interface', 'cmake_prefix_path')
[18.157s] INFO:colcon.colcon_core.shell:Creating environment hook '/home/user/ros2_ws/install/dynamixel_hardware_interface/share/dynamixel_hardware_interface/hook/cmake_prefix_path.ps1'
[18.157s] INFO:colcon.colcon_core.shell:Creating environment descriptor '/home/user/ros2_ws/install/dynamixel_hardware_interface/share/dynamixel_hardware_interface/hook/cmake_prefix_path.dsv'
[18.158s] INFO:colcon.colcon_core.shell:Creating environment hook '/home/user/ros2_ws/install/dynamixel_hardware_interface/share/dynamixel_hardware_interface/hook/cmake_prefix_path.sh'
[18.158s] Level 1:colcon.colcon_core.environment:checking '/home/user/ros2_ws/install/dynamixel_hardware_interface/lib'
[18.158s] Level 1:colcon.colcon_core.shell:create_environment_hook('dynamixel_hardware_interface', 'ld_library_path_lib')
[18.158s] INFO:colcon.colcon_core.shell:Creating environment hook '/home/user/ros2_ws/install/dynamixel_hardware_interface/share/dynamixel_hardware_interface/hook/ld_library_path_lib.ps1'
[18.159s] INFO:colcon.colcon_core.shell:Creating environment descriptor '/home/user/ros2_ws/install/dynamixel_hardware_interface/share/dynamixel_hardware_interface/hook/ld_library_path_lib.dsv'
[18.160s] INFO:colcon.colcon_core.shell:Creating environment hook '/home/user/ros2_ws/install/dynamixel_hardware_interface/share/dynamixel_hardware_interface/hook/ld_library_path_lib.sh'
[18.160s] Level 1:colcon.colcon_core.environment:checking '/home/user/ros2_ws/install/dynamixel_hardware_interface/bin'
[18.160s] Level 1:colcon.colcon_core.environment:checking '/home/user/ros2_ws/install/dynamixel_hardware_interface/lib/pkgconfig/dynamixel_hardware_interface.pc'
[18.160s] Level 1:colcon.colcon_core.environment:checking '/home/user/ros2_ws/install/dynamixel_hardware_interface/lib/python3.12/site-packages'
[18.160s] Level 1:colcon.colcon_core.environment:checking '/home/user/ros2_ws/install/dynamixel_hardware_interface/bin'
[18.161s] INFO:colcon.colcon_core.shell:Creating package script '/home/user/ros2_ws/install/dynamixel_hardware_interface/share/dynamixel_hardware_interface/package.ps1'
[18.161s] INFO:colcon.colcon_core.shell:Creating package descriptor '/home/user/ros2_ws/install/dynamixel_hardware_interface/share/dynamixel_hardware_interface/package.dsv'
[18.162s] INFO:colcon.colcon_core.shell:Creating package script '/home/user/ros2_ws/install/dynamixel_hardware_interface/share/dynamixel_hardware_interface/package.sh'
[18.162s] INFO:colcon.colcon_core.shell:Creating package script '/home/user/ros2_ws/install/dynamixel_hardware_interface/share/dynamixel_hardware_interface/package.bash'
[18.162s] INFO:colcon.colcon_core.shell:Creating package script '/home/user/ros2_ws/install/dynamixel_hardware_interface/share/dynamixel_hardware_interface/package.zsh'
[18.163s] Level 1:colcon.colcon_core.environment:create_file_with_runtime_dependencies(/home/user/ros2_ws/install/dynamixel_hardware_interface/share/colcon-core/packages/dynamixel_hardware_interface)
[18.533s] DEBUG:colcon.colcon_core.event_handler.log_command:Invoked command in '/home/user/ros2_ws/build/rrbot_controller' returned '0': _=/usr/bin/env /usr/bin/cmake --build /home/user/ros2_ws/build/rrbot_controller -- -j8 -l8
[18.535s] DEBUG:colcon.colcon_core.event_handler.log_command:Invoking command in '/home/user/ros2_ws/build/rrbot_controller': _=/usr/bin/env /usr/bin/cmake --install /home/user/ros2_ws/build/rrbot_controller
[18.554s] Level 1:colcon.colcon_core.environment:create_environment_scripts_only(rrbot_controller)
[18.555s] Level 1:colcon.colcon_core.environment:checking '/home/user/ros2_ws/install/rrbot_controller' for CMake module files
[18.555s] DEBUG:colcon.colcon_core.event_handler.log_command:Invoked command in '/home/user/ros2_ws/build/rrbot_controller' returned '0': _=/usr/bin/env /usr/bin/cmake --install /home/user/ros2_ws/build/rrbot_controller
[18.555s] Level 1:colcon.colcon_core.environment:checking '/home/user/ros2_ws/install/rrbot_controller' for CMake config files
[18.556s] Level 1:colcon.colcon_core.shell:create_environment_hook('rrbot_controller', 'cmake_prefix_path')
[18.556s] INFO:colcon.colcon_core.shell:Creating environment hook '/home/user/ros2_ws/install/rrbot_controller/share/rrbot_controller/hook/cmake_prefix_path.ps1'
[18.557s] INFO:colcon.colcon_core.shell:Creating environment descriptor '/home/user/ros2_ws/install/rrbot_controller/share/rrbot_controller/hook/cmake_prefix_path.dsv'
[18.557s] INFO:colcon.colcon_core.shell:Creating environment hook '/home/user/ros2_ws/install/rrbot_controller/share/rrbot_controller/hook/cmake_prefix_path.sh'
[18.558s] Level 1:colcon.colcon_core.environment:checking '/home/user/ros2_ws/install/rrbot_controller/lib'
[18.558s] Level 1:colcon.colcon_core.shell:create_environment_hook('rrbot_controller', 'ld_library_path_lib')
[18.558s] INFO:colcon.colcon_core.shell:Creating environment hook '/home/user/ros2_ws/install/rrbot_controller/share/rrbot_controller/hook/ld_library_path_lib.ps1'
[18.558s] INFO:colcon.colcon_core.shell:Creating environment descriptor '/home/user/ros2_ws/install/rrbot_controller/share/rrbot_controller/hook/ld_library_path_lib.dsv'
[18.559s] INFO:colcon.colcon_core.shell:Creating environment hook '/home/user/ros2_ws/install/rrbot_controller/share/rrbot_controller/hook/ld_library_path_lib.sh'
[18.559s] Level 1:colcon.colcon_core.environment:checking '/home/user/ros2_ws/install/rrbot_controller/bin'
[18.559s] Level 1:colcon.colcon_core.environment:checking '/home/user/ros2_ws/install/rrbot_controller/lib/pkgconfig/rrbot_controller.pc'
[18.559s] Level 1:colcon.colcon_core.environment:checking '/home/user/ros2_ws/install/rrbot_controller/lib/python3.12/site-packages'
[18.559s] Level 1:colcon.colcon_core.environment:checking '/home/user/ros2_ws/install/rrbot_controller/bin'
[18.560s] INFO:colcon.colcon_core.shell:Creating package script '/home/user/ros2_ws/install/rrbot_controller/share/rrbot_controller/package.ps1'
[18.560s] INFO:colcon.colcon_core.shell:Creating package descriptor '/home/user/ros2_ws/install/rrbot_controller/share/rrbot_controller/package.dsv'
[18.561s] INFO:colcon.colcon_core.shell:Creating package script '/home/user/ros2_ws/install/rrbot_controller/share/rrbot_controller/package.sh'
[18.561s] INFO:colcon.colcon_core.shell:Creating package script '/home/user/ros2_ws/install/rrbot_controller/share/rrbot_controller/package.bash'
[18.561s] INFO:colcon.colcon_core.shell:Creating package script '/home/user/ros2_ws/install/rrbot_controller/share/rrbot_controller/package.zsh'
[18.562s] Level 1:colcon.colcon_core.environment:create_file_with_runtime_dependencies(/home/user/ros2_ws/install/rrbot_controller/share/colcon-core/packages/rrbot_controller)
[18.562s] Level 1:colcon.colcon_core.environment:create_environment_scripts_only(rrbot_controller)
[18.562s] Level 1:colcon.colcon_core.environment:checking '/home/user/ros2_ws/install/rrbot_controller' for CMake module files
[18.563s] Level 1:colcon.colcon_core.environment:checking '/home/user/ros2_ws/install/rrbot_controller' for CMake config files
[18.563s] Level 1:colcon.colcon_core.shell:create_environment_hook('rrbot_controller', 'cmake_prefix_path')
[18.563s] INFO:colcon.colcon_core.shell:Creating environment hook '/home/user/ros2_ws/install/rrbot_controller/share/rrbot_controller/hook/cmake_prefix_path.ps1'
[18.563s] INFO:colcon.colcon_core.shell:Creating environment descriptor '/home/user/ros2_ws/install/rrbot_controller/share/rrbot_controller/hook/cmake_prefix_path.dsv'
[18.564s] INFO:colcon.colcon_core.shell:Creating environment hook '/home/user/ros2_ws/install/rrbot_controller/share/rrbot_controller/hook/cmake_prefix_path.sh'
[18.564s] Level 1:colcon.colcon_core.environment:checking '/home/user/ros2_ws/install/rrbot_controller/lib'
[18.564s] Level 1:colcon.colcon_core.shell:create_environment_hook('rrbot_controller', 'ld_library_path_lib')
[18.564s] INFO:colcon.colcon_core.shell:Creating environment hook '/home/user/ros2_ws/install/rrbot_controller/share/rrbot_controller/hook/ld_library_path_lib.ps1'
[18.565s] INFO:colcon.colcon_core.shell:Creating environment descriptor '/home/user/ros2_ws/install/rrbot_controller/share/rrbot_controller/hook/ld_library_path_lib.dsv'
[18.565s] INFO:colcon.colcon_core.shell:Creating environment hook '/home/user/ros2_ws/install/rrbot_controller/share/rrbot_controller/hook/ld_library_path_lib.sh'
[18.566s] Level 1:colcon.colcon_core.environment:checking '/home/user/ros2_ws/install/rrbot_controller/bin'
[18.566s] Level 1:colcon.colcon_core.environment:checking '/home/user/ros2_ws/install/rrbot_controller/lib/pkgconfig/rrbot_controller.pc'
[18.566s] Level 1:colcon.colcon_core.environment:checking '/home/user/ros2_ws/install/rrbot_controller/lib/python3.12/site-packages'
[18.566s] Level 1:colcon.colcon_core.environment:checking '/home/user/ros2_ws/install/rrbot_controller/bin'
[18.566s] INFO:colcon.colcon_core.shell:Creating package script '/home/user/ros2_ws/install/rrbot_controller/share/rrbot_controller/package.ps1'
[18.567s] INFO:colcon.colcon_core.shell:Creating package descriptor '/home/user/ros2_ws/install/rrbot_controller/share/rrbot_controller/package.dsv'
[18.567s] INFO:colcon.colcon_core.shell:Creating package script '/home/user/ros2_ws/install/rrbot_controller/share/rrbot_controller/package.sh'
[18.568s] INFO:colcon.colcon_core.shell:Creating package script '/home/user/ros2_ws/install/rrbot_controller/share/rrbot_controller/package.bash'
[18.568s] INFO:colcon.colcon_core.shell:Creating package script '/home/user/ros2_ws/install/rrbot_controller/share/rrbot_controller/package.zsh'
[18.568s] Level 1:colcon.colcon_core.environment:create_file_with_runtime_dependencies(/home/user/ros2_ws/install/rrbot_controller/share/colcon-core/packages/rrbot_controller)
[21.638s] DEBUG:colcon.colcon_core.event_handler.log_command:Invoked command in '/home/user/ros2_ws/build/dynamixel_sdk_examples' returned '0': AMENT_PREFIX_PATH=/home/user/ros2_ws/install/dynamixel_sdk_custom_interfaces:/home/user/ros2_ws/install/dynamixel_sdk:${AMENT_PREFIX_PATH} CMAKE_PREFIX_PATH=/home/user/ros2_ws/install/dynamixel_sdk_custom_interfaces:/home/user/ros2_ws/install/dynamixel_sdk:${CMAKE_PREFIX_PATH} LD_LIBRARY_PATH=/home/user/ros2_ws/install/dynamixel_sdk_custom_interfaces/lib:/home/user/ros2_ws/install/dynamixel_sdk/lib:/home/simulations/ros2_sims_ws/install/rmw_cyclonedds_cpp/lib:/home/simulations/ros2_sims_ws/install/cyclonedds/lib:/home/user/catkin_ws/devel/lib:/home/simulations/public_sim_ws/devel/lib:/opt/ros/jazzy/lib:/opt/ros/jazzy/lib/x86_64-linux-gnu:/usr/local/cuda-10.2/lib64:/home/user/.catkin_ws_python3/src/TensorRT-7.0.0.11/lib:/home/user/catkin_ws/devel/lib:/home/simulations/public_sim_ws/devel/lib:/opt/ros/jazzy/lib:/opt/ros/jazzy/lib/x86_64-linux-gnu:/opt/ros/jazzy/opt/gz_sim_vendor/lib:/opt/ros/jazzy/opt/gz_sensors_vendor/lib:/opt/ros/jazzy/opt/gz_physics_vendor/lib:/opt/ros/jazzy/opt/sdformat_vendor/lib:/opt/ros/jazzy/opt/rviz_ogre_vendor/lib:/opt/ros/jazzy/lib/x86_64-linux-gnu:/opt/ros/jazzy/opt/gz_gui_vendor/lib:/opt/ros/jazzy/opt/gz_transport_vendor/lib:/opt/ros/jazzy/opt/gz_rendering_vendor/lib:/opt/ros/jazzy/opt/gz_plugin_vendor/lib:/opt/ros/jazzy/opt/gz_fuel_tools_vendor/lib:/opt/ros/jazzy/opt/gz_msgs_vendor/lib:/opt/ros/jazzy/opt/gz_common_vendor/lib:/opt/ros/jazzy/opt/gz_math_vendor/lib:/opt/ros/jazzy/opt/gz_utils_vendor/lib:/opt/ros/jazzy/opt/gz_tools_vendor/lib:/opt/ros/jazzy/opt/gz_ogre_next_vendor/lib:/opt/ros/jazzy/opt/gz_dartsim_vendor/lib:/opt/ros/jazzy/opt/gz_cmake_vendor/lib:/opt/ros/jazzy/lib:/usr/local/cuda-10.2/lib64:/home/user/.catkin_ws_python3/src/TensorRT-7.0.0.11/lib PYTHONPATH=/home/user/ros2_ws/install/dynamixel_sdk_custom_interfaces/lib/python3.12/site-packages:${PYTHONPATH} _=/usr/bin/env /usr/bin/cmake --build /home/user/ros2_ws/build/dynamixel_sdk_examples -- -j8 -l8
[21.640s] DEBUG:colcon.colcon_core.event_handler.log_command:Invoking command in '/home/user/ros2_ws/build/dynamixel_sdk_examples': AMENT_PREFIX_PATH=/home/user/ros2_ws/install/dynamixel_sdk_custom_interfaces:/home/user/ros2_ws/install/dynamixel_sdk:${AMENT_PREFIX_PATH} CMAKE_PREFIX_PATH=/home/user/ros2_ws/install/dynamixel_sdk_custom_interfaces:/home/user/ros2_ws/install/dynamixel_sdk:${CMAKE_PREFIX_PATH} LD_LIBRARY_PATH=/home/user/ros2_ws/install/dynamixel_sdk_custom_interfaces/lib:/home/user/ros2_ws/install/dynamixel_sdk/lib:/home/simulations/ros2_sims_ws/install/rmw_cyclonedds_cpp/lib:/home/simulations/ros2_sims_ws/install/cyclonedds/lib:/home/user/catkin_ws/devel/lib:/home/simulations/public_sim_ws/devel/lib:/opt/ros/jazzy/lib:/opt/ros/jazzy/lib/x86_64-linux-gnu:/usr/local/cuda-10.2/lib64:/home/user/.catkin_ws_python3/src/TensorRT-7.0.0.11/lib:/home/user/catkin_ws/devel/lib:/home/simulations/public_sim_ws/devel/lib:/opt/ros/jazzy/lib:/opt/ros/jazzy/lib/x86_64-linux-gnu:/opt/ros/jazzy/opt/gz_sim_vendor/lib:/opt/ros/jazzy/opt/gz_sensors_vendor/lib:/opt/ros/jazzy/opt/gz_physics_vendor/lib:/opt/ros/jazzy/opt/sdformat_vendor/lib:/opt/ros/jazzy/opt/rviz_ogre_vendor/lib:/opt/ros/jazzy/lib/x86_64-linux-gnu:/opt/ros/jazzy/opt/gz_gui_vendor/lib:/opt/ros/jazzy/opt/gz_transport_vendor/lib:/opt/ros/jazzy/opt/gz_rendering_vendor/lib:/opt/ros/jazzy/opt/gz_plugin_vendor/lib:/opt/ros/jazzy/opt/gz_fuel_tools_vendor/lib:/opt/ros/jazzy/opt/gz_msgs_vendor/lib:/opt/ros/jazzy/opt/gz_common_vendor/lib:/opt/ros/jazzy/opt/gz_math_vendor/lib:/opt/ros/jazzy/opt/gz_utils_vendor/lib:/opt/ros/jazzy/opt/gz_tools_vendor/lib:/opt/ros/jazzy/opt/gz_ogre_next_vendor/lib:/opt/ros/jazzy/opt/gz_dartsim_vendor/lib:/opt/ros/jazzy/opt/gz_cmake_vendor/lib:/opt/ros/jazzy/lib:/usr/local/cuda-10.2/lib64:/home/user/.catkin_ws_python3/src/TensorRT-7.0.0.11/lib PYTHONPATH=/home/user/ros2_ws/install/dynamixel_sdk_custom_interfaces/lib/python3.12/site-packages:${PYTHONPATH} _=/usr/bin/env /usr/bin/cmake --install /home/user/ros2_ws/build/dynamixel_sdk_examples
[21.659s] Level 1:colcon.colcon_core.environment:create_environment_scripts_only(dynamixel_sdk_examples)
[21.660s] Level 1:colcon.colcon_core.environment:checking '/home/user/ros2_ws/install/dynamixel_sdk_examples' for CMake module files
[21.660s] DEBUG:colcon.colcon_core.event_handler.log_command:Invoked command in '/home/user/ros2_ws/build/dynamixel_sdk_examples' returned '0': AMENT_PREFIX_PATH=/home/user/ros2_ws/install/dynamixel_sdk_custom_interfaces:/home/user/ros2_ws/install/dynamixel_sdk:${AMENT_PREFIX_PATH} CMAKE_PREFIX_PATH=/home/user/ros2_ws/install/dynamixel_sdk_custom_interfaces:/home/user/ros2_ws/install/dynamixel_sdk:${CMAKE_PREFIX_PATH} LD_LIBRARY_PATH=/home/user/ros2_ws/install/dynamixel_sdk_custom_interfaces/lib:/home/user/ros2_ws/install/dynamixel_sdk/lib:/home/simulations/ros2_sims_ws/install/rmw_cyclonedds_cpp/lib:/home/simulations/ros2_sims_ws/install/cyclonedds/lib:/home/user/catkin_ws/devel/lib:/home/simulations/public_sim_ws/devel/lib:/opt/ros/jazzy/lib:/opt/ros/jazzy/lib/x86_64-linux-gnu:/usr/local/cuda-10.2/lib64:/home/user/.catkin_ws_python3/src/TensorRT-7.0.0.11/lib:/home/user/catkin_ws/devel/lib:/home/simulations/public_sim_ws/devel/lib:/opt/ros/jazzy/lib:/opt/ros/jazzy/lib/x86_64-linux-gnu:/opt/ros/jazzy/opt/gz_sim_vendor/lib:/opt/ros/jazzy/opt/gz_sensors_vendor/lib:/opt/ros/jazzy/opt/gz_physics_vendor/lib:/opt/ros/jazzy/opt/sdformat_vendor/lib:/opt/ros/jazzy/opt/rviz_ogre_vendor/lib:/opt/ros/jazzy/lib/x86_64-linux-gnu:/opt/ros/jazzy/opt/gz_gui_vendor/lib:/opt/ros/jazzy/opt/gz_transport_vendor/lib:/opt/ros/jazzy/opt/gz_rendering_vendor/lib:/opt/ros/jazzy/opt/gz_plugin_vendor/lib:/opt/ros/jazzy/opt/gz_fuel_tools_vendor/lib:/opt/ros/jazzy/opt/gz_msgs_vendor/lib:/opt/ros/jazzy/opt/gz_common_vendor/lib:/opt/ros/jazzy/opt/gz_math_vendor/lib:/opt/ros/jazzy/opt/gz_utils_vendor/lib:/opt/ros/jazzy/opt/gz_tools_vendor/lib:/opt/ros/jazzy/opt/gz_ogre_next_vendor/lib:/opt/ros/jazzy/opt/gz_dartsim_vendor/lib:/opt/ros/jazzy/opt/gz_cmake_vendor/lib:/opt/ros/jazzy/lib:/usr/local/cuda-10.2/lib64:/home/user/.catkin_ws_python3/src/TensorRT-7.0.0.11/lib PYTHONPATH=/home/user/ros2_ws/install/dynamixel_sdk_custom_interfaces/lib/python3.12/site-packages:${PYTHONPATH} _=/usr/bin/env /usr/bin/cmake --install /home/user/ros2_ws/build/dynamixel_sdk_examples
[21.661s] Level 1:colcon.colcon_core.environment:checking '/home/user/ros2_ws/install/dynamixel_sdk_examples' for CMake config files
[21.661s] Level 1:colcon.colcon_core.shell:create_environment_hook('dynamixel_sdk_examples', 'cmake_prefix_path')
[21.661s] INFO:colcon.colcon_core.shell:Creating environment hook '/home/user/ros2_ws/install/dynamixel_sdk_examples/share/dynamixel_sdk_examples/hook/cmake_prefix_path.ps1'
[21.662s] INFO:colcon.colcon_core.shell:Creating environment descriptor '/home/user/ros2_ws/install/dynamixel_sdk_examples/share/dynamixel_sdk_examples/hook/cmake_prefix_path.dsv'
[21.662s] INFO:colcon.colcon_core.shell:Creating environment hook '/home/user/ros2_ws/install/dynamixel_sdk_examples/share/dynamixel_sdk_examples/hook/cmake_prefix_path.sh'
[21.663s] Level 1:colcon.colcon_core.environment:checking '/home/user/ros2_ws/install/dynamixel_sdk_examples/lib'
[21.663s] Level 1:colcon.colcon_core.environment:checking '/home/user/ros2_ws/install/dynamixel_sdk_examples/bin'
[21.663s] Level 1:colcon.colcon_core.environment:checking '/home/user/ros2_ws/install/dynamixel_sdk_examples/lib/pkgconfig/dynamixel_sdk_examples.pc'
[21.664s] Level 1:colcon.colcon_core.environment:checking '/home/user/ros2_ws/install/dynamixel_sdk_examples/lib/python3.12/site-packages'
[21.664s] Level 1:colcon.colcon_core.environment:checking '/home/user/ros2_ws/install/dynamixel_sdk_examples/bin'
[21.664s] INFO:colcon.colcon_core.shell:Creating package script '/home/user/ros2_ws/install/dynamixel_sdk_examples/share/dynamixel_sdk_examples/package.ps1'
[21.665s] INFO:colcon.colcon_core.shell:Creating package descriptor '/home/user/ros2_ws/install/dynamixel_sdk_examples/share/dynamixel_sdk_examples/package.dsv'
[21.665s] INFO:colcon.colcon_core.shell:Creating package script '/home/user/ros2_ws/install/dynamixel_sdk_examples/share/dynamixel_sdk_examples/package.sh'
[21.666s] INFO:colcon.colcon_core.shell:Creating package script '/home/user/ros2_ws/install/dynamixel_sdk_examples/share/dynamixel_sdk_examples/package.bash'
[21.666s] INFO:colcon.colcon_core.shell:Creating package script '/home/user/ros2_ws/install/dynamixel_sdk_examples/share/dynamixel_sdk_examples/package.zsh'
[21.667s] Level 1:colcon.colcon_core.environment:create_file_with_runtime_dependencies(/home/user/ros2_ws/install/dynamixel_sdk_examples/share/colcon-core/packages/dynamixel_sdk_examples)
[21.667s] Level 1:colcon.colcon_core.environment:create_environment_scripts_only(dynamixel_sdk_examples)
[21.668s] Level 1:colcon.colcon_core.environment:checking '/home/user/ros2_ws/install/dynamixel_sdk_examples' for CMake module files
[21.668s] Level 1:colcon.colcon_core.environment:checking '/home/user/ros2_ws/install/dynamixel_sdk_examples' for CMake config files
[21.669s] Level 1:colcon.colcon_core.shell:create_environment_hook('dynamixel_sdk_examples', 'cmake_prefix_path')
[21.669s] INFO:colcon.colcon_core.shell:Creating environment hook '/home/user/ros2_ws/install/dynamixel_sdk_examples/share/dynamixel_sdk_examples/hook/cmake_prefix_path.ps1'
[21.670s] INFO:colcon.colcon_core.shell:Creating environment descriptor '/home/user/ros2_ws/install/dynamixel_sdk_examples/share/dynamixel_sdk_examples/hook/cmake_prefix_path.dsv'
[21.670s] INFO:colcon.colcon_core.shell:Creating environment hook '/home/user/ros2_ws/install/dynamixel_sdk_examples/share/dynamixel_sdk_examples/hook/cmake_prefix_path.sh'
[21.671s] Level 1:colcon.colcon_core.environment:checking '/home/user/ros2_ws/install/dynamixel_sdk_examples/lib'
[21.671s] Level 1:colcon.colcon_core.environment:checking '/home/user/ros2_ws/install/dynamixel_sdk_examples/bin'
[21.671s] Level 1:colcon.colcon_core.environment:checking '/home/user/ros2_ws/install/dynamixel_sdk_examples/lib/pkgconfig/dynamixel_sdk_examples.pc'
[21.672s] Level 1:colcon.colcon_core.environment:checking '/home/user/ros2_ws/install/dynamixel_sdk_examples/lib/python3.12/site-packages'
[21.672s] Level 1:colcon.colcon_core.environment:checking '/home/user/ros2_ws/install/dynamixel_sdk_examples/bin'
[21.672s] INFO:colcon.colcon_core.shell:Creating package script '/home/user/ros2_ws/install/dynamixel_sdk_examples/share/dynamixel_sdk_examples/package.ps1'
[21.673s] INFO:colcon.colcon_core.shell:Creating package descriptor '/home/user/ros2_ws/install/dynamixel_sdk_examples/share/dynamixel_sdk_examples/package.dsv'
[21.674s] INFO:colcon.colcon_core.shell:Creating package script '/home/user/ros2_ws/install/dynamixel_sdk_examples/share/dynamixel_sdk_examples/package.sh'
[21.674s] INFO:colcon.colcon_core.shell:Creating package script '/home/user/ros2_ws/install/dynamixel_sdk_examples/share/dynamixel_sdk_examples/package.bash'
[21.675s] INFO:colcon.colcon_core.shell:Creating package script '/home/user/ros2_ws/install/dynamixel_sdk_examples/share/dynamixel_sdk_examples/package.zsh'
[21.675s] Level 1:colcon.colcon_core.environment:create_file_with_runtime_dependencies(/home/user/ros2_ws/install/dynamixel_sdk_examples/share/colcon-core/packages/dynamixel_sdk_examples)
[21.676s] DEBUG:colcon.colcon_parallel_executor.executor.parallel:closing loop
[21.676s] DEBUG:colcon.colcon_parallel_executor.executor.parallel:loop closed
[21.676s] DEBUG:colcon.colcon_parallel_executor.executor.parallel:run_until_complete finished with '0'
[21.676s] DEBUG:colcon.colcon_core.event_reactor:joining thread
[21.683s] INFO:colcon.colcon_core.plugin_system:Skipping extension 'colcon_notification.desktop_notification.notify_send': Could not find 'notify-send'
[21.683s] INFO:colcon.colcon_core.plugin_system:Skipping extension 'colcon_notification.desktop_notification.terminal_notifier': Not used on non-Darwin systems
[21.683s] INFO:colcon.colcon_core.plugin_system:Skipping extension 'colcon_notification.desktop_notification.win32': Not used on non-Windows systems
[21.683s] INFO:colcon.colcon_notification.desktop_notification:Sending desktop notification using 'notify2'
[21.685s] DEBUG:colcon.colcon_notification.desktop_notification.notify2:Failed to initialize notify2: org.freedesktop.DBus.Error.Spawn.ExecFailed: /usr/bin/dbus-launch terminated abnormally without any error message
[21.686s] DEBUG:colcon.colcon_core.event_reactor:joined thread
[21.686s] INFO:colcon.colcon_core.shell:Creating prefix script '/home/user/ros2_ws/install/local_setup.ps1'
[21.687s] INFO:colcon.colcon_core.shell:Creating prefix util module '/home/user/ros2_ws/install/_local_setup_util_ps1.py'
[21.689s] INFO:colcon.colcon_core.shell:Creating prefix chain script '/home/user/ros2_ws/install/setup.ps1'
[21.691s] INFO:colcon.colcon_core.shell:Creating prefix script '/home/user/ros2_ws/install/local_setup.sh'
[21.692s] INFO:colcon.colcon_core.shell:Creating prefix util module '/home/user/ros2_ws/install/_local_setup_util_sh.py'
[21.692s] INFO:colcon.colcon_core.shell:Creating prefix chain script '/home/user/ros2_ws/install/setup.sh'
[21.694s] INFO:colcon.colcon_core.shell:Creating prefix script '/home/user/ros2_ws/install/local_setup.bash'
[21.694s] INFO:colcon.colcon_core.shell:Creating prefix chain script '/home/user/ros2_ws/install/setup.bash'
[21.696s] INFO:colcon.colcon_core.shell:Creating prefix script '/home/user/ros2_ws/install/local_setup.zsh'
[21.696s] INFO:colcon.colcon_core.shell:Creating prefix chain script '/home/user/ros2_ws/install/setup.zsh'
