[0.175s] DEBUG:colcon:Command line arguments: ['/usr/bin/colcon', 'build']
[0.175s] DEBUG:colcon:Parsed command line arguments: Namespace(log_base=None, log_level=None, verb_name='build', build_base='build', install_base='install', merge_install=False, symlink_install=False, test_result_base=None, continue_on_error=False, executor='parallel', parallel_workers=8, event_handlers=None, ignore_user_meta=False, metas=['./colcon.meta'], base_paths=['.'], packages_ignore=None, packages_ignore_regex=None, paths=None, packages_up_to=None, packages_up_to_regex=None, packages_above=None, packages_above_and_dependencies=None, packages_above_depth=None, packages_select_by_dep=None, packages_skip_by_dep=None, packages_skip_up_to=None, packages_select_build_failed=False, packages_skip_build_finished=False, packages_select_test_failures=False, packages_skip_test_passed=False, packages_select=None, packages_skip=None, packages_select_regex=None, packages_skip_regex=None, packages_start=None, packages_end=None, cmake_args=None, cmake_target=None, cmake_target_skip_unavailable=False, cmake_clean_cache=False, cmake_clean_first=False, cmake_force_configure=False, ament_cmake_args=None, catkin_cmake_args=None, catkin_skip_building_tests=False, mixin_files=None, mixin=None, verb_parser=<colcon_mixin.mixin.mixin_argument.MixinArgumentDecorator object at 0x7fe90c79be60>, verb_extension=<colcon_core.verb.build.BuildVerb object at 0x7fe90c79b650>, main=<bound method BuildVerb.main of <colcon_core.verb.build.BuildVerb object at 0x7fe90c79b650>>, mixin_verb=('build',))
[0.233s] Level 1:colcon.colcon_core.package_discovery:discover_packages(colcon_meta) check parameters
[0.233s] Level 1:colcon.colcon_core.package_discovery:discover_packages(recursive) check parameters
[0.233s] Level 1:colcon.colcon_core.package_discovery:discover_packages(ignore) check parameters
[0.233s] Level 1:colcon.colcon_core.package_discovery:discover_packages(path) check parameters
[0.233s] Level 1:colcon.colcon_core.package_discovery:discover_packages(colcon_meta) discover
[0.234s] Level 1:colcon.colcon_core.package_discovery:discover_packages(recursive) discover
[0.234s] INFO:colcon.colcon_core.package_discovery:Crawling recursively for packages in '/home/user/ros2_ws'
[0.234s] Level 1:colcon.colcon_core.package_identification:_identify(.) by extensions ['ignore', 'ignore_ament_install']
[0.234s] Level 1:colcon.colcon_core.package_identification:_identify(.) by extension 'ignore'
[0.235s] Level 1:colcon.colcon_core.package_identification:_identify(.) by extension 'ignore_ament_install'
[0.235s] Level 1:colcon.colcon_core.package_identification:_identify(.) by extensions ['colcon_pkg']
[0.235s] Level 1:colcon.colcon_core.package_identification:_identify(.) by extension 'colcon_pkg'
[0.235s] Level 1:colcon.colcon_core.package_identification:_identify(.) by extensions ['colcon_meta']
[0.235s] Level 1:colcon.colcon_core.package_identification:_identify(.) by extension 'colcon_meta'
[0.235s] Level 1:colcon.colcon_core.package_identification:_identify(.) by extensions ['ros']
[0.235s] Level 1:colcon.colcon_core.package_identification:_identify(.) by extension 'ros'
[0.275s] Level 1:colcon.colcon_core.package_identification:_identify(.) by extensions ['cmake', 'python']
[0.275s] Level 1:colcon.colcon_core.package_identification:_identify(.) by extension 'cmake'
[0.275s] Level 1:colcon.colcon_core.package_identification:_identify(.) by extension 'python'
[0.275s] Level 1:colcon.colcon_core.package_identification:_identify(.) by extensions ['python_setup_py']
[0.275s] Level 1:colcon.colcon_core.package_identification:_identify(.) by extension 'python_setup_py'
[0.276s] Level 1:colcon.colcon_core.package_identification:_identify(build) by extensions ['ignore', 'ignore_ament_install']
[0.276s] Level 1:colcon.colcon_core.package_identification:_identify(build) by extension 'ignore'
[0.276s] Level 1:colcon.colcon_core.package_identification:_identify(build) ignored
[0.276s] Level 1:colcon.colcon_core.package_identification:_identify(install) by extensions ['ignore', 'ignore_ament_install']
[0.276s] Level 1:colcon.colcon_core.package_identification:_identify(install) by extension 'ignore'
[0.276s] Level 1:colcon.colcon_core.package_identification:_identify(install) ignored
[0.276s] Level 1:colcon.colcon_core.package_identification:_identify(log) by extensions ['ignore', 'ignore_ament_install']
[0.276s] Level 1:colcon.colcon_core.package_identification:_identify(log) by extension 'ignore'
[0.276s] Level 1:colcon.colcon_core.package_identification:_identify(log) ignored
[0.276s] Level 1:colcon.colcon_core.package_identification:_identify(src) by extensions ['ignore', 'ignore_ament_install']
[0.277s] Level 1:colcon.colcon_core.package_identification:_identify(src) by extension 'ignore'
[0.277s] Level 1:colcon.colcon_core.package_identification:_identify(src) by extension 'ignore_ament_install'
[0.277s] Level 1:colcon.colcon_core.package_identification:_identify(src) by extensions ['colcon_pkg']
[0.277s] Level 1:colcon.colcon_core.package_identification:_identify(src) by extension 'colcon_pkg'
[0.277s] Level 1:colcon.colcon_core.package_identification:_identify(src) by extensions ['colcon_meta']
[0.277s] Level 1:colcon.colcon_core.package_identification:_identify(src) by extension 'colcon_meta'
[0.277s] Level 1:colcon.colcon_core.package_identification:_identify(src) by extensions ['ros']
[0.277s] Level 1:colcon.colcon_core.package_identification:_identify(src) by extension 'ros'
[0.277s] Level 1:colcon.colcon_core.package_identification:_identify(src) by extensions ['cmake', 'python']
[0.277s] Level 1:colcon.colcon_core.package_identification:_identify(src) by extension 'cmake'
[0.277s] Level 1:colcon.colcon_core.package_identification:_identify(src) by extension 'python'
[0.277s] Level 1:colcon.colcon_core.package_identification:_identify(src) by extensions ['python_setup_py']
[0.277s] Level 1:colcon.colcon_core.package_identification:_identify(src) by extension 'python_setup_py'
[0.278s] Level 1:colcon.colcon_core.package_identification:_identify(src/DynamixelSDK) by extensions ['ignore', 'ignore_ament_install']
[0.278s] Level 1:colcon.colcon_core.package_identification:_identify(src/DynamixelSDK) by extension 'ignore'
[0.278s] Level 1:colcon.colcon_core.package_identification:_identify(src/DynamixelSDK) by extension 'ignore_ament_install'
[0.278s] Level 1:colcon.colcon_core.package_identification:_identify(src/DynamixelSDK) by extensions ['colcon_pkg']
[0.278s] Level 1:colcon.colcon_core.package_identification:_identify(src/DynamixelSDK) by extension 'colcon_pkg'
[0.278s] Level 1:colcon.colcon_core.package_identification:_identify(src/DynamixelSDK) by extensions ['colcon_meta']
[0.278s] Level 1:colcon.colcon_core.package_identification:_identify(src/DynamixelSDK) by extension 'colcon_meta'
[0.278s] Level 1:colcon.colcon_core.package_identification:_identify(src/DynamixelSDK) by extensions ['ros']
[0.278s] Level 1:colcon.colcon_core.package_identification:_identify(src/DynamixelSDK) by extension 'ros'
[0.278s] Level 1:colcon.colcon_core.package_identification:_identify(src/DynamixelSDK) by extensions ['cmake', 'python']
[0.278s] Level 1:colcon.colcon_core.package_identification:_identify(src/DynamixelSDK) by extension 'cmake'
[0.278s] Level 1:colcon.colcon_core.package_identification:_identify(src/DynamixelSDK) by extension 'python'
[0.278s] Level 1:colcon.colcon_core.package_identification:_identify(src/DynamixelSDK) by extensions ['python_setup_py']
[0.278s] Level 1:colcon.colcon_core.package_identification:_identify(src/DynamixelSDK) by extension 'python_setup_py'
[0.279s] Level 1:colcon.colcon_core.package_identification:_identify(src/DynamixelSDK/dynamixel_sdk) by extensions ['ignore', 'ignore_ament_install']
[0.279s] Level 1:colcon.colcon_core.package_identification:_identify(src/DynamixelSDK/dynamixel_sdk) by extension 'ignore'
[0.279s] Level 1:colcon.colcon_core.package_identification:_identify(src/DynamixelSDK/dynamixel_sdk) by extension 'ignore_ament_install'
[0.279s] Level 1:colcon.colcon_core.package_identification:_identify(src/DynamixelSDK/dynamixel_sdk) by extensions ['colcon_pkg']
[0.279s] Level 1:colcon.colcon_core.package_identification:_identify(src/DynamixelSDK/dynamixel_sdk) by extension 'colcon_pkg'
[0.280s] Level 1:colcon.colcon_core.package_identification:_identify(src/DynamixelSDK/dynamixel_sdk) by extensions ['colcon_meta']
[0.280s] Level 1:colcon.colcon_core.package_identification:_identify(src/DynamixelSDK/dynamixel_sdk) by extension 'colcon_meta'
[0.280s] Level 1:colcon.colcon_core.package_identification:_identify(src/DynamixelSDK/dynamixel_sdk) by extensions ['ros']
[0.280s] Level 1:colcon.colcon_core.package_identification:_identify(src/DynamixelSDK/dynamixel_sdk) by extension 'ros'
[0.283s] DEBUG:colcon.colcon_core.package_identification:Package 'src/DynamixelSDK/dynamixel_sdk' with type 'ros.ament_cmake' and name 'dynamixel_sdk'
[0.283s] Level 1:colcon.colcon_core.package_identification:_identify(src/DynamixelSDK/dynamixel_sdk_custom_interfaces) by extensions ['ignore', 'ignore_ament_install']
[0.283s] Level 1:colcon.colcon_core.package_identification:_identify(src/DynamixelSDK/dynamixel_sdk_custom_interfaces) by extension 'ignore'
[0.283s] Level 1:colcon.colcon_core.package_identification:_identify(src/DynamixelSDK/dynamixel_sdk_custom_interfaces) by extension 'ignore_ament_install'
[0.284s] Level 1:colcon.colcon_core.package_identification:_identify(src/DynamixelSDK/dynamixel_sdk_custom_interfaces) by extensions ['colcon_pkg']
[0.284s] Level 1:colcon.colcon_core.package_identification:_identify(src/DynamixelSDK/dynamixel_sdk_custom_interfaces) by extension 'colcon_pkg'
[0.284s] Level 1:colcon.colcon_core.package_identification:_identify(src/DynamixelSDK/dynamixel_sdk_custom_interfaces) by extensions ['colcon_meta']
[0.284s] Level 1:colcon.colcon_core.package_identification:_identify(src/DynamixelSDK/dynamixel_sdk_custom_interfaces) by extension 'colcon_meta'
[0.284s] Level 1:colcon.colcon_core.package_identification:_identify(src/DynamixelSDK/dynamixel_sdk_custom_interfaces) by extensions ['ros']
[0.284s] Level 1:colcon.colcon_core.package_identification:_identify(src/DynamixelSDK/dynamixel_sdk_custom_interfaces) by extension 'ros'
[0.285s] DEBUG:colcon.colcon_core.package_identification:Package 'src/DynamixelSDK/dynamixel_sdk_custom_interfaces' with type 'ros.ament_cmake' and name 'dynamixel_sdk_custom_interfaces'
[0.285s] Level 1:colcon.colcon_core.package_identification:_identify(src/DynamixelSDK/dynamixel_sdk_examples) by extensions ['ignore', 'ignore_ament_install']
[0.285s] Level 1:colcon.colcon_core.package_identification:_identify(src/DynamixelSDK/dynamixel_sdk_examples) by extension 'ignore'
[0.285s] Level 1:colcon.colcon_core.package_identification:_identify(src/DynamixelSDK/dynamixel_sdk_examples) by extension 'ignore_ament_install'
[0.285s] Level 1:colcon.colcon_core.package_identification:_identify(src/DynamixelSDK/dynamixel_sdk_examples) by extensions ['colcon_pkg']
[0.285s] Level 1:colcon.colcon_core.package_identification:_identify(src/DynamixelSDK/dynamixel_sdk_examples) by extension 'colcon_pkg'
[0.285s] Level 1:colcon.colcon_core.package_identification:_identify(src/DynamixelSDK/dynamixel_sdk_examples) by extensions ['colcon_meta']
[0.285s] Level 1:colcon.colcon_core.package_identification:_identify(src/DynamixelSDK/dynamixel_sdk_examples) by extension 'colcon_meta'
[0.285s] Level 1:colcon.colcon_core.package_identification:_identify(src/DynamixelSDK/dynamixel_sdk_examples) by extensions ['ros']
[0.286s] Level 1:colcon.colcon_core.package_identification:_identify(src/DynamixelSDK/dynamixel_sdk_examples) by extension 'ros'
[0.287s] DEBUG:colcon.colcon_core.package_identification:Package 'src/DynamixelSDK/dynamixel_sdk_examples' with type 'ros.ament_cmake' and name 'dynamixel_sdk_examples'
[0.287s] Level 1:colcon.colcon_core.package_identification:_identify(src/dynamixel-workbench) by extensions ['ignore', 'ignore_ament_install']
[0.287s] Level 1:colcon.colcon_core.package_identification:_identify(src/dynamixel-workbench) by extension 'ignore'
[0.287s] Level 1:colcon.colcon_core.package_identification:_identify(src/dynamixel-workbench) by extension 'ignore_ament_install'
[0.287s] Level 1:colcon.colcon_core.package_identification:_identify(src/dynamixel-workbench) by extensions ['colcon_pkg']
[0.287s] Level 1:colcon.colcon_core.package_identification:_identify(src/dynamixel-workbench) by extension 'colcon_pkg'
[0.287s] Level 1:colcon.colcon_core.package_identification:_identify(src/dynamixel-workbench) by extensions ['colcon_meta']
[0.287s] Level 1:colcon.colcon_core.package_identification:_identify(src/dynamixel-workbench) by extension 'colcon_meta'
[0.288s] Level 1:colcon.colcon_core.package_identification:_identify(src/dynamixel-workbench) by extensions ['ros']
[0.288s] Level 1:colcon.colcon_core.package_identification:_identify(src/dynamixel-workbench) by extension 'ros'
[0.288s] Level 1:colcon.colcon_core.package_identification:_identify(src/dynamixel-workbench) by extensions ['cmake', 'python']
[0.288s] Level 1:colcon.colcon_core.package_identification:_identify(src/dynamixel-workbench) by extension 'cmake'
[0.288s] Level 1:colcon.colcon_core.package_identification:_identify(src/dynamixel-workbench) by extension 'python'
[0.288s] Level 1:colcon.colcon_core.package_identification:_identify(src/dynamixel-workbench) by extensions ['python_setup_py']
[0.288s] Level 1:colcon.colcon_core.package_identification:_identify(src/dynamixel-workbench) by extension 'python_setup_py'
[0.288s] Level 1:colcon.colcon_core.package_identification:_identify(src/dynamixel-workbench/dynamixel_workbench) by extensions ['ignore', 'ignore_ament_install']
[0.288s] Level 1:colcon.colcon_core.package_identification:_identify(src/dynamixel-workbench/dynamixel_workbench) by extension 'ignore'
[0.288s] Level 1:colcon.colcon_core.package_identification:_identify(src/dynamixel-workbench/dynamixel_workbench) by extension 'ignore_ament_install'
[0.288s] Level 1:colcon.colcon_core.package_identification:_identify(src/dynamixel-workbench/dynamixel_workbench) by extensions ['colcon_pkg']
[0.288s] Level 1:colcon.colcon_core.package_identification:_identify(src/dynamixel-workbench/dynamixel_workbench) by extension 'colcon_pkg'
[0.289s] Level 1:colcon.colcon_core.package_identification:_identify(src/dynamixel-workbench/dynamixel_workbench) by extensions ['colcon_meta']
[0.289s] Level 1:colcon.colcon_core.package_identification:_identify(src/dynamixel-workbench/dynamixel_workbench) by extension 'colcon_meta'
[0.289s] Level 1:colcon.colcon_core.package_identification:_identify(src/dynamixel-workbench/dynamixel_workbench) by extensions ['ros']
[0.289s] Level 1:colcon.colcon_core.package_identification:_identify(src/dynamixel-workbench/dynamixel_workbench) by extension 'ros'
[0.290s] DEBUG:colcon.colcon_core.package_identification:Package 'src/dynamixel-workbench/dynamixel_workbench' with type 'ros.ament_cmake' and name 'dynamixel_workbench'
[0.290s] Level 1:colcon.colcon_core.package_identification:_identify(src/dynamixel-workbench/dynamixel_workbench_toolbox) by extensions ['ignore', 'ignore_ament_install']
[0.290s] Level 1:colcon.colcon_core.package_identification:_identify(src/dynamixel-workbench/dynamixel_workbench_toolbox) by extension 'ignore'
[0.290s] Level 1:colcon.colcon_core.package_identification:_identify(src/dynamixel-workbench/dynamixel_workbench_toolbox) by extension 'ignore_ament_install'
[0.290s] Level 1:colcon.colcon_core.package_identification:_identify(src/dynamixel-workbench/dynamixel_workbench_toolbox) by extensions ['colcon_pkg']
[0.290s] Level 1:colcon.colcon_core.package_identification:_identify(src/dynamixel-workbench/dynamixel_workbench_toolbox) by extension 'colcon_pkg'
[0.290s] Level 1:colcon.colcon_core.package_identification:_identify(src/dynamixel-workbench/dynamixel_workbench_toolbox) by extensions ['colcon_meta']
[0.290s] Level 1:colcon.colcon_core.package_identification:_identify(src/dynamixel-workbench/dynamixel_workbench_toolbox) by extension 'colcon_meta'
[0.290s] Level 1:colcon.colcon_core.package_identification:_identify(src/dynamixel-workbench/dynamixel_workbench_toolbox) by extensions ['ros']
[0.290s] Level 1:colcon.colcon_core.package_identification:_identify(src/dynamixel-workbench/dynamixel_workbench_toolbox) by extension 'ros'
[0.291s] DEBUG:colcon.colcon_core.package_identification:Package 'src/dynamixel-workbench/dynamixel_workbench_toolbox' with type 'ros.ament_cmake' and name 'dynamixel_workbench_toolbox'
[0.292s] Level 1:colcon.colcon_core.package_identification:_identify(src/dynamixel_hardware_interface) by extensions ['ignore', 'ignore_ament_install']
[0.292s] Level 1:colcon.colcon_core.package_identification:_identify(src/dynamixel_hardware_interface) by extension 'ignore'
[0.292s] Level 1:colcon.colcon_core.package_identification:_identify(src/dynamixel_hardware_interface) by extension 'ignore_ament_install'
[0.292s] Level 1:colcon.colcon_core.package_identification:_identify(src/dynamixel_hardware_interface) by extensions ['colcon_pkg']
[0.292s] Level 1:colcon.colcon_core.package_identification:_identify(src/dynamixel_hardware_interface) by extension 'colcon_pkg'
[0.292s] Level 1:colcon.colcon_core.package_identification:_identify(src/dynamixel_hardware_interface) by extensions ['colcon_meta']
[0.292s] Level 1:colcon.colcon_core.package_identification:_identify(src/dynamixel_hardware_interface) by extension 'colcon_meta'
[0.292s] Level 1:colcon.colcon_core.package_identification:_identify(src/dynamixel_hardware_interface) by extensions ['ros']
[0.292s] Level 1:colcon.colcon_core.package_identification:_identify(src/dynamixel_hardware_interface) by extension 'ros'
[0.293s] DEBUG:colcon.colcon_core.package_identification:Package 'src/dynamixel_hardware_interface' with type 'ros.ament_cmake' and name 'dynamixel_hardware_interface'
[0.293s] Level 1:colcon.colcon_core.package_identification:_identify(src/my_quadruped_bringup) by extensions ['ignore', 'ignore_ament_install']
[0.294s] Level 1:colcon.colcon_core.package_identification:_identify(src/my_quadruped_bringup) by extension 'ignore'
[0.294s] Level 1:colcon.colcon_core.package_identification:_identify(src/my_quadruped_bringup) by extension 'ignore_ament_install'
[0.294s] Level 1:colcon.colcon_core.package_identification:_identify(src/my_quadruped_bringup) by extensions ['colcon_pkg']
[0.294s] Level 1:colcon.colcon_core.package_identification:_identify(src/my_quadruped_bringup) by extension 'colcon_pkg'
[0.294s] Level 1:colcon.colcon_core.package_identification:_identify(src/my_quadruped_bringup) by extensions ['colcon_meta']
[0.294s] Level 1:colcon.colcon_core.package_identification:_identify(src/my_quadruped_bringup) by extension 'colcon_meta'
[0.295s] Level 1:colcon.colcon_core.package_identification:_identify(src/my_quadruped_bringup) by extensions ['ros']
[0.295s] Level 1:colcon.colcon_core.package_identification:_identify(src/my_quadruped_bringup) by extension 'ros'
[0.295s] DEBUG:colcon.colcon_core.package_identification:Package 'src/my_quadruped_bringup' with type 'ros.ament_cmake' and name 'my_quadruped_bringup'
[0.295s] Level 1:colcon.colcon_core.package_identification:_identify(src/my_robot_bringup) by extensions ['ignore', 'ignore_ament_install']
[0.296s] Level 1:colcon.colcon_core.package_identification:_identify(src/my_robot_bringup) by extension 'ignore'
[0.296s] Level 1:colcon.colcon_core.package_identification:_identify(src/my_robot_bringup) by extension 'ignore_ament_install'
[0.296s] Level 1:colcon.colcon_core.package_identification:_identify(src/my_robot_bringup) by extensions ['colcon_pkg']
[0.296s] Level 1:colcon.colcon_core.package_identification:_identify(src/my_robot_bringup) by extension 'colcon_pkg'
[0.296s] Level 1:colcon.colcon_core.package_identification:_identify(src/my_robot_bringup) by extensions ['colcon_meta']
[0.296s] Level 1:colcon.colcon_core.package_identification:_identify(src/my_robot_bringup) by extension 'colcon_meta'
[0.296s] Level 1:colcon.colcon_core.package_identification:_identify(src/my_robot_bringup) by extensions ['ros']
[0.296s] Level 1:colcon.colcon_core.package_identification:_identify(src/my_robot_bringup) by extension 'ros'
[0.297s] DEBUG:colcon.colcon_core.package_identification:Package 'src/my_robot_bringup' with type 'ros.ament_cmake' and name 'my_robot_bringup'
[0.297s] Level 1:colcon.colcon_core.package_identification:_identify(src/my_robot_hardware_interface) by extensions ['ignore', 'ignore_ament_install']
[0.297s] Level 1:colcon.colcon_core.package_identification:_identify(src/my_robot_hardware_interface) by extension 'ignore'
[0.298s] Level 1:colcon.colcon_core.package_identification:_identify(src/my_robot_hardware_interface) by extension 'ignore_ament_install'
[0.298s] Level 1:colcon.colcon_core.package_identification:_identify(src/my_robot_hardware_interface) by extensions ['colcon_pkg']
[0.298s] Level 1:colcon.colcon_core.package_identification:_identify(src/my_robot_hardware_interface) by extension 'colcon_pkg'
[0.298s] Level 1:colcon.colcon_core.package_identification:_identify(src/my_robot_hardware_interface) by extensions ['colcon_meta']
[0.298s] Level 1:colcon.colcon_core.package_identification:_identify(src/my_robot_hardware_interface) by extension 'colcon_meta'
[0.298s] Level 1:colcon.colcon_core.package_identification:_identify(src/my_robot_hardware_interface) by extensions ['ros']
[0.298s] Level 1:colcon.colcon_core.package_identification:_identify(src/my_robot_hardware_interface) by extension 'ros'
[0.299s] DEBUG:colcon.colcon_core.package_identification:Package 'src/my_robot_hardware_interface' with type 'ros.ament_cmake' and name 'my_robot_hardware_interface'
[0.299s] Level 1:colcon.colcon_core.package_identification:_identify(src/ros2_control_course) by extensions ['ignore', 'ignore_ament_install']
[0.299s] Level 1:colcon.colcon_core.package_identification:_identify(src/ros2_control_course) by extension 'ignore'
[0.299s] Level 1:colcon.colcon_core.package_identification:_identify(src/ros2_control_course) by extension 'ignore_ament_install'
[0.300s] Level 1:colcon.colcon_core.package_identification:_identify(src/ros2_control_course) by extensions ['colcon_pkg']
[0.300s] Level 1:colcon.colcon_core.package_identification:_identify(src/ros2_control_course) by extension 'colcon_pkg'
[0.300s] Level 1:colcon.colcon_core.package_identification:_identify(src/ros2_control_course) by extensions ['colcon_meta']
[0.300s] Level 1:colcon.colcon_core.package_identification:_identify(src/ros2_control_course) by extension 'colcon_meta'
[0.300s] Level 1:colcon.colcon_core.package_identification:_identify(src/ros2_control_course) by extensions ['ros']
[0.300s] Level 1:colcon.colcon_core.package_identification:_identify(src/ros2_control_course) by extension 'ros'
[0.300s] Level 1:colcon.colcon_core.package_identification:_identify(src/ros2_control_course) by extensions ['cmake', 'python']
[0.300s] Level 1:colcon.colcon_core.package_identification:_identify(src/ros2_control_course) by extension 'cmake'
[0.300s] Level 1:colcon.colcon_core.package_identification:_identify(src/ros2_control_course) by extension 'python'
[0.300s] Level 1:colcon.colcon_core.package_identification:_identify(src/ros2_control_course) by extensions ['python_setup_py']
[0.300s] Level 1:colcon.colcon_core.package_identification:_identify(src/ros2_control_course) by extension 'python_setup_py'
[0.300s] Level 1:colcon.colcon_core.package_identification:_identify(src/ros2_control_course/common) by extensions ['ignore', 'ignore_ament_install']
[0.300s] Level 1:colcon.colcon_core.package_identification:_identify(src/ros2_control_course/common) by extension 'ignore'
[0.300s] Level 1:colcon.colcon_core.package_identification:_identify(src/ros2_control_course/common) by extension 'ignore_ament_install'
[0.301s] Level 1:colcon.colcon_core.package_identification:_identify(src/ros2_control_course/common) by extensions ['colcon_pkg']
[0.301s] Level 1:colcon.colcon_core.package_identification:_identify(src/ros2_control_course/common) by extension 'colcon_pkg'
[0.301s] Level 1:colcon.colcon_core.package_identification:_identify(src/ros2_control_course/common) by extensions ['colcon_meta']
[0.301s] Level 1:colcon.colcon_core.package_identification:_identify(src/ros2_control_course/common) by extension 'colcon_meta'
[0.301s] Level 1:colcon.colcon_core.package_identification:_identify(src/ros2_control_course/common) by extensions ['ros']
[0.301s] Level 1:colcon.colcon_core.package_identification:_identify(src/ros2_control_course/common) by extension 'ros'
[0.301s] Level 1:colcon.colcon_core.package_identification:_identify(src/ros2_control_course/common) by extensions ['cmake', 'python']
[0.301s] Level 1:colcon.colcon_core.package_identification:_identify(src/ros2_control_course/common) by extension 'cmake'
[0.301s] Level 1:colcon.colcon_core.package_identification:_identify(src/ros2_control_course/common) by extension 'python'
[0.301s] Level 1:colcon.colcon_core.package_identification:_identify(src/ros2_control_course/common) by extensions ['python_setup_py']
[0.301s] Level 1:colcon.colcon_core.package_identification:_identify(src/ros2_control_course/common) by extension 'python_setup_py'
[0.302s] Level 1:colcon.colcon_core.package_identification:_identify(src/ros2_control_course/common/joint_trajectory_publisher) by extensions ['ignore', 'ignore_ament_install']
[0.302s] Level 1:colcon.colcon_core.package_identification:_identify(src/ros2_control_course/common/joint_trajectory_publisher) by extension 'ignore'
[0.302s] Level 1:colcon.colcon_core.package_identification:_identify(src/ros2_control_course/common/joint_trajectory_publisher) by extension 'ignore_ament_install'
[0.302s] Level 1:colcon.colcon_core.package_identification:_identify(src/ros2_control_course/common/joint_trajectory_publisher) by extensions ['colcon_pkg']
[0.302s] Level 1:colcon.colcon_core.package_identification:_identify(src/ros2_control_course/common/joint_trajectory_publisher) by extension 'colcon_pkg'
[0.302s] Level 1:colcon.colcon_core.package_identification:_identify(src/ros2_control_course/common/joint_trajectory_publisher) by extensions ['colcon_meta']
[0.302s] Level 1:colcon.colcon_core.package_identification:_identify(src/ros2_control_course/common/joint_trajectory_publisher) by extension 'colcon_meta'
[0.302s] Level 1:colcon.colcon_core.package_identification:_identify(src/ros2_control_course/common/joint_trajectory_publisher) by extensions ['ros']
[0.302s] Level 1:colcon.colcon_core.package_identification:_identify(src/ros2_control_course/common/joint_trajectory_publisher) by extension 'ros'
[0.303s] DEBUG:colcon.colcon_core.package_identification:Package 'src/ros2_control_course/common/joint_trajectory_publisher' with type 'ros.ament_python' and name 'joint_trajectory_publisher'
[0.303s] Level 1:colcon.colcon_core.package_identification:_identify(src/ros2_control_course/unit1) by extensions ['ignore', 'ignore_ament_install']
[0.303s] Level 1:colcon.colcon_core.package_identification:_identify(src/ros2_control_course/unit1) by extension 'ignore'
[0.303s] Level 1:colcon.colcon_core.package_identification:_identify(src/ros2_control_course/unit1) by extension 'ignore_ament_install'
[0.303s] Level 1:colcon.colcon_core.package_identification:_identify(src/ros2_control_course/unit1) by extensions ['colcon_pkg']
[0.303s] Level 1:colcon.colcon_core.package_identification:_identify(src/ros2_control_course/unit1) by extension 'colcon_pkg'
[0.304s] Level 1:colcon.colcon_core.package_identification:_identify(src/ros2_control_course/unit1) by extensions ['colcon_meta']
[0.304s] Level 1:colcon.colcon_core.package_identification:_identify(src/ros2_control_course/unit1) by extension 'colcon_meta'
[0.304s] Level 1:colcon.colcon_core.package_identification:_identify(src/ros2_control_course/unit1) by extensions ['ros']
[0.304s] Level 1:colcon.colcon_core.package_identification:_identify(src/ros2_control_course/unit1) by extension 'ros'
[0.304s] Level 1:colcon.colcon_core.package_identification:_identify(src/ros2_control_course/unit1) by extensions ['cmake', 'python']
[0.304s] Level 1:colcon.colcon_core.package_identification:_identify(src/ros2_control_course/unit1) by extension 'cmake'
[0.304s] Level 1:colcon.colcon_core.package_identification:_identify(src/ros2_control_course/unit1) by extension 'python'
[0.304s] Level 1:colcon.colcon_core.package_identification:_identify(src/ros2_control_course/unit1) by extensions ['python_setup_py']
[0.304s] Level 1:colcon.colcon_core.package_identification:_identify(src/ros2_control_course/unit1) by extension 'python_setup_py'
[0.304s] Level 1:colcon.colcon_core.package_identification:_identify(src/ros2_control_course/unit1/joint_trajectory_demo) by extensions ['ignore', 'ignore_ament_install']
[0.304s] Level 1:colcon.colcon_core.package_identification:_identify(src/ros2_control_course/unit1/joint_trajectory_demo) by extension 'ignore'
[0.305s] Level 1:colcon.colcon_core.package_identification:_identify(src/ros2_control_course/unit1/joint_trajectory_demo) by extension 'ignore_ament_install'
[0.305s] Level 1:colcon.colcon_core.package_identification:_identify(src/ros2_control_course/unit1/joint_trajectory_demo) by extensions ['colcon_pkg']
[0.305s] Level 1:colcon.colcon_core.package_identification:_identify(src/ros2_control_course/unit1/joint_trajectory_demo) by extension 'colcon_pkg'
[0.305s] Level 1:colcon.colcon_core.package_identification:_identify(src/ros2_control_course/unit1/joint_trajectory_demo) by extensions ['colcon_meta']
[0.305s] Level 1:colcon.colcon_core.package_identification:_identify(src/ros2_control_course/unit1/joint_trajectory_demo) by extension 'colcon_meta'
[0.305s] Level 1:colcon.colcon_core.package_identification:_identify(src/ros2_control_course/unit1/joint_trajectory_demo) by extensions ['ros']
[0.305s] Level 1:colcon.colcon_core.package_identification:_identify(src/ros2_control_course/unit1/joint_trajectory_demo) by extension 'ros'
[0.306s] DEBUG:colcon.colcon_core.package_identification:Package 'src/ros2_control_course/unit1/joint_trajectory_demo' with type 'ros.ament_python' and name 'joint_trajectory_demo'
[0.306s] Level 1:colcon.colcon_core.package_identification:_identify(src/ros2_control_course/unit2) by extensions ['ignore', 'ignore_ament_install']
[0.306s] Level 1:colcon.colcon_core.package_identification:_identify(src/ros2_control_course/unit2) by extension 'ignore'
[0.306s] Level 1:colcon.colcon_core.package_identification:_identify(src/ros2_control_course/unit2) by extension 'ignore_ament_install'
[0.307s] Level 1:colcon.colcon_core.package_identification:_identify(src/ros2_control_course/unit2) by extensions ['colcon_pkg']
[0.307s] Level 1:colcon.colcon_core.package_identification:_identify(src/ros2_control_course/unit2) by extension 'colcon_pkg'
[0.307s] Level 1:colcon.colcon_core.package_identification:_identify(src/ros2_control_course/unit2) by extensions ['colcon_meta']
[0.307s] Level 1:colcon.colcon_core.package_identification:_identify(src/ros2_control_course/unit2) by extension 'colcon_meta'
[0.307s] Level 1:colcon.colcon_core.package_identification:_identify(src/ros2_control_course/unit2) by extensions ['ros']
[0.307s] Level 1:colcon.colcon_core.package_identification:_identify(src/ros2_control_course/unit2) by extension 'ros'
[0.307s] Level 1:colcon.colcon_core.package_identification:_identify(src/ros2_control_course/unit2) by extensions ['cmake', 'python']
[0.307s] Level 1:colcon.colcon_core.package_identification:_identify(src/ros2_control_course/unit2) by extension 'cmake'
[0.307s] Level 1:colcon.colcon_core.package_identification:_identify(src/ros2_control_course/unit2) by extension 'python'
[0.307s] Level 1:colcon.colcon_core.package_identification:_identify(src/ros2_control_course/unit2) by extensions ['python_setup_py']
[0.307s] Level 1:colcon.colcon_core.package_identification:_identify(src/ros2_control_course/unit2) by extension 'python_setup_py'
[0.307s] Level 1:colcon.colcon_core.package_identification:_identify(src/ros2_control_course/unit2/rrbot_unit2) by extensions ['ignore', 'ignore_ament_install']
[0.308s] Level 1:colcon.colcon_core.package_identification:_identify(src/ros2_control_course/unit2/rrbot_unit2) by extension 'ignore'
[0.308s] Level 1:colcon.colcon_core.package_identification:_identify(src/ros2_control_course/unit2/rrbot_unit2) by extension 'ignore_ament_install'
[0.308s] Level 1:colcon.colcon_core.package_identification:_identify(src/ros2_control_course/unit2/rrbot_unit2) by extensions ['colcon_pkg']
[0.308s] Level 1:colcon.colcon_core.package_identification:_identify(src/ros2_control_course/unit2/rrbot_unit2) by extension 'colcon_pkg'
[0.308s] Level 1:colcon.colcon_core.package_identification:_identify(src/ros2_control_course/unit2/rrbot_unit2) by extensions ['colcon_meta']
[0.308s] Level 1:colcon.colcon_core.package_identification:_identify(src/ros2_control_course/unit2/rrbot_unit2) by extension 'colcon_meta'
[0.308s] Level 1:colcon.colcon_core.package_identification:_identify(src/ros2_control_course/unit2/rrbot_unit2) by extensions ['ros']
[0.308s] Level 1:colcon.colcon_core.package_identification:_identify(src/ros2_control_course/unit2/rrbot_unit2) by extension 'ros'
[0.309s] DEBUG:colcon.colcon_core.package_identification:Package 'src/ros2_control_course/unit2/rrbot_unit2' with type 'ros.ament_cmake' and name 'rrbot_unit2'
[0.310s] Level 1:colcon.colcon_core.package_identification:_identify(src/ros2_control_course/unit3) by extensions ['ignore', 'ignore_ament_install']
[0.310s] Level 1:colcon.colcon_core.package_identification:_identify(src/ros2_control_course/unit3) by extension 'ignore'
[0.310s] Level 1:colcon.colcon_core.package_identification:_identify(src/ros2_control_course/unit3) by extension 'ignore_ament_install'
[0.310s] Level 1:colcon.colcon_core.package_identification:_identify(src/ros2_control_course/unit3) by extensions ['colcon_pkg']
[0.310s] Level 1:colcon.colcon_core.package_identification:_identify(src/ros2_control_course/unit3) by extension 'colcon_pkg'
[0.310s] Level 1:colcon.colcon_core.package_identification:_identify(src/ros2_control_course/unit3) by extensions ['colcon_meta']
[0.310s] Level 1:colcon.colcon_core.package_identification:_identify(src/ros2_control_course/unit3) by extension 'colcon_meta'
[0.310s] Level 1:colcon.colcon_core.package_identification:_identify(src/ros2_control_course/unit3) by extensions ['ros']
[0.310s] Level 1:colcon.colcon_core.package_identification:_identify(src/ros2_control_course/unit3) by extension 'ros'
[0.310s] Level 1:colcon.colcon_core.package_identification:_identify(src/ros2_control_course/unit3) by extensions ['cmake', 'python']
[0.310s] Level 1:colcon.colcon_core.package_identification:_identify(src/ros2_control_course/unit3) by extension 'cmake'
[0.310s] Level 1:colcon.colcon_core.package_identification:_identify(src/ros2_control_course/unit3) by extension 'python'
[0.310s] Level 1:colcon.colcon_core.package_identification:_identify(src/ros2_control_course/unit3) by extensions ['python_setup_py']
[0.310s] Level 1:colcon.colcon_core.package_identification:_identify(src/ros2_control_course/unit3) by extension 'python_setup_py'
[0.310s] Level 1:colcon.colcon_core.package_identification:_identify(src/ros2_control_course/unit3/rrbot_unit3) by extensions ['ignore', 'ignore_ament_install']
[0.311s] Level 1:colcon.colcon_core.package_identification:_identify(src/ros2_control_course/unit3/rrbot_unit3) by extension 'ignore'
[0.311s] Level 1:colcon.colcon_core.package_identification:_identify(src/ros2_control_course/unit3/rrbot_unit3) by extension 'ignore_ament_install'
[0.311s] Level 1:colcon.colcon_core.package_identification:_identify(src/ros2_control_course/unit3/rrbot_unit3) by extensions ['colcon_pkg']
[0.311s] Level 1:colcon.colcon_core.package_identification:_identify(src/ros2_control_course/unit3/rrbot_unit3) by extension 'colcon_pkg'
[0.311s] Level 1:colcon.colcon_core.package_identification:_identify(src/ros2_control_course/unit3/rrbot_unit3) by extensions ['colcon_meta']
[0.311s] Level 1:colcon.colcon_core.package_identification:_identify(src/ros2_control_course/unit3/rrbot_unit3) by extension 'colcon_meta'
[0.311s] Level 1:colcon.colcon_core.package_identification:_identify(src/ros2_control_course/unit3/rrbot_unit3) by extensions ['ros']
[0.311s] Level 1:colcon.colcon_core.package_identification:_identify(src/ros2_control_course/unit3/rrbot_unit3) by extension 'ros'
[0.312s] DEBUG:colcon.colcon_core.package_identification:Package 'src/ros2_control_course/unit3/rrbot_unit3' with type 'ros.ament_cmake' and name 'rrbot_unit3'
[0.312s] Level 1:colcon.colcon_core.package_identification:_identify(src/ros2_control_course/unit4) by extensions ['ignore', 'ignore_ament_install']
[0.312s] Level 1:colcon.colcon_core.package_identification:_identify(src/ros2_control_course/unit4) by extension 'ignore'
[0.312s] Level 1:colcon.colcon_core.package_identification:_identify(src/ros2_control_course/unit4) by extension 'ignore_ament_install'
[0.312s] Level 1:colcon.colcon_core.package_identification:_identify(src/ros2_control_course/unit4) by extensions ['colcon_pkg']
[0.312s] Level 1:colcon.colcon_core.package_identification:_identify(src/ros2_control_course/unit4) by extension 'colcon_pkg'
[0.312s] Level 1:colcon.colcon_core.package_identification:_identify(src/ros2_control_course/unit4) by extensions ['colcon_meta']
[0.312s] Level 1:colcon.colcon_core.package_identification:_identify(src/ros2_control_course/unit4) by extension 'colcon_meta'
[0.312s] Level 1:colcon.colcon_core.package_identification:_identify(src/ros2_control_course/unit4) by extensions ['ros']
[0.312s] Level 1:colcon.colcon_core.package_identification:_identify(src/ros2_control_course/unit4) by extension 'ros'
[0.313s] Level 1:colcon.colcon_core.package_identification:_identify(src/ros2_control_course/unit4) by extensions ['cmake', 'python']
[0.313s] Level 1:colcon.colcon_core.package_identification:_identify(src/ros2_control_course/unit4) by extension 'cmake'
[0.313s] Level 1:colcon.colcon_core.package_identification:_identify(src/ros2_control_course/unit4) by extension 'python'
[0.313s] Level 1:colcon.colcon_core.package_identification:_identify(src/ros2_control_course/unit4) by extensions ['python_setup_py']
[0.313s] Level 1:colcon.colcon_core.package_identification:_identify(src/ros2_control_course/unit4) by extension 'python_setup_py'
[0.313s] Level 1:colcon.colcon_core.package_identification:_identify(src/ros2_control_course/unit4/rrbot_unit4) by extensions ['ignore', 'ignore_ament_install']
[0.313s] Level 1:colcon.colcon_core.package_identification:_identify(src/ros2_control_course/unit4/rrbot_unit4) by extension 'ignore'
[0.313s] Level 1:colcon.colcon_core.package_identification:_identify(src/ros2_control_course/unit4/rrbot_unit4) by extension 'ignore_ament_install'
[0.313s] Level 1:colcon.colcon_core.package_identification:_identify(src/ros2_control_course/unit4/rrbot_unit4) by extensions ['colcon_pkg']
[0.313s] Level 1:colcon.colcon_core.package_identification:_identify(src/ros2_control_course/unit4/rrbot_unit4) by extension 'colcon_pkg'
[0.313s] Level 1:colcon.colcon_core.package_identification:_identify(src/ros2_control_course/unit4/rrbot_unit4) by extensions ['colcon_meta']
[0.314s] Level 1:colcon.colcon_core.package_identification:_identify(src/ros2_control_course/unit4/rrbot_unit4) by extension 'colcon_meta'
[0.314s] Level 1:colcon.colcon_core.package_identification:_identify(src/ros2_control_course/unit4/rrbot_unit4) by extensions ['ros']
[0.314s] Level 1:colcon.colcon_core.package_identification:_identify(src/ros2_control_course/unit4/rrbot_unit4) by extension 'ros'
[0.314s] DEBUG:colcon.colcon_core.package_identification:Package 'src/ros2_control_course/unit4/rrbot_unit4' with type 'ros.ament_cmake' and name 'rrbot_unit4'
[0.315s] Level 1:colcon.colcon_core.package_identification:_identify(src/ros2_control_course/unit5) by extensions ['ignore', 'ignore_ament_install']
[0.315s] Level 1:colcon.colcon_core.package_identification:_identify(src/ros2_control_course/unit5) by extension 'ignore'
[0.315s] Level 1:colcon.colcon_core.package_identification:_identify(src/ros2_control_course/unit5) by extension 'ignore_ament_install'
[0.315s] Level 1:colcon.colcon_core.package_identification:_identify(src/ros2_control_course/unit5) by extensions ['colcon_pkg']
[0.315s] Level 1:colcon.colcon_core.package_identification:_identify(src/ros2_control_course/unit5) by extension 'colcon_pkg'
[0.315s] Level 1:colcon.colcon_core.package_identification:_identify(src/ros2_control_course/unit5) by extensions ['colcon_meta']
[0.315s] Level 1:colcon.colcon_core.package_identification:_identify(src/ros2_control_course/unit5) by extension 'colcon_meta'
[0.315s] Level 1:colcon.colcon_core.package_identification:_identify(src/ros2_control_course/unit5) by extensions ['ros']
[0.315s] Level 1:colcon.colcon_core.package_identification:_identify(src/ros2_control_course/unit5) by extension 'ros'
[0.315s] Level 1:colcon.colcon_core.package_identification:_identify(src/ros2_control_course/unit5) by extensions ['cmake', 'python']
[0.315s] Level 1:colcon.colcon_core.package_identification:_identify(src/ros2_control_course/unit5) by extension 'cmake'
[0.315s] Level 1:colcon.colcon_core.package_identification:_identify(src/ros2_control_course/unit5) by extension 'python'
[0.316s] Level 1:colcon.colcon_core.package_identification:_identify(src/ros2_control_course/unit5) by extensions ['python_setup_py']
[0.316s] Level 1:colcon.colcon_core.package_identification:_identify(src/ros2_control_course/unit5) by extension 'python_setup_py'
[0.316s] Level 1:colcon.colcon_core.package_identification:_identify(src/ros2_control_course/unit5/diffbot_description) by extensions ['ignore', 'ignore_ament_install']
[0.316s] Level 1:colcon.colcon_core.package_identification:_identify(src/ros2_control_course/unit5/diffbot_description) by extension 'ignore'
[0.316s] Level 1:colcon.colcon_core.package_identification:_identify(src/ros2_control_course/unit5/diffbot_description) by extension 'ignore_ament_install'
[0.316s] Level 1:colcon.colcon_core.package_identification:_identify(src/ros2_control_course/unit5/diffbot_description) by extensions ['colcon_pkg']
[0.316s] Level 1:colcon.colcon_core.package_identification:_identify(src/ros2_control_course/unit5/diffbot_description) by extension 'colcon_pkg'
[0.316s] Level 1:colcon.colcon_core.package_identification:_identify(src/ros2_control_course/unit5/diffbot_description) by extensions ['colcon_meta']
[0.316s] Level 1:colcon.colcon_core.package_identification:_identify(src/ros2_control_course/unit5/diffbot_description) by extension 'colcon_meta'
[0.316s] Level 1:colcon.colcon_core.package_identification:_identify(src/ros2_control_course/unit5/diffbot_description) by extensions ['ros']
[0.316s] Level 1:colcon.colcon_core.package_identification:_identify(src/ros2_control_course/unit5/diffbot_description) by extension 'ros'
[0.317s] DEBUG:colcon.colcon_core.package_identification:Package 'src/ros2_control_course/unit5/diffbot_description' with type 'ros.ament_cmake' and name 'diffbot_description'
[0.317s] Level 1:colcon.colcon_core.package_identification:_identify(src/ros2_control_course/unit5/diffbot_sim) by extensions ['ignore', 'ignore_ament_install']
[0.317s] Level 1:colcon.colcon_core.package_identification:_identify(src/ros2_control_course/unit5/diffbot_sim) by extension 'ignore'
[0.317s] Level 1:colcon.colcon_core.package_identification:_identify(src/ros2_control_course/unit5/diffbot_sim) by extension 'ignore_ament_install'
[0.317s] Level 1:colcon.colcon_core.package_identification:_identify(src/ros2_control_course/unit5/diffbot_sim) by extensions ['colcon_pkg']
[0.318s] Level 1:colcon.colcon_core.package_identification:_identify(src/ros2_control_course/unit5/diffbot_sim) by extension 'colcon_pkg'
[0.318s] Level 1:colcon.colcon_core.package_identification:_identify(src/ros2_control_course/unit5/diffbot_sim) by extensions ['colcon_meta']
[0.318s] Level 1:colcon.colcon_core.package_identification:_identify(src/ros2_control_course/unit5/diffbot_sim) by extension 'colcon_meta'
[0.318s] Level 1:colcon.colcon_core.package_identification:_identify(src/ros2_control_course/unit5/diffbot_sim) by extensions ['ros']
[0.318s] Level 1:colcon.colcon_core.package_identification:_identify(src/ros2_control_course/unit5/diffbot_sim) by extension 'ros'
[0.319s] DEBUG:colcon.colcon_core.package_identification:Package 'src/ros2_control_course/unit5/diffbot_sim' with type 'ros.ament_cmake' and name 'diffbot_sim'
[0.319s] Level 1:colcon.colcon_core.package_identification:_identify(src/ros2_control_course/unit5/rrbot_unit5) by extensions ['ignore', 'ignore_ament_install']
[0.319s] Level 1:colcon.colcon_core.package_identification:_identify(src/ros2_control_course/unit5/rrbot_unit5) by extension 'ignore'
[0.319s] Level 1:colcon.colcon_core.package_identification:_identify(src/ros2_control_course/unit5/rrbot_unit5) by extension 'ignore_ament_install'
[0.319s] Level 1:colcon.colcon_core.package_identification:_identify(src/ros2_control_course/unit5/rrbot_unit5) by extensions ['colcon_pkg']
[0.319s] Level 1:colcon.colcon_core.package_identification:_identify(src/ros2_control_course/unit5/rrbot_unit5) by extension 'colcon_pkg'
[0.319s] Level 1:colcon.colcon_core.package_identification:_identify(src/ros2_control_course/unit5/rrbot_unit5) by extensions ['colcon_meta']
[0.319s] Level 1:colcon.colcon_core.package_identification:_identify(src/ros2_control_course/unit5/rrbot_unit5) by extension 'colcon_meta'
[0.319s] Level 1:colcon.colcon_core.package_identification:_identify(src/ros2_control_course/unit5/rrbot_unit5) by extensions ['ros']
[0.319s] Level 1:colcon.colcon_core.package_identification:_identify(src/ros2_control_course/unit5/rrbot_unit5) by extension 'ros'
[0.320s] DEBUG:colcon.colcon_core.package_identification:Package 'src/ros2_control_course/unit5/rrbot_unit5' with type 'ros.ament_cmake' and name 'rrbot_unit5'
[0.320s] Level 1:colcon.colcon_core.package_identification:_identify(src/ros2_control_course/unit5/spawn_robot) by extensions ['ignore', 'ignore_ament_install']
[0.320s] Level 1:colcon.colcon_core.package_identification:_identify(src/ros2_control_course/unit5/spawn_robot) by extension 'ignore'
[0.320s] Level 1:colcon.colcon_core.package_identification:_identify(src/ros2_control_course/unit5/spawn_robot) by extension 'ignore_ament_install'
[0.320s] Level 1:colcon.colcon_core.package_identification:_identify(src/ros2_control_course/unit5/spawn_robot) by extensions ['colcon_pkg']
[0.320s] Level 1:colcon.colcon_core.package_identification:_identify(src/ros2_control_course/unit5/spawn_robot) by extension 'colcon_pkg'
[0.320s] Level 1:colcon.colcon_core.package_identification:_identify(src/ros2_control_course/unit5/spawn_robot) by extensions ['colcon_meta']
[0.320s] Level 1:colcon.colcon_core.package_identification:_identify(src/ros2_control_course/unit5/spawn_robot) by extension 'colcon_meta'
[0.320s] Level 1:colcon.colcon_core.package_identification:_identify(src/ros2_control_course/unit5/spawn_robot) by extensions ['ros']
[0.320s] Level 1:colcon.colcon_core.package_identification:_identify(src/ros2_control_course/unit5/spawn_robot) by extension 'ros'
[0.321s] DEBUG:colcon.colcon_core.package_identification:Package 'src/ros2_control_course/unit5/spawn_robot' with type 'ros.ament_cmake' and name 'spawn_robot'
[0.321s] Level 1:colcon.colcon_core.package_identification:_identify(src/ros2_control_course/unit6) by extensions ['ignore', 'ignore_ament_install']
[0.321s] Level 1:colcon.colcon_core.package_identification:_identify(src/ros2_control_course/unit6) by extension 'ignore'
[0.321s] Level 1:colcon.colcon_core.package_identification:_identify(src/ros2_control_course/unit6) by extension 'ignore_ament_install'
[0.321s] Level 1:colcon.colcon_core.package_identification:_identify(src/ros2_control_course/unit6) by extensions ['colcon_pkg']
[0.321s] Level 1:colcon.colcon_core.package_identification:_identify(src/ros2_control_course/unit6) by extension 'colcon_pkg'
[0.321s] Level 1:colcon.colcon_core.package_identification:_identify(src/ros2_control_course/unit6) by extensions ['colcon_meta']
[0.321s] Level 1:colcon.colcon_core.package_identification:_identify(src/ros2_control_course/unit6) by extension 'colcon_meta'
[0.321s] Level 1:colcon.colcon_core.package_identification:_identify(src/ros2_control_course/unit6) by extensions ['ros']
[0.321s] Level 1:colcon.colcon_core.package_identification:_identify(src/ros2_control_course/unit6) by extension 'ros'
[0.321s] Level 1:colcon.colcon_core.package_identification:_identify(src/ros2_control_course/unit6) by extensions ['cmake', 'python']
[0.321s] Level 1:colcon.colcon_core.package_identification:_identify(src/ros2_control_course/unit6) by extension 'cmake'
[0.321s] Level 1:colcon.colcon_core.package_identification:_identify(src/ros2_control_course/unit6) by extension 'python'
[0.322s] Level 1:colcon.colcon_core.package_identification:_identify(src/ros2_control_course/unit6) by extensions ['python_setup_py']
[0.322s] Level 1:colcon.colcon_core.package_identification:_identify(src/ros2_control_course/unit6) by extension 'python_setup_py'
[0.322s] Level 1:colcon.colcon_core.package_identification:_identify(src/ros2_control_course/unit6/solo_description) by extensions ['ignore', 'ignore_ament_install']
[0.322s] Level 1:colcon.colcon_core.package_identification:_identify(src/ros2_control_course/unit6/solo_description) by extension 'ignore'
[0.322s] Level 1:colcon.colcon_core.package_identification:_identify(src/ros2_control_course/unit6/solo_description) by extension 'ignore_ament_install'
[0.322s] Level 1:colcon.colcon_core.package_identification:_identify(src/ros2_control_course/unit6/solo_description) by extensions ['colcon_pkg']
[0.322s] Level 1:colcon.colcon_core.package_identification:_identify(src/ros2_control_course/unit6/solo_description) by extension 'colcon_pkg'
[0.322s] Level 1:colcon.colcon_core.package_identification:_identify(src/ros2_control_course/unit6/solo_description) by extensions ['colcon_meta']
[0.322s] Level 1:colcon.colcon_core.package_identification:_identify(src/ros2_control_course/unit6/solo_description) by extension 'colcon_meta'
[0.322s] Level 1:colcon.colcon_core.package_identification:_identify(src/ros2_control_course/unit6/solo_description) by extensions ['ros']
[0.322s] Level 1:colcon.colcon_core.package_identification:_identify(src/ros2_control_course/unit6/solo_description) by extension 'ros'
[0.323s] DEBUG:colcon.colcon_core.package_identification:Package 'src/ros2_control_course/unit6/solo_description' with type 'ros.ament_cmake' and name 'solo_description'
[0.323s] Level 1:colcon.colcon_core.package_identification:_identify(src/ros2_control_course/unit6/spawn_solo) by extensions ['ignore', 'ignore_ament_install']
[0.323s] Level 1:colcon.colcon_core.package_identification:_identify(src/ros2_control_course/unit6/spawn_solo) by extension 'ignore'
[0.323s] Level 1:colcon.colcon_core.package_identification:_identify(src/ros2_control_course/unit6/spawn_solo) by extension 'ignore_ament_install'
[0.323s] Level 1:colcon.colcon_core.package_identification:_identify(src/ros2_control_course/unit6/spawn_solo) by extensions ['colcon_pkg']
[0.323s] Level 1:colcon.colcon_core.package_identification:_identify(src/ros2_control_course/unit6/spawn_solo) by extension 'colcon_pkg'
[0.323s] Level 1:colcon.colcon_core.package_identification:_identify(src/ros2_control_course/unit6/spawn_solo) by extensions ['colcon_meta']
[0.323s] Level 1:colcon.colcon_core.package_identification:_identify(src/ros2_control_course/unit6/spawn_solo) by extension 'colcon_meta'
[0.323s] Level 1:colcon.colcon_core.package_identification:_identify(src/ros2_control_course/unit6/spawn_solo) by extensions ['ros']
[0.323s] Level 1:colcon.colcon_core.package_identification:_identify(src/ros2_control_course/unit6/spawn_solo) by extension 'ros'
[0.324s] DEBUG:colcon.colcon_core.package_identification:Package 'src/ros2_control_course/unit6/spawn_solo' with type 'ros.ament_cmake' and name 'spawn_solo'
[0.324s] Level 1:colcon.colcon_core.package_identification:_identify(src/rrbot_controller) by extensions ['ignore', 'ignore_ament_install']
[0.324s] Level 1:colcon.colcon_core.package_identification:_identify(src/rrbot_controller) by extension 'ignore'
[0.324s] Level 1:colcon.colcon_core.package_identification:_identify(src/rrbot_controller) by extension 'ignore_ament_install'
[0.325s] Level 1:colcon.colcon_core.package_identification:_identify(src/rrbot_controller) by extensions ['colcon_pkg']
[0.325s] Level 1:colcon.colcon_core.package_identification:_identify(src/rrbot_controller) by extension 'colcon_pkg'
[0.325s] Level 1:colcon.colcon_core.package_identification:_identify(src/rrbot_controller) by extensions ['colcon_meta']
[0.325s] Level 1:colcon.colcon_core.package_identification:_identify(src/rrbot_controller) by extension 'colcon_meta'
[0.325s] Level 1:colcon.colcon_core.package_identification:_identify(src/rrbot_controller) by extensions ['ros']
[0.325s] Level 1:colcon.colcon_core.package_identification:_identify(src/rrbot_controller) by extension 'ros'
[0.326s] DEBUG:colcon.colcon_core.package_identification:Package 'src/rrbot_controller' with type 'ros.ament_cmake' and name 'rrbot_controller'
[0.326s] Level 1:colcon.colcon_core.package_discovery:discover_packages(recursive) using defaults
[0.327s] Level 1:colcon.colcon_core.package_discovery:discover_packages(ignore) discover
[0.327s] Level 1:colcon.colcon_core.package_discovery:discover_packages(ignore) using defaults
[0.327s] Level 1:colcon.colcon_core.package_discovery:discover_packages(path) discover
[0.327s] Level 1:colcon.colcon_core.package_discovery:discover_packages(path) using defaults
[0.360s] Level 5:colcon.colcon_core.verb:set package 'diffbot_description' build argument 'cmake_args' from command line to 'None'
[0.360s] Level 5:colcon.colcon_core.verb:set package 'diffbot_description' build argument 'cmake_target' from command line to 'None'
[0.360s] Level 5:colcon.colcon_core.verb:set package 'diffbot_description' build argument 'cmake_target_skip_unavailable' from command line to 'False'
[0.360s] Level 5:colcon.colcon_core.verb:set package 'diffbot_description' build argument 'cmake_clean_cache' from command line to 'False'
[0.360s] Level 5:colcon.colcon_core.verb:set package 'diffbot_description' build argument 'cmake_clean_first' from command line to 'False'
[0.360s] Level 5:colcon.colcon_core.verb:set package 'diffbot_description' build argument 'cmake_force_configure' from command line to 'False'
[0.360s] Level 5:colcon.colcon_core.verb:set package 'diffbot_description' build argument 'ament_cmake_args' from command line to 'None'
[0.360s] Level 5:colcon.colcon_core.verb:set package 'diffbot_description' build argument 'catkin_cmake_args' from command line to 'None'
[0.360s] Level 5:colcon.colcon_core.verb:set package 'diffbot_description' build argument 'catkin_skip_building_tests' from command line to 'False'
[0.360s] DEBUG:colcon.colcon_core.verb:Building package 'diffbot_description' with the following arguments: {'ament_cmake_args': None, 'build_base': '/home/user/ros2_ws/build/diffbot_description', 'catkin_cmake_args': None, 'catkin_skip_building_tests': False, 'cmake_args': None, 'cmake_clean_cache': False, 'cmake_clean_first': False, 'cmake_force_configure': False, 'cmake_target': None, 'cmake_target_skip_unavailable': False, 'install_base': '/home/user/ros2_ws/install/diffbot_description', 'merge_install': False, 'path': '/home/user/ros2_ws/src/ros2_control_course/unit5/diffbot_description', 'symlink_install': False, 'test_result_base': None}
[0.361s] Level 5:colcon.colcon_core.verb:set package 'diffbot_sim' build argument 'cmake_args' from command line to 'None'
[0.361s] Level 5:colcon.colcon_core.verb:set package 'diffbot_sim' build argument 'cmake_target' from command line to 'None'
[0.361s] Level 5:colcon.colcon_core.verb:set package 'diffbot_sim' build argument 'cmake_target_skip_unavailable' from command line to 'False'
[0.361s] Level 5:colcon.colcon_core.verb:set package 'diffbot_sim' build argument 'cmake_clean_cache' from command line to 'False'
[0.361s] Level 5:colcon.colcon_core.verb:set package 'diffbot_sim' build argument 'cmake_clean_first' from command line to 'False'
[0.361s] Level 5:colcon.colcon_core.verb:set package 'diffbot_sim' build argument 'cmake_force_configure' from command line to 'False'
[0.361s] Level 5:colcon.colcon_core.verb:set package 'diffbot_sim' build argument 'ament_cmake_args' from command line to 'None'
[0.361s] Level 5:colcon.colcon_core.verb:set package 'diffbot_sim' build argument 'catkin_cmake_args' from command line to 'None'
[0.361s] Level 5:colcon.colcon_core.verb:set package 'diffbot_sim' build argument 'catkin_skip_building_tests' from command line to 'False'
[0.361s] DEBUG:colcon.colcon_core.verb:Building package 'diffbot_sim' with the following arguments: {'ament_cmake_args': None, 'build_base': '/home/user/ros2_ws/build/diffbot_sim', 'catkin_cmake_args': None, 'catkin_skip_building_tests': False, 'cmake_args': None, 'cmake_clean_cache': False, 'cmake_clean_first': False, 'cmake_force_configure': False, 'cmake_target': None, 'cmake_target_skip_unavailable': False, 'install_base': '/home/user/ros2_ws/install/diffbot_sim', 'merge_install': False, 'path': '/home/user/ros2_ws/src/ros2_control_course/unit5/diffbot_sim', 'symlink_install': False, 'test_result_base': None}
[0.362s] Level 5:colcon.colcon_core.verb:set package 'dynamixel_sdk' build argument 'cmake_args' from command line to 'None'
[0.362s] Level 5:colcon.colcon_core.verb:set package 'dynamixel_sdk' build argument 'cmake_target' from command line to 'None'
[0.362s] Level 5:colcon.colcon_core.verb:set package 'dynamixel_sdk' build argument 'cmake_target_skip_unavailable' from command line to 'False'
[0.362s] Level 5:colcon.colcon_core.verb:set package 'dynamixel_sdk' build argument 'cmake_clean_cache' from command line to 'False'
[0.362s] Level 5:colcon.colcon_core.verb:set package 'dynamixel_sdk' build argument 'cmake_clean_first' from command line to 'False'
[0.362s] Level 5:colcon.colcon_core.verb:set package 'dynamixel_sdk' build argument 'cmake_force_configure' from command line to 'False'
[0.362s] Level 5:colcon.colcon_core.verb:set package 'dynamixel_sdk' build argument 'ament_cmake_args' from command line to 'None'
[0.362s] Level 5:colcon.colcon_core.verb:set package 'dynamixel_sdk' build argument 'catkin_cmake_args' from command line to 'None'
[0.362s] Level 5:colcon.colcon_core.verb:set package 'dynamixel_sdk' build argument 'catkin_skip_building_tests' from command line to 'False'
[0.362s] DEBUG:colcon.colcon_core.verb:Building package 'dynamixel_sdk' with the following arguments: {'ament_cmake_args': None, 'build_base': '/home/user/ros2_ws/build/dynamixel_sdk', 'catkin_cmake_args': None, 'catkin_skip_building_tests': False, 'cmake_args': None, 'cmake_clean_cache': False, 'cmake_clean_first': False, 'cmake_force_configure': False, 'cmake_target': None, 'cmake_target_skip_unavailable': False, 'install_base': '/home/user/ros2_ws/install/dynamixel_sdk', 'merge_install': False, 'path': '/home/user/ros2_ws/src/DynamixelSDK/dynamixel_sdk', 'symlink_install': False, 'test_result_base': None}
[0.362s] Level 5:colcon.colcon_core.verb:set package 'dynamixel_sdk_custom_interfaces' build argument 'cmake_args' from command line to 'None'
[0.363s] Level 5:colcon.colcon_core.verb:set package 'dynamixel_sdk_custom_interfaces' build argument 'cmake_target' from command line to 'None'
[0.363s] Level 5:colcon.colcon_core.verb:set package 'dynamixel_sdk_custom_interfaces' build argument 'cmake_target_skip_unavailable' from command line to 'False'
[0.363s] Level 5:colcon.colcon_core.verb:set package 'dynamixel_sdk_custom_interfaces' build argument 'cmake_clean_cache' from command line to 'False'
[0.363s] Level 5:colcon.colcon_core.verb:set package 'dynamixel_sdk_custom_interfaces' build argument 'cmake_clean_first' from command line to 'False'
[0.363s] Level 5:colcon.colcon_core.verb:set package 'dynamixel_sdk_custom_interfaces' build argument 'cmake_force_configure' from command line to 'False'
[0.363s] Level 5:colcon.colcon_core.verb:set package 'dynamixel_sdk_custom_interfaces' build argument 'ament_cmake_args' from command line to 'None'
[0.363s] Level 5:colcon.colcon_core.verb:set package 'dynamixel_sdk_custom_interfaces' build argument 'catkin_cmake_args' from command line to 'None'
[0.363s] Level 5:colcon.colcon_core.verb:set package 'dynamixel_sdk_custom_interfaces' build argument 'catkin_skip_building_tests' from command line to 'False'
[0.363s] DEBUG:colcon.colcon_core.verb:Building package 'dynamixel_sdk_custom_interfaces' with the following arguments: {'ament_cmake_args': None, 'build_base': '/home/user/ros2_ws/build/dynamixel_sdk_custom_interfaces', 'catkin_cmake_args': None, 'catkin_skip_building_tests': False, 'cmake_args': None, 'cmake_clean_cache': False, 'cmake_clean_first': False, 'cmake_force_configure': False, 'cmake_target': None, 'cmake_target_skip_unavailable': False, 'install_base': '/home/user/ros2_ws/install/dynamixel_sdk_custom_interfaces', 'merge_install': False, 'path': '/home/user/ros2_ws/src/DynamixelSDK/dynamixel_sdk_custom_interfaces', 'symlink_install': False, 'test_result_base': None}
[0.363s] Level 5:colcon.colcon_core.verb:set package 'joint_trajectory_demo' build argument 'cmake_args' from command line to 'None'
[0.363s] Level 5:colcon.colcon_core.verb:set package 'joint_trajectory_demo' build argument 'cmake_target' from command line to 'None'
[0.363s] Level 5:colcon.colcon_core.verb:set package 'joint_trajectory_demo' build argument 'cmake_target_skip_unavailable' from command line to 'False'
[0.364s] Level 5:colcon.colcon_core.verb:set package 'joint_trajectory_demo' build argument 'cmake_clean_cache' from command line to 'False'
[0.364s] Level 5:colcon.colcon_core.verb:set package 'joint_trajectory_demo' build argument 'cmake_clean_first' from command line to 'False'
[0.364s] Level 5:colcon.colcon_core.verb:set package 'joint_trajectory_demo' build argument 'cmake_force_configure' from command line to 'False'
[0.364s] Level 5:colcon.colcon_core.verb:set package 'joint_trajectory_demo' build argument 'ament_cmake_args' from command line to 'None'
[0.364s] Level 5:colcon.colcon_core.verb:set package 'joint_trajectory_demo' build argument 'catkin_cmake_args' from command line to 'None'
[0.364s] Level 5:colcon.colcon_core.verb:set package 'joint_trajectory_demo' build argument 'catkin_skip_building_tests' from command line to 'False'
[0.364s] DEBUG:colcon.colcon_core.verb:Building package 'joint_trajectory_demo' with the following arguments: {'ament_cmake_args': None, 'build_base': '/home/user/ros2_ws/build/joint_trajectory_demo', 'catkin_cmake_args': None, 'catkin_skip_building_tests': False, 'cmake_args': None, 'cmake_clean_cache': False, 'cmake_clean_first': False, 'cmake_force_configure': False, 'cmake_target': None, 'cmake_target_skip_unavailable': False, 'install_base': '/home/user/ros2_ws/install/joint_trajectory_demo', 'merge_install': False, 'path': '/home/user/ros2_ws/src/ros2_control_course/unit1/joint_trajectory_demo', 'symlink_install': False, 'test_result_base': None}
[0.364s] Level 5:colcon.colcon_core.verb:set package 'joint_trajectory_publisher' build argument 'cmake_args' from command line to 'None'
[0.364s] Level 5:colcon.colcon_core.verb:set package 'joint_trajectory_publisher' build argument 'cmake_target' from command line to 'None'
[0.364s] Level 5:colcon.colcon_core.verb:set package 'joint_trajectory_publisher' build argument 'cmake_target_skip_unavailable' from command line to 'False'
[0.364s] Level 5:colcon.colcon_core.verb:set package 'joint_trajectory_publisher' build argument 'cmake_clean_cache' from command line to 'False'
[0.364s] Level 5:colcon.colcon_core.verb:set package 'joint_trajectory_publisher' build argument 'cmake_clean_first' from command line to 'False'
[0.365s] Level 5:colcon.colcon_core.verb:set package 'joint_trajectory_publisher' build argument 'cmake_force_configure' from command line to 'False'
[0.365s] Level 5:colcon.colcon_core.verb:set package 'joint_trajectory_publisher' build argument 'ament_cmake_args' from command line to 'None'
[0.365s] Level 5:colcon.colcon_core.verb:set package 'joint_trajectory_publisher' build argument 'catkin_cmake_args' from command line to 'None'
[0.365s] Level 5:colcon.colcon_core.verb:set package 'joint_trajectory_publisher' build argument 'catkin_skip_building_tests' from command line to 'False'
[0.365s] DEBUG:colcon.colcon_core.verb:Building package 'joint_trajectory_publisher' with the following arguments: {'ament_cmake_args': None, 'build_base': '/home/user/ros2_ws/build/joint_trajectory_publisher', 'catkin_cmake_args': None, 'catkin_skip_building_tests': False, 'cmake_args': None, 'cmake_clean_cache': False, 'cmake_clean_first': False, 'cmake_force_configure': False, 'cmake_target': None, 'cmake_target_skip_unavailable': False, 'install_base': '/home/user/ros2_ws/install/joint_trajectory_publisher', 'merge_install': False, 'path': '/home/user/ros2_ws/src/ros2_control_course/common/joint_trajectory_publisher', 'symlink_install': False, 'test_result_base': None}
[0.365s] Level 5:colcon.colcon_core.verb:set package 'my_quadruped_bringup' build argument 'cmake_args' from command line to 'None'
[0.365s] Level 5:colcon.colcon_core.verb:set package 'my_quadruped_bringup' build argument 'cmake_target' from command line to 'None'
[0.365s] Level 5:colcon.colcon_core.verb:set package 'my_quadruped_bringup' build argument 'cmake_target_skip_unavailable' from command line to 'False'
[0.365s] Level 5:colcon.colcon_core.verb:set package 'my_quadruped_bringup' build argument 'cmake_clean_cache' from command line to 'False'
[0.365s] Level 5:colcon.colcon_core.verb:set package 'my_quadruped_bringup' build argument 'cmake_clean_first' from command line to 'False'
[0.365s] Level 5:colcon.colcon_core.verb:set package 'my_quadruped_bringup' build argument 'cmake_force_configure' from command line to 'False'
[0.365s] Level 5:colcon.colcon_core.verb:set package 'my_quadruped_bringup' build argument 'ament_cmake_args' from command line to 'None'
[0.366s] Level 5:colcon.colcon_core.verb:set package 'my_quadruped_bringup' build argument 'catkin_cmake_args' from command line to 'None'
[0.366s] Level 5:colcon.colcon_core.verb:set package 'my_quadruped_bringup' build argument 'catkin_skip_building_tests' from command line to 'False'
[0.366s] DEBUG:colcon.colcon_core.verb:Building package 'my_quadruped_bringup' with the following arguments: {'ament_cmake_args': None, 'build_base': '/home/user/ros2_ws/build/my_quadruped_bringup', 'catkin_cmake_args': None, 'catkin_skip_building_tests': False, 'cmake_args': None, 'cmake_clean_cache': False, 'cmake_clean_first': False, 'cmake_force_configure': False, 'cmake_target': None, 'cmake_target_skip_unavailable': False, 'install_base': '/home/user/ros2_ws/install/my_quadruped_bringup', 'merge_install': False, 'path': '/home/user/ros2_ws/src/my_quadruped_bringup', 'symlink_install': False, 'test_result_base': None}
[0.366s] Level 5:colcon.colcon_core.verb:set package 'my_robot_bringup' build argument 'cmake_args' from command line to 'None'
[0.366s] Level 5:colcon.colcon_core.verb:set package 'my_robot_bringup' build argument 'cmake_target' from command line to 'None'
[0.366s] Level 5:colcon.colcon_core.verb:set package 'my_robot_bringup' build argument 'cmake_target_skip_unavailable' from command line to 'False'
[0.366s] Level 5:colcon.colcon_core.verb:set package 'my_robot_bringup' build argument 'cmake_clean_cache' from command line to 'False'
[0.366s] Level 5:colcon.colcon_core.verb:set package 'my_robot_bringup' build argument 'cmake_clean_first' from command line to 'False'
[0.366s] Level 5:colcon.colcon_core.verb:set package 'my_robot_bringup' build argument 'cmake_force_configure' from command line to 'False'
[0.366s] Level 5:colcon.colcon_core.verb:set package 'my_robot_bringup' build argument 'ament_cmake_args' from command line to 'None'
[0.366s] Level 5:colcon.colcon_core.verb:set package 'my_robot_bringup' build argument 'catkin_cmake_args' from command line to 'None'
[0.366s] Level 5:colcon.colcon_core.verb:set package 'my_robot_bringup' build argument 'catkin_skip_building_tests' from command line to 'False'
[0.366s] DEBUG:colcon.colcon_core.verb:Building package 'my_robot_bringup' with the following arguments: {'ament_cmake_args': None, 'build_base': '/home/user/ros2_ws/build/my_robot_bringup', 'catkin_cmake_args': None, 'catkin_skip_building_tests': False, 'cmake_args': None, 'cmake_clean_cache': False, 'cmake_clean_first': False, 'cmake_force_configure': False, 'cmake_target': None, 'cmake_target_skip_unavailable': False, 'install_base': '/home/user/ros2_ws/install/my_robot_bringup', 'merge_install': False, 'path': '/home/user/ros2_ws/src/my_robot_bringup', 'symlink_install': False, 'test_result_base': None}
[0.367s] Level 5:colcon.colcon_core.verb:set package 'my_robot_hardware_interface' build argument 'cmake_args' from command line to 'None'
[0.367s] Level 5:colcon.colcon_core.verb:set package 'my_robot_hardware_interface' build argument 'cmake_target' from command line to 'None'
[0.367s] Level 5:colcon.colcon_core.verb:set package 'my_robot_hardware_interface' build argument 'cmake_target_skip_unavailable' from command line to 'False'
[0.367s] Level 5:colcon.colcon_core.verb:set package 'my_robot_hardware_interface' build argument 'cmake_clean_cache' from command line to 'False'
[0.367s] Level 5:colcon.colcon_core.verb:set package 'my_robot_hardware_interface' build argument 'cmake_clean_first' from command line to 'False'
[0.367s] Level 5:colcon.colcon_core.verb:set package 'my_robot_hardware_interface' build argument 'cmake_force_configure' from command line to 'False'
[0.367s] Level 5:colcon.colcon_core.verb:set package 'my_robot_hardware_interface' build argument 'ament_cmake_args' from command line to 'None'
[0.367s] Level 5:colcon.colcon_core.verb:set package 'my_robot_hardware_interface' build argument 'catkin_cmake_args' from command line to 'None'
[0.367s] Level 5:colcon.colcon_core.verb:set package 'my_robot_hardware_interface' build argument 'catkin_skip_building_tests' from command line to 'False'
[0.367s] DEBUG:colcon.colcon_core.verb:Building package 'my_robot_hardware_interface' with the following arguments: {'ament_cmake_args': None, 'build_base': '/home/user/ros2_ws/build/my_robot_hardware_interface', 'catkin_cmake_args': None, 'catkin_skip_building_tests': False, 'cmake_args': None, 'cmake_clean_cache': False, 'cmake_clean_first': False, 'cmake_force_configure': False, 'cmake_target': None, 'cmake_target_skip_unavailable': False, 'install_base': '/home/user/ros2_ws/install/my_robot_hardware_interface', 'merge_install': False, 'path': '/home/user/ros2_ws/src/my_robot_hardware_interface', 'symlink_install': False, 'test_result_base': None}
[0.368s] Level 5:colcon.colcon_core.verb:set package 'rrbot_controller' build argument 'cmake_args' from command line to 'None'
[0.368s] Level 5:colcon.colcon_core.verb:set package 'rrbot_controller' build argument 'cmake_target' from command line to 'None'
[0.368s] Level 5:colcon.colcon_core.verb:set package 'rrbot_controller' build argument 'cmake_target_skip_unavailable' from command line to 'False'
[0.368s] Level 5:colcon.colcon_core.verb:set package 'rrbot_controller' build argument 'cmake_clean_cache' from command line to 'False'
[0.368s] Level 5:colcon.colcon_core.verb:set package 'rrbot_controller' build argument 'cmake_clean_first' from command line to 'False'
[0.368s] Level 5:colcon.colcon_core.verb:set package 'rrbot_controller' build argument 'cmake_force_configure' from command line to 'False'
[0.368s] Level 5:colcon.colcon_core.verb:set package 'rrbot_controller' build argument 'ament_cmake_args' from command line to 'None'
[0.368s] Level 5:colcon.colcon_core.verb:set package 'rrbot_controller' build argument 'catkin_cmake_args' from command line to 'None'
[0.368s] Level 5:colcon.colcon_core.verb:set package 'rrbot_controller' build argument 'catkin_skip_building_tests' from command line to 'False'
[0.368s] DEBUG:colcon.colcon_core.verb:Building package 'rrbot_controller' with the following arguments: {'ament_cmake_args': None, 'build_base': '/home/user/ros2_ws/build/rrbot_controller', 'catkin_cmake_args': None, 'catkin_skip_building_tests': False, 'cmake_args': None, 'cmake_clean_cache': False, 'cmake_clean_first': False, 'cmake_force_configure': False, 'cmake_target': None, 'cmake_target_skip_unavailable': False, 'install_base': '/home/user/ros2_ws/install/rrbot_controller', 'merge_install': False, 'path': '/home/user/ros2_ws/src/rrbot_controller', 'symlink_install': False, 'test_result_base': None}
[0.369s] Level 5:colcon.colcon_core.verb:set package 'rrbot_unit2' build argument 'cmake_args' from command line to 'None'
[0.369s] Level 5:colcon.colcon_core.verb:set package 'rrbot_unit2' build argument 'cmake_target' from command line to 'None'
[0.369s] Level 5:colcon.colcon_core.verb:set package 'rrbot_unit2' build argument 'cmake_target_skip_unavailable' from command line to 'False'
[0.369s] Level 5:colcon.colcon_core.verb:set package 'rrbot_unit2' build argument 'cmake_clean_cache' from command line to 'False'
[0.369s] Level 5:colcon.colcon_core.verb:set package 'rrbot_unit2' build argument 'cmake_clean_first' from command line to 'False'
[0.369s] Level 5:colcon.colcon_core.verb:set package 'rrbot_unit2' build argument 'cmake_force_configure' from command line to 'False'
[0.369s] Level 5:colcon.colcon_core.verb:set package 'rrbot_unit2' build argument 'ament_cmake_args' from command line to 'None'
[0.369s] Level 5:colcon.colcon_core.verb:set package 'rrbot_unit2' build argument 'catkin_cmake_args' from command line to 'None'
[0.369s] Level 5:colcon.colcon_core.verb:set package 'rrbot_unit2' build argument 'catkin_skip_building_tests' from command line to 'False'
[0.369s] DEBUG:colcon.colcon_core.verb:Building package 'rrbot_unit2' with the following arguments: {'ament_cmake_args': None, 'build_base': '/home/user/ros2_ws/build/rrbot_unit2', 'catkin_cmake_args': None, 'catkin_skip_building_tests': False, 'cmake_args': None, 'cmake_clean_cache': False, 'cmake_clean_first': False, 'cmake_force_configure': False, 'cmake_target': None, 'cmake_target_skip_unavailable': False, 'install_base': '/home/user/ros2_ws/install/rrbot_unit2', 'merge_install': False, 'path': '/home/user/ros2_ws/src/ros2_control_course/unit2/rrbot_unit2', 'symlink_install': False, 'test_result_base': None}
[0.370s] Level 5:colcon.colcon_core.verb:set package 'rrbot_unit3' build argument 'cmake_args' from command line to 'None'
[0.370s] Level 5:colcon.colcon_core.verb:set package 'rrbot_unit3' build argument 'cmake_target' from command line to 'None'
[0.370s] Level 5:colcon.colcon_core.verb:set package 'rrbot_unit3' build argument 'cmake_target_skip_unavailable' from command line to 'False'
[0.370s] Level 5:colcon.colcon_core.verb:set package 'rrbot_unit3' build argument 'cmake_clean_cache' from command line to 'False'
[0.370s] Level 5:colcon.colcon_core.verb:set package 'rrbot_unit3' build argument 'cmake_clean_first' from command line to 'False'
[0.370s] Level 5:colcon.colcon_core.verb:set package 'rrbot_unit3' build argument 'cmake_force_configure' from command line to 'False'
[0.370s] Level 5:colcon.colcon_core.verb:set package 'rrbot_unit3' build argument 'ament_cmake_args' from command line to 'None'
[0.370s] Level 5:colcon.colcon_core.verb:set package 'rrbot_unit3' build argument 'catkin_cmake_args' from command line to 'None'
[0.370s] Level 5:colcon.colcon_core.verb:set package 'rrbot_unit3' build argument 'catkin_skip_building_tests' from command line to 'False'
[0.370s] DEBUG:colcon.colcon_core.verb:Building package 'rrbot_unit3' with the following arguments: {'ament_cmake_args': None, 'build_base': '/home/user/ros2_ws/build/rrbot_unit3', 'catkin_cmake_args': None, 'catkin_skip_building_tests': False, 'cmake_args': None, 'cmake_clean_cache': False, 'cmake_clean_first': False, 'cmake_force_configure': False, 'cmake_target': None, 'cmake_target_skip_unavailable': False, 'install_base': '/home/user/ros2_ws/install/rrbot_unit3', 'merge_install': False, 'path': '/home/user/ros2_ws/src/ros2_control_course/unit3/rrbot_unit3', 'symlink_install': False, 'test_result_base': None}
[0.370s] Level 5:colcon.colcon_core.verb:set package 'rrbot_unit4' build argument 'cmake_args' from command line to 'None'
[0.370s] Level 5:colcon.colcon_core.verb:set package 'rrbot_unit4' build argument 'cmake_target' from command line to 'None'
[0.370s] Level 5:colcon.colcon_core.verb:set package 'rrbot_unit4' build argument 'cmake_target_skip_unavailable' from command line to 'False'
[0.370s] Level 5:colcon.colcon_core.verb:set package 'rrbot_unit4' build argument 'cmake_clean_cache' from command line to 'False'
[0.370s] Level 5:colcon.colcon_core.verb:set package 'rrbot_unit4' build argument 'cmake_clean_first' from command line to 'False'
[0.370s] Level 5:colcon.colcon_core.verb:set package 'rrbot_unit4' build argument 'cmake_force_configure' from command line to 'False'
[0.370s] Level 5:colcon.colcon_core.verb:set package 'rrbot_unit4' build argument 'ament_cmake_args' from command line to 'None'
[0.370s] Level 5:colcon.colcon_core.verb:set package 'rrbot_unit4' build argument 'catkin_cmake_args' from command line to 'None'
[0.371s] Level 5:colcon.colcon_core.verb:set package 'rrbot_unit4' build argument 'catkin_skip_building_tests' from command line to 'False'
[0.371s] DEBUG:colcon.colcon_core.verb:Building package 'rrbot_unit4' with the following arguments: {'ament_cmake_args': None, 'build_base': '/home/user/ros2_ws/build/rrbot_unit4', 'catkin_cmake_args': None, 'catkin_skip_building_tests': False, 'cmake_args': None, 'cmake_clean_cache': False, 'cmake_clean_first': False, 'cmake_force_configure': False, 'cmake_target': None, 'cmake_target_skip_unavailable': False, 'install_base': '/home/user/ros2_ws/install/rrbot_unit4', 'merge_install': False, 'path': '/home/user/ros2_ws/src/ros2_control_course/unit4/rrbot_unit4', 'symlink_install': False, 'test_result_base': None}
[0.371s] Level 5:colcon.colcon_core.verb:set package 'rrbot_unit5' build argument 'cmake_args' from command line to 'None'
[0.371s] Level 5:colcon.colcon_core.verb:set package 'rrbot_unit5' build argument 'cmake_target' from command line to 'None'
[0.371s] Level 5:colcon.colcon_core.verb:set package 'rrbot_unit5' build argument 'cmake_target_skip_unavailable' from command line to 'False'
[0.371s] Level 5:colcon.colcon_core.verb:set package 'rrbot_unit5' build argument 'cmake_clean_cache' from command line to 'False'
[0.371s] Level 5:colcon.colcon_core.verb:set package 'rrbot_unit5' build argument 'cmake_clean_first' from command line to 'False'
[0.371s] Level 5:colcon.colcon_core.verb:set package 'rrbot_unit5' build argument 'cmake_force_configure' from command line to 'False'
[0.371s] Level 5:colcon.colcon_core.verb:set package 'rrbot_unit5' build argument 'ament_cmake_args' from command line to 'None'
[0.371s] Level 5:colcon.colcon_core.verb:set package 'rrbot_unit5' build argument 'catkin_cmake_args' from command line to 'None'
[0.371s] Level 5:colcon.colcon_core.verb:set package 'rrbot_unit5' build argument 'catkin_skip_building_tests' from command line to 'False'
[0.371s] DEBUG:colcon.colcon_core.verb:Building package 'rrbot_unit5' with the following arguments: {'ament_cmake_args': None, 'build_base': '/home/user/ros2_ws/build/rrbot_unit5', 'catkin_cmake_args': None, 'catkin_skip_building_tests': False, 'cmake_args': None, 'cmake_clean_cache': False, 'cmake_clean_first': False, 'cmake_force_configure': False, 'cmake_target': None, 'cmake_target_skip_unavailable': False, 'install_base': '/home/user/ros2_ws/install/rrbot_unit5', 'merge_install': False, 'path': '/home/user/ros2_ws/src/ros2_control_course/unit5/rrbot_unit5', 'symlink_install': False, 'test_result_base': None}
[0.372s] Level 5:colcon.colcon_core.verb:set package 'solo_description' build argument 'cmake_args' from command line to 'None'
[0.372s] Level 5:colcon.colcon_core.verb:set package 'solo_description' build argument 'cmake_target' from command line to 'None'
[0.372s] Level 5:colcon.colcon_core.verb:set package 'solo_description' build argument 'cmake_target_skip_unavailable' from command line to 'False'
[0.372s] Level 5:colcon.colcon_core.verb:set package 'solo_description' build argument 'cmake_clean_cache' from command line to 'False'
[0.372s] Level 5:colcon.colcon_core.verb:set package 'solo_description' build argument 'cmake_clean_first' from command line to 'False'
[0.372s] Level 5:colcon.colcon_core.verb:set package 'solo_description' build argument 'cmake_force_configure' from command line to 'False'
[0.372s] Level 5:colcon.colcon_core.verb:set package 'solo_description' build argument 'ament_cmake_args' from command line to 'None'
[0.372s] Level 5:colcon.colcon_core.verb:set package 'solo_description' build argument 'catkin_cmake_args' from command line to 'None'
[0.372s] Level 5:colcon.colcon_core.verb:set package 'solo_description' build argument 'catkin_skip_building_tests' from command line to 'False'
[0.372s] DEBUG:colcon.colcon_core.verb:Building package 'solo_description' with the following arguments: {'ament_cmake_args': None, 'build_base': '/home/user/ros2_ws/build/solo_description', 'catkin_cmake_args': None, 'catkin_skip_building_tests': False, 'cmake_args': None, 'cmake_clean_cache': False, 'cmake_clean_first': False, 'cmake_force_configure': False, 'cmake_target': None, 'cmake_target_skip_unavailable': False, 'install_base': '/home/user/ros2_ws/install/solo_description', 'merge_install': False, 'path': '/home/user/ros2_ws/src/ros2_control_course/unit6/solo_description', 'symlink_install': False, 'test_result_base': None}
[0.372s] Level 5:colcon.colcon_core.verb:set package 'spawn_robot' build argument 'cmake_args' from command line to 'None'
[0.372s] Level 5:colcon.colcon_core.verb:set package 'spawn_robot' build argument 'cmake_target' from command line to 'None'
[0.372s] Level 5:colcon.colcon_core.verb:set package 'spawn_robot' build argument 'cmake_target_skip_unavailable' from command line to 'False'
[0.372s] Level 5:colcon.colcon_core.verb:set package 'spawn_robot' build argument 'cmake_clean_cache' from command line to 'False'
[0.372s] Level 5:colcon.colcon_core.verb:set package 'spawn_robot' build argument 'cmake_clean_first' from command line to 'False'
[0.373s] Level 5:colcon.colcon_core.verb:set package 'spawn_robot' build argument 'cmake_force_configure' from command line to 'False'
[0.373s] Level 5:colcon.colcon_core.verb:set package 'spawn_robot' build argument 'ament_cmake_args' from command line to 'None'
[0.373s] Level 5:colcon.colcon_core.verb:set package 'spawn_robot' build argument 'catkin_cmake_args' from command line to 'None'
[0.373s] Level 5:colcon.colcon_core.verb:set package 'spawn_robot' build argument 'catkin_skip_building_tests' from command line to 'False'
[0.373s] DEBUG:colcon.colcon_core.verb:Building package 'spawn_robot' with the following arguments: {'ament_cmake_args': None, 'build_base': '/home/user/ros2_ws/build/spawn_robot', 'catkin_cmake_args': None, 'catkin_skip_building_tests': False, 'cmake_args': None, 'cmake_clean_cache': False, 'cmake_clean_first': False, 'cmake_force_configure': False, 'cmake_target': None, 'cmake_target_skip_unavailable': False, 'install_base': '/home/user/ros2_ws/install/spawn_robot', 'merge_install': False, 'path': '/home/user/ros2_ws/src/ros2_control_course/unit5/spawn_robot', 'symlink_install': False, 'test_result_base': None}
[0.373s] Level 5:colcon.colcon_core.verb:set package 'spawn_solo' build argument 'cmake_args' from command line to 'None'
[0.373s] Level 5:colcon.colcon_core.verb:set package 'spawn_solo' build argument 'cmake_target' from command line to 'None'
[0.373s] Level 5:colcon.colcon_core.verb:set package 'spawn_solo' build argument 'cmake_target_skip_unavailable' from command line to 'False'
[0.373s] Level 5:colcon.colcon_core.verb:set package 'spawn_solo' build argument 'cmake_clean_cache' from command line to 'False'
[0.373s] Level 5:colcon.colcon_core.verb:set package 'spawn_solo' build argument 'cmake_clean_first' from command line to 'False'
[0.373s] Level 5:colcon.colcon_core.verb:set package 'spawn_solo' build argument 'cmake_force_configure' from command line to 'False'
[0.373s] Level 5:colcon.colcon_core.verb:set package 'spawn_solo' build argument 'ament_cmake_args' from command line to 'None'
[0.373s] Level 5:colcon.colcon_core.verb:set package 'spawn_solo' build argument 'catkin_cmake_args' from command line to 'None'
[0.374s] Level 5:colcon.colcon_core.verb:set package 'spawn_solo' build argument 'catkin_skip_building_tests' from command line to 'False'
[0.374s] DEBUG:colcon.colcon_core.verb:Building package 'spawn_solo' with the following arguments: {'ament_cmake_args': None, 'build_base': '/home/user/ros2_ws/build/spawn_solo', 'catkin_cmake_args': None, 'catkin_skip_building_tests': False, 'cmake_args': None, 'cmake_clean_cache': False, 'cmake_clean_first': False, 'cmake_force_configure': False, 'cmake_target': None, 'cmake_target_skip_unavailable': False, 'install_base': '/home/user/ros2_ws/install/spawn_solo', 'merge_install': False, 'path': '/home/user/ros2_ws/src/ros2_control_course/unit6/spawn_solo', 'symlink_install': False, 'test_result_base': None}
[0.374s] Level 5:colcon.colcon_core.verb:set package 'dynamixel_sdk_examples' build argument 'cmake_args' from command line to 'None'
[0.374s] Level 5:colcon.colcon_core.verb:set package 'dynamixel_sdk_examples' build argument 'cmake_target' from command line to 'None'
[0.374s] Level 5:colcon.colcon_core.verb:set package 'dynamixel_sdk_examples' build argument 'cmake_target_skip_unavailable' from command line to 'False'
[0.374s] Level 5:colcon.colcon_core.verb:set package 'dynamixel_sdk_examples' build argument 'cmake_clean_cache' from command line to 'False'
[0.374s] Level 5:colcon.colcon_core.verb:set package 'dynamixel_sdk_examples' build argument 'cmake_clean_first' from command line to 'False'
[0.374s] Level 5:colcon.colcon_core.verb:set package 'dynamixel_sdk_examples' build argument 'cmake_force_configure' from command line to 'False'
[0.374s] Level 5:colcon.colcon_core.verb:set package 'dynamixel_sdk_examples' build argument 'ament_cmake_args' from command line to 'None'
[0.374s] Level 5:colcon.colcon_core.verb:set package 'dynamixel_sdk_examples' build argument 'catkin_cmake_args' from command line to 'None'
[0.374s] Level 5:colcon.colcon_core.verb:set package 'dynamixel_sdk_examples' build argument 'catkin_skip_building_tests' from command line to 'False'
[0.374s] DEBUG:colcon.colcon_core.verb:Building package 'dynamixel_sdk_examples' with the following arguments: {'ament_cmake_args': None, 'build_base': '/home/user/ros2_ws/build/dynamixel_sdk_examples', 'catkin_cmake_args': None, 'catkin_skip_building_tests': False, 'cmake_args': None, 'cmake_clean_cache': False, 'cmake_clean_first': False, 'cmake_force_configure': False, 'cmake_target': None, 'cmake_target_skip_unavailable': False, 'install_base': '/home/user/ros2_ws/install/dynamixel_sdk_examples', 'merge_install': False, 'path': '/home/user/ros2_ws/src/DynamixelSDK/dynamixel_sdk_examples', 'symlink_install': False, 'test_result_base': None}
[0.375s] Level 5:colcon.colcon_core.verb:set package 'dynamixel_workbench_toolbox' build argument 'cmake_args' from command line to 'None'
[0.375s] Level 5:colcon.colcon_core.verb:set package 'dynamixel_workbench_toolbox' build argument 'cmake_target' from command line to 'None'
[0.375s] Level 5:colcon.colcon_core.verb:set package 'dynamixel_workbench_toolbox' build argument 'cmake_target_skip_unavailable' from command line to 'False'
[0.375s] Level 5:colcon.colcon_core.verb:set package 'dynamixel_workbench_toolbox' build argument 'cmake_clean_cache' from command line to 'False'
[0.375s] Level 5:colcon.colcon_core.verb:set package 'dynamixel_workbench_toolbox' build argument 'cmake_clean_first' from command line to 'False'
[0.375s] Level 5:colcon.colcon_core.verb:set package 'dynamixel_workbench_toolbox' build argument 'cmake_force_configure' from command line to 'False'
[0.375s] Level 5:colcon.colcon_core.verb:set package 'dynamixel_workbench_toolbox' build argument 'ament_cmake_args' from command line to 'None'
[0.375s] Level 5:colcon.colcon_core.verb:set package 'dynamixel_workbench_toolbox' build argument 'catkin_cmake_args' from command line to 'None'
[0.375s] Level 5:colcon.colcon_core.verb:set package 'dynamixel_workbench_toolbox' build argument 'catkin_skip_building_tests' from command line to 'False'
[0.375s] DEBUG:colcon.colcon_core.verb:Building package 'dynamixel_workbench_toolbox' with the following arguments: {'ament_cmake_args': None, 'build_base': '/home/user/ros2_ws/build/dynamixel_workbench_toolbox', 'catkin_cmake_args': None, 'catkin_skip_building_tests': False, 'cmake_args': None, 'cmake_clean_cache': False, 'cmake_clean_first': False, 'cmake_force_configure': False, 'cmake_target': None, 'cmake_target_skip_unavailable': False, 'install_base': '/home/user/ros2_ws/install/dynamixel_workbench_toolbox', 'merge_install': False, 'path': '/home/user/ros2_ws/src/dynamixel-workbench/dynamixel_workbench_toolbox', 'symlink_install': False, 'test_result_base': None}
[0.376s] Level 5:colcon.colcon_core.verb:set package 'dynamixel_hardware_interface' build argument 'cmake_args' from command line to 'None'
[0.376s] Level 5:colcon.colcon_core.verb:set package 'dynamixel_hardware_interface' build argument 'cmake_target' from command line to 'None'
[0.376s] Level 5:colcon.colcon_core.verb:set package 'dynamixel_hardware_interface' build argument 'cmake_target_skip_unavailable' from command line to 'False'
[0.376s] Level 5:colcon.colcon_core.verb:set package 'dynamixel_hardware_interface' build argument 'cmake_clean_cache' from command line to 'False'
[0.376s] Level 5:colcon.colcon_core.verb:set package 'dynamixel_hardware_interface' build argument 'cmake_clean_first' from command line to 'False'
[0.376s] Level 5:colcon.colcon_core.verb:set package 'dynamixel_hardware_interface' build argument 'cmake_force_configure' from command line to 'False'
[0.376s] Level 5:colcon.colcon_core.verb:set package 'dynamixel_hardware_interface' build argument 'ament_cmake_args' from command line to 'None'
[0.376s] Level 5:colcon.colcon_core.verb:set package 'dynamixel_hardware_interface' build argument 'catkin_cmake_args' from command line to 'None'
[0.376s] Level 5:colcon.colcon_core.verb:set package 'dynamixel_hardware_interface' build argument 'catkin_skip_building_tests' from command line to 'False'
[0.376s] DEBUG:colcon.colcon_core.verb:Building package 'dynamixel_hardware_interface' with the following arguments: {'ament_cmake_args': None, 'build_base': '/home/user/ros2_ws/build/dynamixel_hardware_interface', 'catkin_cmake_args': None, 'catkin_skip_building_tests': False, 'cmake_args': None, 'cmake_clean_cache': False, 'cmake_clean_first': False, 'cmake_force_configure': False, 'cmake_target': None, 'cmake_target_skip_unavailable': False, 'install_base': '/home/user/ros2_ws/install/dynamixel_hardware_interface', 'merge_install': False, 'path': '/home/user/ros2_ws/src/dynamixel_hardware_interface', 'symlink_install': False, 'test_result_base': None}
[0.377s] Level 5:colcon.colcon_core.verb:set package 'dynamixel_workbench' build argument 'cmake_args' from command line to 'None'
[0.377s] Level 5:colcon.colcon_core.verb:set package 'dynamixel_workbench' build argument 'cmake_target' from command line to 'None'
[0.377s] Level 5:colcon.colcon_core.verb:set package 'dynamixel_workbench' build argument 'cmake_target_skip_unavailable' from command line to 'False'
[0.377s] Level 5:colcon.colcon_core.verb:set package 'dynamixel_workbench' build argument 'cmake_clean_cache' from command line to 'False'
[0.377s] Level 5:colcon.colcon_core.verb:set package 'dynamixel_workbench' build argument 'cmake_clean_first' from command line to 'False'
[0.377s] Level 5:colcon.colcon_core.verb:set package 'dynamixel_workbench' build argument 'cmake_force_configure' from command line to 'False'
[0.377s] Level 5:colcon.colcon_core.verb:set package 'dynamixel_workbench' build argument 'ament_cmake_args' from command line to 'None'
[0.377s] Level 5:colcon.colcon_core.verb:set package 'dynamixel_workbench' build argument 'catkin_cmake_args' from command line to 'None'
[0.377s] Level 5:colcon.colcon_core.verb:set package 'dynamixel_workbench' build argument 'catkin_skip_building_tests' from command line to 'False'
[0.377s] DEBUG:colcon.colcon_core.verb:Building package 'dynamixel_workbench' with the following arguments: {'ament_cmake_args': None, 'build_base': '/home/user/ros2_ws/build/dynamixel_workbench', 'catkin_cmake_args': None, 'catkin_skip_building_tests': False, 'cmake_args': None, 'cmake_clean_cache': False, 'cmake_clean_first': False, 'cmake_force_configure': False, 'cmake_target': None, 'cmake_target_skip_unavailable': False, 'install_base': '/home/user/ros2_ws/install/dynamixel_workbench', 'merge_install': False, 'path': '/home/user/ros2_ws/src/dynamixel-workbench/dynamixel_workbench', 'symlink_install': False, 'test_result_base': None}
[0.377s] INFO:colcon.colcon_core.executor:Executing jobs using 'parallel' executor
[0.380s] DEBUG:colcon.colcon_parallel_executor.executor.parallel:run_until_complete
[0.380s] INFO:colcon.colcon_ros.task.ament_cmake.build:Building ROS package in '/home/user/ros2_ws/src/DynamixelSDK/dynamixel_sdk' with build type 'ament_cmake'
[0.380s] INFO:colcon.colcon_cmake.task.cmake.build:Building CMake package in '/home/user/ros2_ws/src/DynamixelSDK/dynamixel_sdk'
[0.384s] INFO:colcon.colcon_core.plugin_system:Skipping extension 'colcon_core.shell.bat': Not used on non-Windows systems
[0.384s] INFO:colcon.colcon_core.shell:Skip shell extension 'powershell' for command environment: Not usable outside of PowerShell
[0.384s] DEBUG:colcon.colcon_core.shell:Skip shell extension 'dsv' for command environment
[0.405s] INFO:colcon.colcon_ros.task.ament_cmake.build:Building ROS package in '/home/user/ros2_ws/src/DynamixelSDK/dynamixel_sdk_custom_interfaces' with build type 'ament_cmake'
[0.405s] INFO:colcon.colcon_cmake.task.cmake.build:Building CMake package in '/home/user/ros2_ws/src/DynamixelSDK/dynamixel_sdk_custom_interfaces'
[0.406s] INFO:colcon.colcon_core.shell:Skip shell extension 'powershell' for command environment: Not usable outside of PowerShell
[0.406s] DEBUG:colcon.colcon_core.shell:Skip shell extension 'dsv' for command environment
[0.416s] INFO:colcon.colcon_ros.task.ament_cmake.build:Building ROS package in '/home/user/ros2_ws/src/ros2_control_course/unit5/diffbot_description' with build type 'ament_cmake'
[0.416s] INFO:colcon.colcon_cmake.task.cmake.build:Building CMake package in '/home/user/ros2_ws/src/ros2_control_course/unit5/diffbot_description'
[0.416s] INFO:colcon.colcon_core.shell:Skip shell extension 'powershell' for command environment: Not usable outside of PowerShell
[0.416s] DEBUG:colcon.colcon_core.shell:Skip shell extension 'dsv' for command environment
[0.439s] INFO:colcon.colcon_ros.task.ament_cmake.build:Building ROS package in '/home/user/ros2_ws/src/ros2_control_course/unit5/diffbot_sim' with build type 'ament_cmake'
[0.440s] INFO:colcon.colcon_cmake.task.cmake.build:Building CMake package in '/home/user/ros2_ws/src/ros2_control_course/unit5/diffbot_sim'
[0.440s] INFO:colcon.colcon_core.shell:Skip shell extension 'powershell' for command environment: Not usable outside of PowerShell
[0.440s] DEBUG:colcon.colcon_core.shell:Skip shell extension 'dsv' for command environment
[0.449s] INFO:colcon.colcon_ros.task.ament_python.build:Building ROS package in '/home/user/ros2_ws/src/ros2_control_course/unit1/joint_trajectory_demo' with build type 'ament_python'
[0.449s] Level 1:colcon.colcon_core.shell:create_environment_hook('joint_trajectory_demo', 'ament_prefix_path')
[0.449s] INFO:colcon.colcon_core.shell:Creating environment hook '/home/user/ros2_ws/install/joint_trajectory_demo/share/joint_trajectory_demo/hook/ament_prefix_path.ps1'
[0.450s] INFO:colcon.colcon_core.shell:Creating environment descriptor '/home/user/ros2_ws/install/joint_trajectory_demo/share/joint_trajectory_demo/hook/ament_prefix_path.dsv'
[0.451s] INFO:colcon.colcon_core.shell:Creating environment hook '/home/user/ros2_ws/install/joint_trajectory_demo/share/joint_trajectory_demo/hook/ament_prefix_path.sh'
[0.452s] INFO:colcon.colcon_core.shell:Skip shell extension 'powershell' for command environment: Not usable outside of PowerShell
[0.452s] DEBUG:colcon.colcon_core.shell:Skip shell extension 'dsv' for command environment
[0.472s] INFO:colcon.colcon_ros.task.ament_python.build:Building ROS package in '/home/user/ros2_ws/src/ros2_control_course/common/joint_trajectory_publisher' with build type 'ament_python'
[0.472s] Level 1:colcon.colcon_core.shell:create_environment_hook('joint_trajectory_publisher', 'ament_prefix_path')
[0.472s] INFO:colcon.colcon_core.shell:Creating environment hook '/home/user/ros2_ws/install/joint_trajectory_publisher/share/joint_trajectory_publisher/hook/ament_prefix_path.ps1'
[0.473s] INFO:colcon.colcon_core.shell:Creating environment descriptor '/home/user/ros2_ws/install/joint_trajectory_publisher/share/joint_trajectory_publisher/hook/ament_prefix_path.dsv'
[0.474s] INFO:colcon.colcon_core.shell:Creating environment hook '/home/user/ros2_ws/install/joint_trajectory_publisher/share/joint_trajectory_publisher/hook/ament_prefix_path.sh'
[0.475s] INFO:colcon.colcon_core.shell:Skip shell extension 'powershell' for command environment: Not usable outside of PowerShell
[0.475s] DEBUG:colcon.colcon_core.shell:Skip shell extension 'dsv' for command environment
[0.483s] INFO:colcon.colcon_ros.task.ament_cmake.build:Building ROS package in '/home/user/ros2_ws/src/my_quadruped_bringup' with build type 'ament_cmake'
[0.483s] INFO:colcon.colcon_cmake.task.cmake.build:Building CMake package in '/home/user/ros2_ws/src/my_quadruped_bringup'
[0.484s] INFO:colcon.colcon_core.shell:Skip shell extension 'powershell' for command environment: Not usable outside of PowerShell
[0.484s] DEBUG:colcon.colcon_core.shell:Skip shell extension 'dsv' for command environment
[0.505s] INFO:colcon.colcon_ros.task.ament_cmake.build:Building ROS package in '/home/user/ros2_ws/src/my_robot_bringup' with build type 'ament_cmake'
[0.506s] INFO:colcon.colcon_cmake.task.cmake.build:Building CMake package in '/home/user/ros2_ws/src/my_robot_bringup'
[0.506s] INFO:colcon.colcon_core.shell:Skip shell extension 'powershell' for command environment: Not usable outside of PowerShell
[0.506s] DEBUG:colcon.colcon_core.shell:Skip shell extension 'dsv' for command environment
[0.522s] DEBUG:colcon.colcon_core.event_handler.log_command:Invoking command in '/home/user/ros2_ws/build/dynamixel_sdk': CMAKE_PREFIX_PATH=${CMAKE_PREFIX_PATH}:/home/user/ros2_ws/install/joint_trajectory_publisher:/home/user/ros2_ws/install/joint_trajectory_demo _=/usr/bin/env /usr/bin/cmake --build /home/user/ros2_ws/build/dynamixel_sdk -- -j8 -l8
[0.527s] DEBUG:colcon.colcon_core.event_handler.log_command:Invoking command in '/home/user/ros2_ws/build/dynamixel_sdk_custom_interfaces': CMAKE_PREFIX_PATH=${CMAKE_PREFIX_PATH}:/home/user/ros2_ws/install/joint_trajectory_publisher:/home/user/ros2_ws/install/joint_trajectory_demo _=/usr/bin/env /usr/bin/cmake --build /home/user/ros2_ws/build/dynamixel_sdk_custom_interfaces -- -j8 -l8
[0.531s] DEBUG:colcon.colcon_core.event_handler.log_command:Invoking command in '/home/user/ros2_ws/build/diffbot_description': CMAKE_PREFIX_PATH=${CMAKE_PREFIX_PATH}:/home/user/ros2_ws/install/joint_trajectory_publisher:/home/user/ros2_ws/install/joint_trajectory_demo _=/usr/bin/env /usr/bin/cmake --build /home/user/ros2_ws/build/diffbot_description -- -j8 -l8
[0.543s] DEBUG:colcon.colcon_core.event_handler.log_command:Invoking command in '/home/user/ros2_ws/build/diffbot_sim': CMAKE_PREFIX_PATH=${CMAKE_PREFIX_PATH}:/home/user/ros2_ws/install/joint_trajectory_publisher:/home/user/ros2_ws/install/joint_trajectory_demo _=/usr/bin/env /usr/bin/cmake --build /home/user/ros2_ws/build/diffbot_sim -- -j8 -l8
[0.964s] INFO:colcon.colcon_core.task.python.build:Building Python package in '/home/user/ros2_ws/src/ros2_control_course/unit1/joint_trajectory_demo'
[0.965s] INFO:colcon.colcon_core.shell:Skip shell extension 'powershell' for command environment: Not usable outside of PowerShell
[0.965s] DEBUG:colcon.colcon_core.shell:Skip shell extension 'dsv' for command environment
[1.341s] INFO:colcon.colcon_core.task.python.build:Building Python package in '/home/user/ros2_ws/src/ros2_control_course/common/joint_trajectory_publisher'
[1.341s] INFO:colcon.colcon_core.shell:Skip shell extension 'powershell' for command environment: Not usable outside of PowerShell
[1.341s] DEBUG:colcon.colcon_core.shell:Skip shell extension 'dsv' for command environment
[1.356s] DEBUG:colcon.colcon_core.event_handler.log_command:Invoking command in '/home/user/ros2_ws/build/my_quadruped_bringup': CMAKE_PREFIX_PATH=${CMAKE_PREFIX_PATH}:/home/user/ros2_ws/install/joint_trajectory_publisher:/home/user/ros2_ws/install/joint_trajectory_demo _=/usr/bin/env /usr/bin/cmake --build /home/user/ros2_ws/build/my_quadruped_bringup -- -j8 -l8
[1.376s] DEBUG:colcon.colcon_core.event_handler.log_command:Invoked command in '/home/user/ros2_ws/build/dynamixel_sdk' returned '0': CMAKE_PREFIX_PATH=${CMAKE_PREFIX_PATH}:/home/user/ros2_ws/install/joint_trajectory_publisher:/home/user/ros2_ws/install/joint_trajectory_demo _=/usr/bin/env /usr/bin/cmake --build /home/user/ros2_ws/build/dynamixel_sdk -- -j8 -l8
[1.402s] DEBUG:colcon.colcon_core.event_handler.log_command:Invoking command in '/home/user/ros2_ws/build/dynamixel_sdk': CMAKE_PREFIX_PATH=${CMAKE_PREFIX_PATH}:/home/user/ros2_ws/install/joint_trajectory_publisher:/home/user/ros2_ws/install/joint_trajectory_demo _=/usr/bin/env /usr/bin/cmake --install /home/user/ros2_ws/build/dynamixel_sdk
[1.414s] DEBUG:colcon.colcon_core.event_handler.log_command:Invoked command in '/home/user/ros2_ws/build/dynamixel_sdk_custom_interfaces' returned '0': CMAKE_PREFIX_PATH=${CMAKE_PREFIX_PATH}:/home/user/ros2_ws/install/joint_trajectory_publisher:/home/user/ros2_ws/install/joint_trajectory_demo _=/usr/bin/env /usr/bin/cmake --build /home/user/ros2_ws/build/dynamixel_sdk_custom_interfaces -- -j8 -l8
[1.415s] DEBUG:colcon.colcon_core.event_handler.log_command:Invoking command in '/home/user/ros2_ws/build/dynamixel_sdk_custom_interfaces': CMAKE_PREFIX_PATH=${CMAKE_PREFIX_PATH}:/home/user/ros2_ws/install/joint_trajectory_publisher:/home/user/ros2_ws/install/joint_trajectory_demo _=/usr/bin/env /usr/bin/cmake --install /home/user/ros2_ws/build/dynamixel_sdk_custom_interfaces
[1.433s] DEBUG:colcon.colcon_core.event_handler.log_command:Invoked command in '/home/user/ros2_ws/build/diffbot_description' returned '0': CMAKE_PREFIX_PATH=${CMAKE_PREFIX_PATH}:/home/user/ros2_ws/install/joint_trajectory_publisher:/home/user/ros2_ws/install/joint_trajectory_demo _=/usr/bin/env /usr/bin/cmake --build /home/user/ros2_ws/build/diffbot_description -- -j8 -l8
[1.434s] DEBUG:colcon.colcon_core.event_handler.log_command:Invoking command in '/home/user/ros2_ws/build/diffbot_description': CMAKE_PREFIX_PATH=${CMAKE_PREFIX_PATH}:/home/user/ros2_ws/install/joint_trajectory_publisher:/home/user/ros2_ws/install/joint_trajectory_demo _=/usr/bin/env /usr/bin/cmake --install /home/user/ros2_ws/build/diffbot_description
[1.442s] DEBUG:colcon.colcon_core.event_handler.log_command:Invoked command in '/home/user/ros2_ws/build/diffbot_sim' returned '0': CMAKE_PREFIX_PATH=${CMAKE_PREFIX_PATH}:/home/user/ros2_ws/install/joint_trajectory_publisher:/home/user/ros2_ws/install/joint_trajectory_demo _=/usr/bin/env /usr/bin/cmake --build /home/user/ros2_ws/build/diffbot_sim -- -j8 -l8
[1.444s] DEBUG:colcon.colcon_core.event_handler.log_command:Invoking command in '/home/user/ros2_ws/build/diffbot_sim': CMAKE_PREFIX_PATH=${CMAKE_PREFIX_PATH}:/home/user/ros2_ws/install/joint_trajectory_publisher:/home/user/ros2_ws/install/joint_trajectory_demo _=/usr/bin/env /usr/bin/cmake --install /home/user/ros2_ws/build/diffbot_sim
[1.458s] DEBUG:colcon.colcon_core.event_handler.log_command:Invoking command in '/home/user/ros2_ws/build/my_robot_bringup': CMAKE_PREFIX_PATH=${CMAKE_PREFIX_PATH}:/home/user/ros2_ws/install/joint_trajectory_publisher:/home/user/ros2_ws/install/joint_trajectory_demo _=/usr/bin/env /usr/bin/cmake --build /home/user/ros2_ws/build/my_robot_bringup -- -j8 -l8
[1.505s] Level 1:colcon.colcon_core.environment:create_environment_scripts_only(dynamixel_sdk)
[1.509s] Level 1:colcon.colcon_core.environment:checking '/home/user/ros2_ws/install/dynamixel_sdk' for CMake module files
[1.510s] Level 1:colcon.colcon_core.environment:checking '/home/user/ros2_ws/install/dynamixel_sdk' for CMake config files
[1.510s] Level 1:colcon.colcon_core.shell:create_environment_hook('dynamixel_sdk', 'cmake_prefix_path')
[1.510s] INFO:colcon.colcon_core.shell:Creating environment hook '/home/user/ros2_ws/install/dynamixel_sdk/share/dynamixel_sdk/hook/cmake_prefix_path.ps1'
[1.511s] INFO:colcon.colcon_core.shell:Creating environment descriptor '/home/user/ros2_ws/install/dynamixel_sdk/share/dynamixel_sdk/hook/cmake_prefix_path.dsv'
[1.511s] INFO:colcon.colcon_core.shell:Creating environment hook '/home/user/ros2_ws/install/dynamixel_sdk/share/dynamixel_sdk/hook/cmake_prefix_path.sh'
[1.513s] Level 1:colcon.colcon_core.environment:checking '/home/user/ros2_ws/install/dynamixel_sdk/lib'
[1.513s] Level 1:colcon.colcon_core.shell:create_environment_hook('dynamixel_sdk', 'ld_library_path_lib')
[1.513s] INFO:colcon.colcon_core.shell:Creating environment hook '/home/user/ros2_ws/install/dynamixel_sdk/share/dynamixel_sdk/hook/ld_library_path_lib.ps1'
[1.514s] INFO:colcon.colcon_core.shell:Creating environment descriptor '/home/user/ros2_ws/install/dynamixel_sdk/share/dynamixel_sdk/hook/ld_library_path_lib.dsv'
[1.514s] INFO:colcon.colcon_core.shell:Creating environment hook '/home/user/ros2_ws/install/dynamixel_sdk/share/dynamixel_sdk/hook/ld_library_path_lib.sh'
[1.515s] Level 1:colcon.colcon_core.environment:checking '/home/user/ros2_ws/install/dynamixel_sdk/bin'
[1.515s] Level 1:colcon.colcon_core.environment:checking '/home/user/ros2_ws/install/dynamixel_sdk/lib/pkgconfig/dynamixel_sdk.pc'
[1.515s] Level 1:colcon.colcon_core.environment:checking '/home/user/ros2_ws/install/dynamixel_sdk/lib/python3.12/site-packages'
[1.516s] Level 1:colcon.colcon_core.environment:checking '/home/user/ros2_ws/install/dynamixel_sdk/bin'
[1.516s] INFO:colcon.colcon_core.shell:Creating package script '/home/user/ros2_ws/install/dynamixel_sdk/share/dynamixel_sdk/package.ps1'
[1.518s] INFO:colcon.colcon_core.shell:Creating package descriptor '/home/user/ros2_ws/install/dynamixel_sdk/share/dynamixel_sdk/package.dsv'
[1.519s] INFO:colcon.colcon_core.shell:Creating package script '/home/user/ros2_ws/install/dynamixel_sdk/share/dynamixel_sdk/package.sh'
[1.522s] INFO:colcon.colcon_core.shell:Creating package script '/home/user/ros2_ws/install/dynamixel_sdk/share/dynamixel_sdk/package.bash'
[1.524s] INFO:colcon.colcon_core.shell:Creating package script '/home/user/ros2_ws/install/dynamixel_sdk/share/dynamixel_sdk/package.zsh'
[1.526s] DEBUG:colcon.colcon_core.event_handler.log_command:Invoked command in '/home/user/ros2_ws/build/dynamixel_sdk' returned '0': CMAKE_PREFIX_PATH=${CMAKE_PREFIX_PATH}:/home/user/ros2_ws/install/joint_trajectory_publisher:/home/user/ros2_ws/install/joint_trajectory_demo _=/usr/bin/env /usr/bin/cmake --install /home/user/ros2_ws/build/dynamixel_sdk
[1.526s] Level 1:colcon.colcon_core.environment:create_file_with_runtime_dependencies(/home/user/ros2_ws/install/dynamixel_sdk/share/colcon-core/packages/dynamixel_sdk)
[1.526s] Level 1:colcon.colcon_core.environment:create_environment_scripts_only(dynamixel_sdk)
[1.527s] Level 1:colcon.colcon_core.environment:checking '/home/user/ros2_ws/install/dynamixel_sdk' for CMake module files
[1.528s] Level 1:colcon.colcon_core.environment:checking '/home/user/ros2_ws/install/dynamixel_sdk' for CMake config files
[1.528s] Level 1:colcon.colcon_core.shell:create_environment_hook('dynamixel_sdk', 'cmake_prefix_path')
[1.528s] INFO:colcon.colcon_core.shell:Creating environment hook '/home/user/ros2_ws/install/dynamixel_sdk/share/dynamixel_sdk/hook/cmake_prefix_path.ps1'
[1.530s] INFO:colcon.colcon_core.shell:Creating environment descriptor '/home/user/ros2_ws/install/dynamixel_sdk/share/dynamixel_sdk/hook/cmake_prefix_path.dsv'
[1.530s] INFO:colcon.colcon_core.shell:Creating environment hook '/home/user/ros2_ws/install/dynamixel_sdk/share/dynamixel_sdk/hook/cmake_prefix_path.sh'
[1.531s] Level 1:colcon.colcon_core.environment:checking '/home/user/ros2_ws/install/dynamixel_sdk/lib'
[1.531s] Level 1:colcon.colcon_core.shell:create_environment_hook('dynamixel_sdk', 'ld_library_path_lib')
[1.532s] INFO:colcon.colcon_core.shell:Creating environment hook '/home/user/ros2_ws/install/dynamixel_sdk/share/dynamixel_sdk/hook/ld_library_path_lib.ps1'
[1.532s] INFO:colcon.colcon_core.shell:Creating environment descriptor '/home/user/ros2_ws/install/dynamixel_sdk/share/dynamixel_sdk/hook/ld_library_path_lib.dsv'
[1.533s] INFO:colcon.colcon_core.shell:Creating environment hook '/home/user/ros2_ws/install/dynamixel_sdk/share/dynamixel_sdk/hook/ld_library_path_lib.sh'
[1.533s] Level 1:colcon.colcon_core.environment:checking '/home/user/ros2_ws/install/dynamixel_sdk/bin'
[1.533s] Level 1:colcon.colcon_core.environment:checking '/home/user/ros2_ws/install/dynamixel_sdk/lib/pkgconfig/dynamixel_sdk.pc'
[1.534s] Level 1:colcon.colcon_core.environment:checking '/home/user/ros2_ws/install/dynamixel_sdk/lib/python3.12/site-packages'
[1.534s] Level 1:colcon.colcon_core.environment:checking '/home/user/ros2_ws/install/dynamixel_sdk/bin'
[1.535s] INFO:colcon.colcon_core.shell:Creating package script '/home/user/ros2_ws/install/dynamixel_sdk/share/dynamixel_sdk/package.ps1'
[1.535s] INFO:colcon.colcon_core.shell:Creating package descriptor '/home/user/ros2_ws/install/dynamixel_sdk/share/dynamixel_sdk/package.dsv'
[1.536s] INFO:colcon.colcon_core.shell:Creating package script '/home/user/ros2_ws/install/dynamixel_sdk/share/dynamixel_sdk/package.sh'
[1.537s] INFO:colcon.colcon_core.shell:Creating package script '/home/user/ros2_ws/install/dynamixel_sdk/share/dynamixel_sdk/package.bash'
[1.541s] INFO:colcon.colcon_core.shell:Creating package script '/home/user/ros2_ws/install/dynamixel_sdk/share/dynamixel_sdk/package.zsh'
[1.543s] Level 1:colcon.colcon_core.environment:create_file_with_runtime_dependencies(/home/user/ros2_ws/install/dynamixel_sdk/share/colcon-core/packages/dynamixel_sdk)
[1.549s] DEBUG:colcon.colcon_core.event_handler.log_command:Invoked command in '/home/user/ros2_ws/build/my_quadruped_bringup' returned '0': CMAKE_PREFIX_PATH=${CMAKE_PREFIX_PATH}:/home/user/ros2_ws/install/joint_trajectory_publisher:/home/user/ros2_ws/install/joint_trajectory_demo _=/usr/bin/env /usr/bin/cmake --build /home/user/ros2_ws/build/my_quadruped_bringup -- -j8 -l8
[1.555s] DEBUG:colcon.colcon_core.event_handler.log_command:Invoking command in '/home/user/ros2_ws/build/my_quadruped_bringup': CMAKE_PREFIX_PATH=${CMAKE_PREFIX_PATH}:/home/user/ros2_ws/install/joint_trajectory_publisher:/home/user/ros2_ws/install/joint_trajectory_demo _=/usr/bin/env /usr/bin/cmake --install /home/user/ros2_ws/build/my_quadruped_bringup
[1.582s] INFO:colcon.colcon_ros.task.ament_cmake.build:Building ROS package in '/home/user/ros2_ws/src/dynamixel-workbench/dynamixel_workbench_toolbox' with build type 'ament_cmake'
[1.582s] INFO:colcon.colcon_cmake.task.cmake.build:Building CMake package in '/home/user/ros2_ws/src/dynamixel-workbench/dynamixel_workbench_toolbox'
[1.583s] INFO:colcon.colcon_core.shell:Skip shell extension 'powershell' for command environment: Not usable outside of PowerShell
[1.583s] DEBUG:colcon.colcon_core.shell:Skip shell extension 'dsv' for command environment
[1.609s] Level 1:colcon.colcon_core.environment:create_environment_scripts_only(diffbot_description)
[1.610s] Level 1:colcon.colcon_core.environment:checking '/home/user/ros2_ws/install/diffbot_description' for CMake module files
[1.611s] Level 1:colcon.colcon_core.environment:checking '/home/user/ros2_ws/install/diffbot_description' for CMake config files
[1.611s] Level 1:colcon.colcon_core.shell:create_environment_hook('diffbot_description', 'cmake_prefix_path')
[1.611s] INFO:colcon.colcon_core.shell:Creating environment hook '/home/user/ros2_ws/install/diffbot_description/share/diffbot_description/hook/cmake_prefix_path.ps1'
[1.612s] INFO:colcon.colcon_core.shell:Creating environment descriptor '/home/user/ros2_ws/install/diffbot_description/share/diffbot_description/hook/cmake_prefix_path.dsv'
[1.613s] INFO:colcon.colcon_core.shell:Creating environment hook '/home/user/ros2_ws/install/diffbot_description/share/diffbot_description/hook/cmake_prefix_path.sh'
[1.610s] DEBUG:colcon.colcon_core.event_handler.log_command:Invoked command in '/home/user/ros2_ws/build/diffbot_description' returned '0': CMAKE_PREFIX_PATH=${CMAKE_PREFIX_PATH}:/home/user/ros2_ws/install/joint_trajectory_publisher:/home/user/ros2_ws/install/joint_trajectory_demo _=/usr/bin/env /usr/bin/cmake --install /home/user/ros2_ws/build/diffbot_description
[1.614s] Level 1:colcon.colcon_core.environment:checking '/home/user/ros2_ws/install/diffbot_description/bin'
[1.614s] Level 1:colcon.colcon_core.environment:checking '/home/user/ros2_ws/install/diffbot_description/lib/pkgconfig/diffbot_description.pc'
[1.615s] Level 1:colcon.colcon_core.environment:checking '/home/user/ros2_ws/install/diffbot_description/lib/python3.12/site-packages'
[1.615s] Level 1:colcon.colcon_core.environment:checking '/home/user/ros2_ws/install/diffbot_description/bin'
[1.615s] INFO:colcon.colcon_core.shell:Creating package script '/home/user/ros2_ws/install/diffbot_description/share/diffbot_description/package.ps1'
[1.616s] INFO:colcon.colcon_core.shell:Creating package descriptor '/home/user/ros2_ws/install/diffbot_description/share/diffbot_description/package.dsv'
[1.616s] INFO:colcon.colcon_core.shell:Creating package script '/home/user/ros2_ws/install/diffbot_description/share/diffbot_description/package.sh'
[1.617s] INFO:colcon.colcon_core.shell:Creating package script '/home/user/ros2_ws/install/diffbot_description/share/diffbot_description/package.bash'
[1.618s] INFO:colcon.colcon_core.shell:Creating package script '/home/user/ros2_ws/install/diffbot_description/share/diffbot_description/package.zsh'
[1.618s] Level 1:colcon.colcon_core.environment:create_file_with_runtime_dependencies(/home/user/ros2_ws/install/diffbot_description/share/colcon-core/packages/diffbot_description)
[1.619s] Level 1:colcon.colcon_core.environment:create_environment_scripts_only(diffbot_description)
[1.619s] Level 1:colcon.colcon_core.environment:checking '/home/user/ros2_ws/install/diffbot_description' for CMake module files
[1.620s] Level 1:colcon.colcon_core.environment:checking '/home/user/ros2_ws/install/diffbot_description' for CMake config files
[1.620s] Level 1:colcon.colcon_core.shell:create_environment_hook('diffbot_description', 'cmake_prefix_path')
[1.620s] INFO:colcon.colcon_core.shell:Creating environment hook '/home/user/ros2_ws/install/diffbot_description/share/diffbot_description/hook/cmake_prefix_path.ps1'
[1.621s] INFO:colcon.colcon_core.shell:Creating environment descriptor '/home/user/ros2_ws/install/diffbot_description/share/diffbot_description/hook/cmake_prefix_path.dsv'
[1.622s] INFO:colcon.colcon_core.shell:Creating environment hook '/home/user/ros2_ws/install/diffbot_description/share/diffbot_description/hook/cmake_prefix_path.sh'
[1.623s] Level 1:colcon.colcon_core.environment:checking '/home/user/ros2_ws/install/diffbot_description/bin'
[1.623s] Level 1:colcon.colcon_core.environment:checking '/home/user/ros2_ws/install/diffbot_description/lib/pkgconfig/diffbot_description.pc'
[1.623s] Level 1:colcon.colcon_core.environment:checking '/home/user/ros2_ws/install/diffbot_description/lib/python3.12/site-packages'
[1.624s] Level 1:colcon.colcon_core.environment:checking '/home/user/ros2_ws/install/diffbot_description/bin'
[1.624s] INFO:colcon.colcon_core.shell:Creating package script '/home/user/ros2_ws/install/diffbot_description/share/diffbot_description/package.ps1'
[1.625s] INFO:colcon.colcon_core.shell:Creating package descriptor '/home/user/ros2_ws/install/diffbot_description/share/diffbot_description/package.dsv'
[1.625s] INFO:colcon.colcon_core.shell:Creating package script '/home/user/ros2_ws/install/diffbot_description/share/diffbot_description/package.sh'
[1.626s] INFO:colcon.colcon_core.shell:Creating package script '/home/user/ros2_ws/install/diffbot_description/share/diffbot_description/package.bash'
[1.627s] INFO:colcon.colcon_core.shell:Creating package script '/home/user/ros2_ws/install/diffbot_description/share/diffbot_description/package.zsh'
[1.628s] Level 1:colcon.colcon_core.environment:create_file_with_runtime_dependencies(/home/user/ros2_ws/install/diffbot_description/share/colcon-core/packages/diffbot_description)
[1.629s] Level 1:colcon.colcon_core.environment:create_environment_scripts_only(diffbot_sim)
[1.629s] DEBUG:colcon.colcon_core.event_handler.log_command:Invoked command in '/home/user/ros2_ws/build/diffbot_sim' returned '0': CMAKE_PREFIX_PATH=${CMAKE_PREFIX_PATH}:/home/user/ros2_ws/install/joint_trajectory_publisher:/home/user/ros2_ws/install/joint_trajectory_demo _=/usr/bin/env /usr/bin/cmake --install /home/user/ros2_ws/build/diffbot_sim
[1.630s] Level 1:colcon.colcon_core.environment:checking '/home/user/ros2_ws/install/diffbot_sim' for CMake module files
[1.630s] Level 1:colcon.colcon_core.environment:checking '/home/user/ros2_ws/install/diffbot_sim' for CMake config files
[1.631s] Level 1:colcon.colcon_core.shell:create_environment_hook('diffbot_sim', 'cmake_prefix_path')
[1.631s] INFO:colcon.colcon_core.shell:Creating environment hook '/home/user/ros2_ws/install/diffbot_sim/share/diffbot_sim/hook/cmake_prefix_path.ps1'
[1.631s] INFO:colcon.colcon_core.shell:Creating environment descriptor '/home/user/ros2_ws/install/diffbot_sim/share/diffbot_sim/hook/cmake_prefix_path.dsv'
[1.632s] INFO:colcon.colcon_core.shell:Creating environment hook '/home/user/ros2_ws/install/diffbot_sim/share/diffbot_sim/hook/cmake_prefix_path.sh'
[1.633s] Level 1:colcon.colcon_core.environment:checking '/home/user/ros2_ws/install/diffbot_sim/bin'
[1.633s] Level 1:colcon.colcon_core.environment:checking '/home/user/ros2_ws/install/diffbot_sim/lib/pkgconfig/diffbot_sim.pc'
[1.633s] Level 1:colcon.colcon_core.environment:checking '/home/user/ros2_ws/install/diffbot_sim/lib/python3.12/site-packages'
[1.634s] Level 1:colcon.colcon_core.environment:checking '/home/user/ros2_ws/install/diffbot_sim/bin'
[1.634s] INFO:colcon.colcon_core.shell:Creating package script '/home/user/ros2_ws/install/diffbot_sim/share/diffbot_sim/package.ps1'
[1.635s] INFO:colcon.colcon_core.shell:Creating package descriptor '/home/user/ros2_ws/install/diffbot_sim/share/diffbot_sim/package.dsv'
[1.637s] INFO:colcon.colcon_core.shell:Creating package script '/home/user/ros2_ws/install/diffbot_sim/share/diffbot_sim/package.sh'
[1.637s] INFO:colcon.colcon_core.shell:Creating package script '/home/user/ros2_ws/install/diffbot_sim/share/diffbot_sim/package.bash'
[1.638s] INFO:colcon.colcon_core.shell:Creating package script '/home/user/ros2_ws/install/diffbot_sim/share/diffbot_sim/package.zsh'
[1.638s] Level 1:colcon.colcon_core.environment:create_file_with_runtime_dependencies(/home/user/ros2_ws/install/diffbot_sim/share/colcon-core/packages/diffbot_sim)
[1.639s] Level 1:colcon.colcon_core.environment:create_environment_scripts_only(diffbot_sim)
[1.639s] Level 1:colcon.colcon_core.environment:checking '/home/user/ros2_ws/install/diffbot_sim' for CMake module files
[1.640s] Level 1:colcon.colcon_core.environment:checking '/home/user/ros2_ws/install/diffbot_sim' for CMake config files
[1.641s] Level 1:colcon.colcon_core.shell:create_environment_hook('diffbot_sim', 'cmake_prefix_path')
[1.641s] INFO:colcon.colcon_core.shell:Creating environment hook '/home/user/ros2_ws/install/diffbot_sim/share/diffbot_sim/hook/cmake_prefix_path.ps1'
[1.641s] INFO:colcon.colcon_core.shell:Creating environment descriptor '/home/user/ros2_ws/install/diffbot_sim/share/diffbot_sim/hook/cmake_prefix_path.dsv'
[1.642s] INFO:colcon.colcon_core.shell:Creating environment hook '/home/user/ros2_ws/install/diffbot_sim/share/diffbot_sim/hook/cmake_prefix_path.sh'
[1.643s] Level 1:colcon.colcon_core.environment:checking '/home/user/ros2_ws/install/diffbot_sim/bin'
[1.643s] Level 1:colcon.colcon_core.environment:checking '/home/user/ros2_ws/install/diffbot_sim/lib/pkgconfig/diffbot_sim.pc'
[1.643s] Level 1:colcon.colcon_core.environment:checking '/home/user/ros2_ws/install/diffbot_sim/lib/python3.12/site-packages'
[1.644s] Level 1:colcon.colcon_core.environment:checking '/home/user/ros2_ws/install/diffbot_sim/bin'
[1.644s] INFO:colcon.colcon_core.shell:Creating package script '/home/user/ros2_ws/install/diffbot_sim/share/diffbot_sim/package.ps1'
[1.645s] INFO:colcon.colcon_core.shell:Creating package descriptor '/home/user/ros2_ws/install/diffbot_sim/share/diffbot_sim/package.dsv'
[1.645s] INFO:colcon.colcon_core.shell:Creating package script '/home/user/ros2_ws/install/diffbot_sim/share/diffbot_sim/package.sh'
[1.646s] INFO:colcon.colcon_core.shell:Creating package script '/home/user/ros2_ws/install/diffbot_sim/share/diffbot_sim/package.bash'
[1.647s] INFO:colcon.colcon_core.shell:Creating package script '/home/user/ros2_ws/install/diffbot_sim/share/diffbot_sim/package.zsh'
[1.647s] Level 1:colcon.colcon_core.environment:create_file_with_runtime_dependencies(/home/user/ros2_ws/install/diffbot_sim/share/colcon-core/packages/diffbot_sim)
[1.650s] INFO:colcon.colcon_ros.task.ament_cmake.build:Building ROS package in '/home/user/ros2_ws/src/my_robot_hardware_interface' with build type 'ament_cmake'
[1.653s] INFO:colcon.colcon_cmake.task.cmake.build:Building CMake package in '/home/user/ros2_ws/src/my_robot_hardware_interface'
[1.653s] INFO:colcon.colcon_core.shell:Skip shell extension 'powershell' for command environment: Not usable outside of PowerShell
[1.653s] DEBUG:colcon.colcon_core.shell:Skip shell extension 'dsv' for command environment
[1.686s] INFO:colcon.colcon_ros.task.ament_cmake.build:Building ROS package in '/home/user/ros2_ws/src/rrbot_controller' with build type 'ament_cmake'
[1.686s] INFO:colcon.colcon_cmake.task.cmake.build:Building CMake package in '/home/user/ros2_ws/src/rrbot_controller'
[1.687s] INFO:colcon.colcon_core.shell:Skip shell extension 'powershell' for command environment: Not usable outside of PowerShell
[1.687s] DEBUG:colcon.colcon_core.shell:Skip shell extension 'dsv' for command environment
[1.705s] Level 1:colcon.colcon_core.environment:create_environment_scripts_only(dynamixel_sdk_custom_interfaces)
[1.706s] Level 1:colcon.colcon_core.environment:checking '/home/user/ros2_ws/install/dynamixel_sdk_custom_interfaces' for CMake module files
[1.707s] DEBUG:colcon.colcon_core.event_handler.log_command:Invoked command in '/home/user/ros2_ws/build/dynamixel_sdk_custom_interfaces' returned '0': CMAKE_PREFIX_PATH=${CMAKE_PREFIX_PATH}:/home/user/ros2_ws/install/joint_trajectory_publisher:/home/user/ros2_ws/install/joint_trajectory_demo _=/usr/bin/env /usr/bin/cmake --install /home/user/ros2_ws/build/dynamixel_sdk_custom_interfaces
[1.707s] Level 1:colcon.colcon_core.environment:checking '/home/user/ros2_ws/install/dynamixel_sdk_custom_interfaces' for CMake config files
[1.708s] Level 1:colcon.colcon_core.shell:create_environment_hook('dynamixel_sdk_custom_interfaces', 'cmake_prefix_path')
[1.708s] INFO:colcon.colcon_core.shell:Creating environment hook '/home/user/ros2_ws/install/dynamixel_sdk_custom_interfaces/share/dynamixel_sdk_custom_interfaces/hook/cmake_prefix_path.ps1'
[1.709s] INFO:colcon.colcon_core.shell:Creating environment descriptor '/home/user/ros2_ws/install/dynamixel_sdk_custom_interfaces/share/dynamixel_sdk_custom_interfaces/hook/cmake_prefix_path.dsv'
[1.709s] INFO:colcon.colcon_core.shell:Creating environment hook '/home/user/ros2_ws/install/dynamixel_sdk_custom_interfaces/share/dynamixel_sdk_custom_interfaces/hook/cmake_prefix_path.sh'
[1.710s] Level 1:colcon.colcon_core.environment:checking '/home/user/ros2_ws/install/dynamixel_sdk_custom_interfaces/lib'
[1.710s] Level 1:colcon.colcon_core.shell:create_environment_hook('dynamixel_sdk_custom_interfaces', 'ld_library_path_lib')
[1.710s] INFO:colcon.colcon_core.shell:Creating environment hook '/home/user/ros2_ws/install/dynamixel_sdk_custom_interfaces/share/dynamixel_sdk_custom_interfaces/hook/ld_library_path_lib.ps1'
[1.712s] INFO:colcon.colcon_core.shell:Creating environment descriptor '/home/user/ros2_ws/install/dynamixel_sdk_custom_interfaces/share/dynamixel_sdk_custom_interfaces/hook/ld_library_path_lib.dsv'
[1.712s] INFO:colcon.colcon_core.shell:Creating environment hook '/home/user/ros2_ws/install/dynamixel_sdk_custom_interfaces/share/dynamixel_sdk_custom_interfaces/hook/ld_library_path_lib.sh'
[1.713s] Level 1:colcon.colcon_core.environment:checking '/home/user/ros2_ws/install/dynamixel_sdk_custom_interfaces/bin'
[1.713s] Level 1:colcon.colcon_core.environment:checking '/home/user/ros2_ws/install/dynamixel_sdk_custom_interfaces/lib/pkgconfig/dynamixel_sdk_custom_interfaces.pc'
[1.713s] Level 1:colcon.colcon_core.environment:checking '/home/user/ros2_ws/install/dynamixel_sdk_custom_interfaces/lib/python3.12/site-packages'
[1.714s] Level 1:colcon.colcon_core.shell:create_environment_hook('dynamixel_sdk_custom_interfaces', 'pythonpath')
[1.714s] INFO:colcon.colcon_core.shell:Creating environment hook '/home/user/ros2_ws/install/dynamixel_sdk_custom_interfaces/share/dynamixel_sdk_custom_interfaces/hook/pythonpath.ps1'
[1.714s] INFO:colcon.colcon_core.shell:Creating environment descriptor '/home/user/ros2_ws/install/dynamixel_sdk_custom_interfaces/share/dynamixel_sdk_custom_interfaces/hook/pythonpath.dsv'
[1.715s] INFO:colcon.colcon_core.shell:Creating environment hook '/home/user/ros2_ws/install/dynamixel_sdk_custom_interfaces/share/dynamixel_sdk_custom_interfaces/hook/pythonpath.sh'
[1.716s] Level 1:colcon.colcon_core.environment:checking '/home/user/ros2_ws/install/dynamixel_sdk_custom_interfaces/bin'
[1.716s] INFO:colcon.colcon_core.shell:Creating package script '/home/user/ros2_ws/install/dynamixel_sdk_custom_interfaces/share/dynamixel_sdk_custom_interfaces/package.ps1'
[1.717s] INFO:colcon.colcon_core.shell:Creating package descriptor '/home/user/ros2_ws/install/dynamixel_sdk_custom_interfaces/share/dynamixel_sdk_custom_interfaces/package.dsv'
[1.718s] INFO:colcon.colcon_core.shell:Creating package script '/home/user/ros2_ws/install/dynamixel_sdk_custom_interfaces/share/dynamixel_sdk_custom_interfaces/package.sh'
[1.719s] INFO:colcon.colcon_core.shell:Creating package script '/home/user/ros2_ws/install/dynamixel_sdk_custom_interfaces/share/dynamixel_sdk_custom_interfaces/package.bash'
[1.719s] INFO:colcon.colcon_core.shell:Creating package script '/home/user/ros2_ws/install/dynamixel_sdk_custom_interfaces/share/dynamixel_sdk_custom_interfaces/package.zsh'
[1.720s] Level 1:colcon.colcon_core.environment:create_file_with_runtime_dependencies(/home/user/ros2_ws/install/dynamixel_sdk_custom_interfaces/share/colcon-core/packages/dynamixel_sdk_custom_interfaces)
[1.721s] Level 1:colcon.colcon_core.environment:create_environment_scripts_only(dynamixel_sdk_custom_interfaces)
[1.721s] Level 1:colcon.colcon_core.environment:checking '/home/user/ros2_ws/install/dynamixel_sdk_custom_interfaces' for CMake module files
[1.722s] Level 1:colcon.colcon_core.environment:checking '/home/user/ros2_ws/install/dynamixel_sdk_custom_interfaces' for CMake config files
[1.723s] Level 1:colcon.colcon_core.shell:create_environment_hook('dynamixel_sdk_custom_interfaces', 'cmake_prefix_path')
[1.723s] INFO:colcon.colcon_core.shell:Creating environment hook '/home/user/ros2_ws/install/dynamixel_sdk_custom_interfaces/share/dynamixel_sdk_custom_interfaces/hook/cmake_prefix_path.ps1'
[1.724s] INFO:colcon.colcon_core.shell:Creating environment descriptor '/home/user/ros2_ws/install/dynamixel_sdk_custom_interfaces/share/dynamixel_sdk_custom_interfaces/hook/cmake_prefix_path.dsv'
[1.724s] INFO:colcon.colcon_core.shell:Creating environment hook '/home/user/ros2_ws/install/dynamixel_sdk_custom_interfaces/share/dynamixel_sdk_custom_interfaces/hook/cmake_prefix_path.sh'
[1.725s] Level 1:colcon.colcon_core.environment:checking '/home/user/ros2_ws/install/dynamixel_sdk_custom_interfaces/lib'
[1.725s] Level 1:colcon.colcon_core.shell:create_environment_hook('dynamixel_sdk_custom_interfaces', 'ld_library_path_lib')
[1.725s] INFO:colcon.colcon_core.shell:Creating environment hook '/home/user/ros2_ws/install/dynamixel_sdk_custom_interfaces/share/dynamixel_sdk_custom_interfaces/hook/ld_library_path_lib.ps1'
[1.726s] INFO:colcon.colcon_core.shell:Creating environment descriptor '/home/user/ros2_ws/install/dynamixel_sdk_custom_interfaces/share/dynamixel_sdk_custom_interfaces/hook/ld_library_path_lib.dsv'
[1.727s] INFO:colcon.colcon_core.shell:Creating environment hook '/home/user/ros2_ws/install/dynamixel_sdk_custom_interfaces/share/dynamixel_sdk_custom_interfaces/hook/ld_library_path_lib.sh'
[1.727s] Level 1:colcon.colcon_core.environment:checking '/home/user/ros2_ws/install/dynamixel_sdk_custom_interfaces/bin'
[1.728s] Level 1:colcon.colcon_core.environment:checking '/home/user/ros2_ws/install/dynamixel_sdk_custom_interfaces/lib/pkgconfig/dynamixel_sdk_custom_interfaces.pc'
[1.728s] Level 1:colcon.colcon_core.environment:checking '/home/user/ros2_ws/install/dynamixel_sdk_custom_interfaces/lib/python3.12/site-packages'
[1.728s] Level 1:colcon.colcon_core.shell:create_environment_hook('dynamixel_sdk_custom_interfaces', 'pythonpath')
[1.728s] INFO:colcon.colcon_core.shell:Creating environment hook '/home/user/ros2_ws/install/dynamixel_sdk_custom_interfaces/share/dynamixel_sdk_custom_interfaces/hook/pythonpath.ps1'
[1.729s] INFO:colcon.colcon_core.shell:Creating environment descriptor '/home/user/ros2_ws/install/dynamixel_sdk_custom_interfaces/share/dynamixel_sdk_custom_interfaces/hook/pythonpath.dsv'
[1.729s] INFO:colcon.colcon_core.shell:Creating environment hook '/home/user/ros2_ws/install/dynamixel_sdk_custom_interfaces/share/dynamixel_sdk_custom_interfaces/hook/pythonpath.sh'
[1.730s] Level 1:colcon.colcon_core.environment:checking '/home/user/ros2_ws/install/dynamixel_sdk_custom_interfaces/bin'
[1.731s] INFO:colcon.colcon_core.shell:Creating package script '/home/user/ros2_ws/install/dynamixel_sdk_custom_interfaces/share/dynamixel_sdk_custom_interfaces/package.ps1'
[1.732s] INFO:colcon.colcon_core.shell:Creating package descriptor '/home/user/ros2_ws/install/dynamixel_sdk_custom_interfaces/share/dynamixel_sdk_custom_interfaces/package.dsv'
[1.733s] INFO:colcon.colcon_core.shell:Creating package script '/home/user/ros2_ws/install/dynamixel_sdk_custom_interfaces/share/dynamixel_sdk_custom_interfaces/package.sh'
[1.733s] INFO:colcon.colcon_core.shell:Creating package script '/home/user/ros2_ws/install/dynamixel_sdk_custom_interfaces/share/dynamixel_sdk_custom_interfaces/package.bash'
[1.734s] INFO:colcon.colcon_core.shell:Creating package script '/home/user/ros2_ws/install/dynamixel_sdk_custom_interfaces/share/dynamixel_sdk_custom_interfaces/package.zsh'
[1.734s] Level 1:colcon.colcon_core.environment:create_file_with_runtime_dependencies(/home/user/ros2_ws/install/dynamixel_sdk_custom_interfaces/share/colcon-core/packages/dynamixel_sdk_custom_interfaces)
[1.736s] Level 1:colcon.colcon_core.environment:create_environment_scripts_only(my_quadruped_bringup)
[1.737s] DEBUG:colcon.colcon_core.event_handler.log_command:Invoked command in '/home/user/ros2_ws/build/my_quadruped_bringup' returned '0': CMAKE_PREFIX_PATH=${CMAKE_PREFIX_PATH}:/home/user/ros2_ws/install/joint_trajectory_publisher:/home/user/ros2_ws/install/joint_trajectory_demo _=/usr/bin/env /usr/bin/cmake --install /home/user/ros2_ws/build/my_quadruped_bringup
[1.737s] Level 1:colcon.colcon_core.environment:checking '/home/user/ros2_ws/install/my_quadruped_bringup' for CMake module files
[1.738s] Level 1:colcon.colcon_core.environment:checking '/home/user/ros2_ws/install/my_quadruped_bringup' for CMake config files
[1.739s] Level 1:colcon.colcon_core.shell:create_environment_hook('my_quadruped_bringup', 'cmake_prefix_path')
[1.739s] INFO:colcon.colcon_core.shell:Creating environment hook '/home/user/ros2_ws/install/my_quadruped_bringup/share/my_quadruped_bringup/hook/cmake_prefix_path.ps1'
[1.740s] INFO:colcon.colcon_core.shell:Creating environment descriptor '/home/user/ros2_ws/install/my_quadruped_bringup/share/my_quadruped_bringup/hook/cmake_prefix_path.dsv'
[1.742s] INFO:colcon.colcon_core.shell:Creating environment hook '/home/user/ros2_ws/install/my_quadruped_bringup/share/my_quadruped_bringup/hook/cmake_prefix_path.sh'
[1.743s] Level 1:colcon.colcon_core.environment:checking '/home/user/ros2_ws/install/my_quadruped_bringup/bin'
[1.743s] Level 1:colcon.colcon_core.environment:checking '/home/user/ros2_ws/install/my_quadruped_bringup/lib/pkgconfig/my_quadruped_bringup.pc'
[1.744s] Level 1:colcon.colcon_core.environment:checking '/home/user/ros2_ws/install/my_quadruped_bringup/lib/python3.12/site-packages'
[1.744s] Level 1:colcon.colcon_core.environment:checking '/home/user/ros2_ws/install/my_quadruped_bringup/bin'
[1.745s] INFO:colcon.colcon_core.shell:Creating package script '/home/user/ros2_ws/install/my_quadruped_bringup/share/my_quadruped_bringup/package.ps1'
[1.746s] INFO:colcon.colcon_core.shell:Creating package descriptor '/home/user/ros2_ws/install/my_quadruped_bringup/share/my_quadruped_bringup/package.dsv'
[1.746s] INFO:colcon.colcon_core.shell:Creating package script '/home/user/ros2_ws/install/my_quadruped_bringup/share/my_quadruped_bringup/package.sh'
[1.747s] INFO:colcon.colcon_core.shell:Creating package script '/home/user/ros2_ws/install/my_quadruped_bringup/share/my_quadruped_bringup/package.bash'
[1.748s] INFO:colcon.colcon_core.shell:Creating package script '/home/user/ros2_ws/install/my_quadruped_bringup/share/my_quadruped_bringup/package.zsh'
[1.748s] Level 1:colcon.colcon_core.environment:create_file_with_runtime_dependencies(/home/user/ros2_ws/install/my_quadruped_bringup/share/colcon-core/packages/my_quadruped_bringup)
[1.749s] Level 1:colcon.colcon_core.environment:create_environment_scripts_only(my_quadruped_bringup)
[1.749s] Level 1:colcon.colcon_core.environment:checking '/home/user/ros2_ws/install/my_quadruped_bringup' for CMake module files
[1.750s] Level 1:colcon.colcon_core.environment:checking '/home/user/ros2_ws/install/my_quadruped_bringup' for CMake config files
[1.750s] Level 1:colcon.colcon_core.shell:create_environment_hook('my_quadruped_bringup', 'cmake_prefix_path')
[1.750s] INFO:colcon.colcon_core.shell:Creating environment hook '/home/user/ros2_ws/install/my_quadruped_bringup/share/my_quadruped_bringup/hook/cmake_prefix_path.ps1'
[1.751s] INFO:colcon.colcon_core.shell:Creating environment descriptor '/home/user/ros2_ws/install/my_quadruped_bringup/share/my_quadruped_bringup/hook/cmake_prefix_path.dsv'
[1.751s] INFO:colcon.colcon_core.shell:Creating environment hook '/home/user/ros2_ws/install/my_quadruped_bringup/share/my_quadruped_bringup/hook/cmake_prefix_path.sh'
[1.752s] Level 1:colcon.colcon_core.environment:checking '/home/user/ros2_ws/install/my_quadruped_bringup/bin'
[1.752s] Level 1:colcon.colcon_core.environment:checking '/home/user/ros2_ws/install/my_quadruped_bringup/lib/pkgconfig/my_quadruped_bringup.pc'
[1.752s] Level 1:colcon.colcon_core.environment:checking '/home/user/ros2_ws/install/my_quadruped_bringup/lib/python3.12/site-packages'
[1.753s] Level 1:colcon.colcon_core.environment:checking '/home/user/ros2_ws/install/my_quadruped_bringup/bin'
[1.753s] INFO:colcon.colcon_core.shell:Creating package script '/home/user/ros2_ws/install/my_quadruped_bringup/share/my_quadruped_bringup/package.ps1'
[1.754s] INFO:colcon.colcon_core.shell:Creating package descriptor '/home/user/ros2_ws/install/my_quadruped_bringup/share/my_quadruped_bringup/package.dsv'
[1.755s] INFO:colcon.colcon_core.shell:Creating package script '/home/user/ros2_ws/install/my_quadruped_bringup/share/my_quadruped_bringup/package.sh'
[1.755s] INFO:colcon.colcon_core.shell:Creating package script '/home/user/ros2_ws/install/my_quadruped_bringup/share/my_quadruped_bringup/package.bash'
[1.756s] INFO:colcon.colcon_core.shell:Creating package script '/home/user/ros2_ws/install/my_quadruped_bringup/share/my_quadruped_bringup/package.zsh'
[1.757s] Level 1:colcon.colcon_core.environment:create_file_with_runtime_dependencies(/home/user/ros2_ws/install/my_quadruped_bringup/share/colcon-core/packages/my_quadruped_bringup)
[1.758s] INFO:colcon.colcon_ros.task.ament_cmake.build:Building ROS package in '/home/user/ros2_ws/src/ros2_control_course/unit2/rrbot_unit2' with build type 'ament_cmake'
[1.759s] INFO:colcon.colcon_cmake.task.cmake.build:Building CMake package in '/home/user/ros2_ws/src/ros2_control_course/unit2/rrbot_unit2'
[1.759s] INFO:colcon.colcon_core.shell:Skip shell extension 'powershell' for command environment: Not usable outside of PowerShell
[1.759s] DEBUG:colcon.colcon_core.shell:Skip shell extension 'dsv' for command environment
[1.770s] DEBUG:colcon.colcon_core.event_handler.log_command:Invoked command in '/home/user/ros2_ws/build/my_robot_bringup' returned '0': CMAKE_PREFIX_PATH=${CMAKE_PREFIX_PATH}:/home/user/ros2_ws/install/joint_trajectory_publisher:/home/user/ros2_ws/install/joint_trajectory_demo _=/usr/bin/env /usr/bin/cmake --build /home/user/ros2_ws/build/my_robot_bringup -- -j8 -l8
[1.770s] DEBUG:colcon.colcon_core.event_handler.log_command:Invoking command in '/home/user/ros2_ws/build/my_robot_bringup': CMAKE_PREFIX_PATH=${CMAKE_PREFIX_PATH}:/home/user/ros2_ws/install/joint_trajectory_publisher:/home/user/ros2_ws/install/joint_trajectory_demo _=/usr/bin/env /usr/bin/cmake --install /home/user/ros2_ws/build/my_robot_bringup
[1.791s] INFO:colcon.colcon_ros.task.ament_cmake.build:Building ROS package in '/home/user/ros2_ws/src/ros2_control_course/unit3/rrbot_unit3' with build type 'ament_cmake'
[1.791s] INFO:colcon.colcon_cmake.task.cmake.build:Building CMake package in '/home/user/ros2_ws/src/ros2_control_course/unit3/rrbot_unit3'
[1.792s] INFO:colcon.colcon_core.shell:Skip shell extension 'powershell' for command environment: Not usable outside of PowerShell
[1.792s] DEBUG:colcon.colcon_core.shell:Skip shell extension 'dsv' for command environment
[1.810s] DEBUG:colcon.colcon_core.event_handler.log_command:Invoking command in '/home/user/ros2_ws/build/dynamixel_workbench_toolbox': CMAKE_PREFIX_PATH=/home/user/ros2_ws/install/dynamixel_sdk:/home/user/ros2_ws/install/spawn_solo:/home/user/ros2_ws/install/spawn_robot:/home/user/ros2_ws/install/solo_description:/home/user/ros2_ws/install/rrbot_unit5:/home/user/ros2_ws/install/rrbot_unit4:/home/user/ros2_ws/install/rrbot_unit3:/home/user/ros2_ws/install/rrbot_unit2:/home/user/ros2_ws/install/rrbot_controller:/home/user/ros2_ws/install/my_robot_hardware_interface:/home/user/ros2_ws/install/my_robot_bringup:/home/user/ros2_ws/install/my_quadruped_bringup:/home/user/ros2_ws/install/dynamixel_workbench:/home/user/ros2_ws/install/dynamixel_hardware_interface:/home/user/ros2_ws/install/dynamixel_workbench_toolbox:/home/user/ros2_ws/install/dynamixel_sdk_examples:/home/user/ros2_ws/install/dynamixel_sdk_custom_interfaces:/home/user/ros2_ws/install/diffbot_sim:/home/user/ros2_ws/install/diffbot_description:/home/simulations/ros2_sims_ws/install/unit6_simulation:/home/simulations/ros2_sims_ws/install/rrbot_sim:/home/simulations/ros2_sims_ws/install/rmw_cyclonedds_cpp:/home/simulations/ros2_sims_ws/install/cyclonedds:/opt/ros/jazzy/opt/gz_sim_vendor:/opt/ros/jazzy/opt/gz_sensors_vendor:/opt/ros/jazzy/opt/gz_physics_vendor:/opt/ros/jazzy/opt/sdformat_vendor:/opt/ros/jazzy/opt/gz_gui_vendor:/opt/ros/jazzy/opt/gz_transport_vendor:/opt/ros/jazzy/opt/gz_rendering_vendor:/opt/ros/jazzy/opt/gz_plugin_vendor:/opt/ros/jazzy/opt/gz_fuel_tools_vendor:/opt/ros/jazzy/opt/gz_msgs_vendor:/opt/ros/jazzy/opt/gz_common_vendor:/opt/ros/jazzy/opt/gz_math_vendor:/opt/ros/jazzy/opt/gz_utils_vendor:/opt/ros/jazzy/opt/gz_tools_vendor:/opt/ros/jazzy/opt/gz_ogre_next_vendor:/opt/ros/jazzy/opt/gz_dartsim_vendor:/opt/ros/jazzy/opt/gz_cmake_vendor:/opt/ros/jazzy:/opt/ros/jazzy:/home/user/ros2_ws/install/joint_trajectory_publisher:/home/user/ros2_ws/install/joint_trajectory_demo LD_LIBRARY_PATH=/home/user/ros2_ws/install/dynamixel_sdk/lib:/home/user/ros2_ws/install/rrbot_controller/lib:/home/user/ros2_ws/install/my_robot_hardware_interface/lib:/home/user/ros2_ws/install/dynamixel_hardware_interface/lib:/home/user/ros2_ws/install/dynamixel_workbench_toolbox/lib:/home/user/ros2_ws/install/dynamixel_sdk_custom_interfaces/lib:/home/simulations/ros2_sims_ws/install/rmw_cyclonedds_cpp/lib:/home/simulations/ros2_sims_ws/install/cyclonedds/lib:/home/user/catkin_ws/devel/lib:/home/simulations/public_sim_ws/devel/lib:/opt/ros/jazzy/lib:/opt/ros/jazzy/lib/x86_64-linux-gnu:/usr/local/cuda-10.2/lib64:/home/user/.catkin_ws_python3/src/TensorRT-7.0.0.11/lib:/home/user/catkin_ws/devel/lib:/home/simulations/public_sim_ws/devel/lib:/opt/ros/jazzy/lib:/opt/ros/jazzy/lib/x86_64-linux-gnu:/opt/ros/jazzy/opt/gz_sim_vendor/lib:/opt/ros/jazzy/opt/gz_sensors_vendor/lib:/opt/ros/jazzy/opt/gz_physics_vendor/lib:/opt/ros/jazzy/opt/sdformat_vendor/lib:/opt/ros/jazzy/opt/rviz_ogre_vendor/lib:/opt/ros/jazzy/lib/x86_64-linux-gnu:/opt/ros/jazzy/opt/gz_gui_vendor/lib:/opt/ros/jazzy/opt/gz_transport_vendor/lib:/opt/ros/jazzy/opt/gz_rendering_vendor/lib:/opt/ros/jazzy/opt/gz_plugin_vendor/lib:/opt/ros/jazzy/opt/gz_fuel_tools_vendor/lib:/opt/ros/jazzy/opt/gz_msgs_vendor/lib:/opt/ros/jazzy/opt/gz_common_vendor/lib:/opt/ros/jazzy/opt/gz_math_vendor/lib:/opt/ros/jazzy/opt/gz_utils_vendor/lib:/opt/ros/jazzy/opt/gz_tools_vendor/lib:/opt/ros/jazzy/opt/gz_ogre_next_vendor/lib:/opt/ros/jazzy/opt/gz_dartsim_vendor/lib:/opt/ros/jazzy/opt/gz_cmake_vendor/lib:/opt/ros/jazzy/lib:/usr/local/cuda-10.2/lib64:/home/user/.catkin_ws_python3/src/TensorRT-7.0.0.11/lib _=/usr/bin/env /usr/bin/cmake --build /home/user/ros2_ws/build/dynamixel_workbench_toolbox -- -j8 -l8
[1.820s] DEBUG:colcon.colcon_core.event_handler.log_command:Invoking command in '/home/user/ros2_ws/build/my_robot_hardware_interface': CMAKE_PREFIX_PATH=${CMAKE_PREFIX_PATH}:/home/user/ros2_ws/install/joint_trajectory_publisher:/home/user/ros2_ws/install/joint_trajectory_demo _=/usr/bin/env /usr/bin/cmake --build /home/user/ros2_ws/build/my_robot_hardware_interface -- -j8 -l8
[1.851s] DEBUG:colcon.colcon_core.event_handler.log_command:Invoking command in '/home/user/ros2_ws/build/rrbot_controller': CMAKE_PREFIX_PATH=${CMAKE_PREFIX_PATH}:/home/user/ros2_ws/install/joint_trajectory_publisher:/home/user/ros2_ws/install/joint_trajectory_demo _=/usr/bin/env /usr/bin/cmake --build /home/user/ros2_ws/build/rrbot_controller -- -j8 -l8
[1.855s] DEBUG:colcon.colcon_core.event_handler.log_command:Invoking command in '/home/user/ros2_ws/build/rrbot_unit2': CMAKE_PREFIX_PATH=${CMAKE_PREFIX_PATH}:/home/user/ros2_ws/install/joint_trajectory_publisher:/home/user/ros2_ws/install/joint_trajectory_demo _=/usr/bin/env /usr/bin/cmake --build /home/user/ros2_ws/build/rrbot_unit2 -- -j8 -l8
[1.878s] DEBUG:colcon.colcon_core.event_handler.log_command:Invoking command in '/home/user/ros2_ws/build/rrbot_unit3': CMAKE_PREFIX_PATH=${CMAKE_PREFIX_PATH}:/home/user/ros2_ws/install/joint_trajectory_publisher:/home/user/ros2_ws/install/joint_trajectory_demo _=/usr/bin/env /usr/bin/cmake --build /home/user/ros2_ws/build/rrbot_unit3 -- -j8 -l8
[1.904s] Level 1:colcon.colcon_core.environment:create_environment_scripts_only(my_robot_bringup)
[1.904s] Level 1:colcon.colcon_core.environment:checking '/home/user/ros2_ws/install/my_robot_bringup' for CMake module files
[1.905s] Level 1:colcon.colcon_core.environment:checking '/home/user/ros2_ws/install/my_robot_bringup' for CMake config files
[1.906s] DEBUG:colcon.colcon_core.event_handler.log_command:Invoked command in '/home/user/ros2_ws/build/my_robot_bringup' returned '0': CMAKE_PREFIX_PATH=${CMAKE_PREFIX_PATH}:/home/user/ros2_ws/install/joint_trajectory_publisher:/home/user/ros2_ws/install/joint_trajectory_demo _=/usr/bin/env /usr/bin/cmake --install /home/user/ros2_ws/build/my_robot_bringup
[1.906s] Level 1:colcon.colcon_core.shell:create_environment_hook('my_robot_bringup', 'cmake_prefix_path')
[1.907s] INFO:colcon.colcon_core.shell:Creating environment hook '/home/user/ros2_ws/install/my_robot_bringup/share/my_robot_bringup/hook/cmake_prefix_path.ps1'
[1.908s] INFO:colcon.colcon_core.shell:Creating environment descriptor '/home/user/ros2_ws/install/my_robot_bringup/share/my_robot_bringup/hook/cmake_prefix_path.dsv'
[1.908s] INFO:colcon.colcon_core.shell:Creating environment hook '/home/user/ros2_ws/install/my_robot_bringup/share/my_robot_bringup/hook/cmake_prefix_path.sh'
[1.909s] Level 1:colcon.colcon_core.environment:checking '/home/user/ros2_ws/install/my_robot_bringup/bin'
[1.909s] Level 1:colcon.colcon_core.environment:checking '/home/user/ros2_ws/install/my_robot_bringup/lib/pkgconfig/my_robot_bringup.pc'
[1.909s] Level 1:colcon.colcon_core.environment:checking '/home/user/ros2_ws/install/my_robot_bringup/lib/python3.12/site-packages'
[1.909s] Level 1:colcon.colcon_core.environment:checking '/home/user/ros2_ws/install/my_robot_bringup/bin'
[1.910s] INFO:colcon.colcon_core.shell:Creating package script '/home/user/ros2_ws/install/my_robot_bringup/share/my_robot_bringup/package.ps1'
[1.910s] INFO:colcon.colcon_core.shell:Creating package descriptor '/home/user/ros2_ws/install/my_robot_bringup/share/my_robot_bringup/package.dsv'
[1.915s] INFO:colcon.colcon_core.shell:Creating package script '/home/user/ros2_ws/install/my_robot_bringup/share/my_robot_bringup/package.sh'
[1.915s] INFO:colcon.colcon_core.shell:Creating package script '/home/user/ros2_ws/install/my_robot_bringup/share/my_robot_bringup/package.bash'
[1.916s] INFO:colcon.colcon_core.shell:Creating package script '/home/user/ros2_ws/install/my_robot_bringup/share/my_robot_bringup/package.zsh'
[1.916s] Level 1:colcon.colcon_core.environment:create_file_with_runtime_dependencies(/home/user/ros2_ws/install/my_robot_bringup/share/colcon-core/packages/my_robot_bringup)
[1.916s] Level 1:colcon.colcon_core.environment:create_environment_scripts_only(my_robot_bringup)
[1.917s] Level 1:colcon.colcon_core.environment:checking '/home/user/ros2_ws/install/my_robot_bringup' for CMake module files
[1.917s] Level 1:colcon.colcon_core.environment:checking '/home/user/ros2_ws/install/my_robot_bringup' for CMake config files
[1.918s] Level 1:colcon.colcon_core.shell:create_environment_hook('my_robot_bringup', 'cmake_prefix_path')
[1.918s] INFO:colcon.colcon_core.shell:Creating environment hook '/home/user/ros2_ws/install/my_robot_bringup/share/my_robot_bringup/hook/cmake_prefix_path.ps1'
[1.919s] INFO:colcon.colcon_core.shell:Creating environment descriptor '/home/user/ros2_ws/install/my_robot_bringup/share/my_robot_bringup/hook/cmake_prefix_path.dsv'
[1.919s] INFO:colcon.colcon_core.shell:Creating environment hook '/home/user/ros2_ws/install/my_robot_bringup/share/my_robot_bringup/hook/cmake_prefix_path.sh'
[1.921s] Level 1:colcon.colcon_core.environment:checking '/home/user/ros2_ws/install/my_robot_bringup/bin'
[1.922s] Level 1:colcon.colcon_core.environment:checking '/home/user/ros2_ws/install/my_robot_bringup/lib/pkgconfig/my_robot_bringup.pc'
[1.922s] Level 1:colcon.colcon_core.environment:checking '/home/user/ros2_ws/install/my_robot_bringup/lib/python3.12/site-packages'
[1.922s] Level 1:colcon.colcon_core.environment:checking '/home/user/ros2_ws/install/my_robot_bringup/bin'
[1.923s] INFO:colcon.colcon_core.shell:Creating package script '/home/user/ros2_ws/install/my_robot_bringup/share/my_robot_bringup/package.ps1'
[1.924s] INFO:colcon.colcon_core.shell:Creating package descriptor '/home/user/ros2_ws/install/my_robot_bringup/share/my_robot_bringup/package.dsv'
[1.924s] INFO:colcon.colcon_core.shell:Creating package script '/home/user/ros2_ws/install/my_robot_bringup/share/my_robot_bringup/package.sh'
[1.925s] INFO:colcon.colcon_core.shell:Creating package script '/home/user/ros2_ws/install/my_robot_bringup/share/my_robot_bringup/package.bash'
[1.926s] INFO:colcon.colcon_core.shell:Creating package script '/home/user/ros2_ws/install/my_robot_bringup/share/my_robot_bringup/package.zsh'
[1.926s] Level 1:colcon.colcon_core.environment:create_file_with_runtime_dependencies(/home/user/ros2_ws/install/my_robot_bringup/share/colcon-core/packages/my_robot_bringup)
[1.932s] INFO:colcon.colcon_ros.task.ament_cmake.build:Building ROS package in '/home/user/ros2_ws/src/ros2_control_course/unit4/rrbot_unit4' with build type 'ament_cmake'
[1.932s] INFO:colcon.colcon_cmake.task.cmake.build:Building CMake package in '/home/user/ros2_ws/src/ros2_control_course/unit4/rrbot_unit4'
[1.932s] INFO:colcon.colcon_core.shell:Skip shell extension 'powershell' for command environment: Not usable outside of PowerShell
[1.932s] DEBUG:colcon.colcon_core.shell:Skip shell extension 'dsv' for command environment
[1.959s] DEBUG:colcon.colcon_core.event_handler.log_command:Invoking command in '/home/user/ros2_ws/build/rrbot_unit4': CMAKE_PREFIX_PATH=${CMAKE_PREFIX_PATH}:/home/user/ros2_ws/install/joint_trajectory_publisher:/home/user/ros2_ws/install/joint_trajectory_demo _=/usr/bin/env /usr/bin/cmake --build /home/user/ros2_ws/build/rrbot_unit4 -- -j8 -l8
[2.018s] DEBUG:colcon.colcon_core.event_handler.log_command:Invoked command in '/home/user/ros2_ws/build/rrbot_unit2' returned '0': CMAKE_PREFIX_PATH=${CMAKE_PREFIX_PATH}:/home/user/ros2_ws/install/joint_trajectory_publisher:/home/user/ros2_ws/install/joint_trajectory_demo _=/usr/bin/env /usr/bin/cmake --build /home/user/ros2_ws/build/rrbot_unit2 -- -j8 -l8
[2.019s] DEBUG:colcon.colcon_core.event_handler.log_command:Invoking command in '/home/user/ros2_ws/build/rrbot_unit2': CMAKE_PREFIX_PATH=${CMAKE_PREFIX_PATH}:/home/user/ros2_ws/install/joint_trajectory_publisher:/home/user/ros2_ws/install/joint_trajectory_demo _=/usr/bin/env /usr/bin/cmake --install /home/user/ros2_ws/build/rrbot_unit2
[2.054s] DEBUG:colcon.colcon_core.event_handler.log_command:Invoked command in '/home/user/ros2_ws/build/rrbot_unit3' returned '0': CMAKE_PREFIX_PATH=${CMAKE_PREFIX_PATH}:/home/user/ros2_ws/install/joint_trajectory_publisher:/home/user/ros2_ws/install/joint_trajectory_demo _=/usr/bin/env /usr/bin/cmake --build /home/user/ros2_ws/build/rrbot_unit3 -- -j8 -l8
[2.056s] DEBUG:colcon.colcon_core.event_handler.log_command:Invoking command in '/home/user/ros2_ws/build/rrbot_unit3': CMAKE_PREFIX_PATH=${CMAKE_PREFIX_PATH}:/home/user/ros2_ws/install/joint_trajectory_publisher:/home/user/ros2_ws/install/joint_trajectory_demo _=/usr/bin/env /usr/bin/cmake --install /home/user/ros2_ws/build/rrbot_unit3
[2.074s] Level 1:colcon.colcon_core.environment:create_environment_scripts_only(rrbot_unit2)
[2.074s] Level 1:colcon.colcon_core.environment:checking '/home/user/ros2_ws/install/rrbot_unit2' for CMake module files
[2.075s] DEBUG:colcon.colcon_core.event_handler.log_command:Invoked command in '/home/user/ros2_ws/build/rrbot_unit2' returned '0': CMAKE_PREFIX_PATH=${CMAKE_PREFIX_PATH}:/home/user/ros2_ws/install/joint_trajectory_publisher:/home/user/ros2_ws/install/joint_trajectory_demo _=/usr/bin/env /usr/bin/cmake --install /home/user/ros2_ws/build/rrbot_unit2
[2.076s] Level 1:colcon.colcon_core.environment:checking '/home/user/ros2_ws/install/rrbot_unit2' for CMake config files
[2.076s] Level 1:colcon.colcon_core.shell:create_environment_hook('rrbot_unit2', 'cmake_prefix_path')
[2.077s] INFO:colcon.colcon_core.shell:Creating environment hook '/home/user/ros2_ws/install/rrbot_unit2/share/rrbot_unit2/hook/cmake_prefix_path.ps1'
[2.077s] INFO:colcon.colcon_core.shell:Creating environment descriptor '/home/user/ros2_ws/install/rrbot_unit2/share/rrbot_unit2/hook/cmake_prefix_path.dsv'
[2.078s] INFO:colcon.colcon_core.shell:Creating environment hook '/home/user/ros2_ws/install/rrbot_unit2/share/rrbot_unit2/hook/cmake_prefix_path.sh'
[2.079s] Level 1:colcon.colcon_core.environment:checking '/home/user/ros2_ws/install/rrbot_unit2/bin'
[2.079s] Level 1:colcon.colcon_core.environment:checking '/home/user/ros2_ws/install/rrbot_unit2/lib/pkgconfig/rrbot_unit2.pc'
[2.080s] Level 1:colcon.colcon_core.environment:checking '/home/user/ros2_ws/install/rrbot_unit2/lib/python3.12/site-packages'
[2.080s] Level 1:colcon.colcon_core.environment:checking '/home/user/ros2_ws/install/rrbot_unit2/bin'
[2.080s] INFO:colcon.colcon_core.shell:Creating package script '/home/user/ros2_ws/install/rrbot_unit2/share/rrbot_unit2/package.ps1'
[2.081s] INFO:colcon.colcon_core.shell:Creating package descriptor '/home/user/ros2_ws/install/rrbot_unit2/share/rrbot_unit2/package.dsv'
[2.081s] INFO:colcon.colcon_core.shell:Creating package script '/home/user/ros2_ws/install/rrbot_unit2/share/rrbot_unit2/package.sh'
[2.082s] INFO:colcon.colcon_core.shell:Creating package script '/home/user/ros2_ws/install/rrbot_unit2/share/rrbot_unit2/package.bash'
[2.083s] INFO:colcon.colcon_core.shell:Creating package script '/home/user/ros2_ws/install/rrbot_unit2/share/rrbot_unit2/package.zsh'
[2.083s] Level 1:colcon.colcon_core.environment:create_file_with_runtime_dependencies(/home/user/ros2_ws/install/rrbot_unit2/share/colcon-core/packages/rrbot_unit2)
[2.084s] Level 1:colcon.colcon_core.environment:create_environment_scripts_only(rrbot_unit2)
[2.084s] Level 1:colcon.colcon_core.environment:checking '/home/user/ros2_ws/install/rrbot_unit2' for CMake module files
[2.089s] Level 1:colcon.colcon_core.environment:checking '/home/user/ros2_ws/install/rrbot_unit2' for CMake config files
[2.090s] Level 1:colcon.colcon_core.shell:create_environment_hook('rrbot_unit2', 'cmake_prefix_path')
[2.090s] INFO:colcon.colcon_core.shell:Creating environment hook '/home/user/ros2_ws/install/rrbot_unit2/share/rrbot_unit2/hook/cmake_prefix_path.ps1'
[2.095s] INFO:colcon.colcon_core.shell:Creating environment descriptor '/home/user/ros2_ws/install/rrbot_unit2/share/rrbot_unit2/hook/cmake_prefix_path.dsv'
[2.096s] INFO:colcon.colcon_core.shell:Creating environment hook '/home/user/ros2_ws/install/rrbot_unit2/share/rrbot_unit2/hook/cmake_prefix_path.sh'
[2.096s] Level 1:colcon.colcon_core.environment:checking '/home/user/ros2_ws/install/rrbot_unit2/bin'
[2.101s] Level 1:colcon.colcon_core.environment:checking '/home/user/ros2_ws/install/rrbot_unit2/lib/pkgconfig/rrbot_unit2.pc'
[2.101s] Level 1:colcon.colcon_core.environment:checking '/home/user/ros2_ws/install/rrbot_unit2/lib/python3.12/site-packages'
[2.102s] Level 1:colcon.colcon_core.environment:checking '/home/user/ros2_ws/install/rrbot_unit2/bin'
[2.102s] INFO:colcon.colcon_core.shell:Creating package script '/home/user/ros2_ws/install/rrbot_unit2/share/rrbot_unit2/package.ps1'
[2.103s] INFO:colcon.colcon_core.shell:Creating package descriptor '/home/user/ros2_ws/install/rrbot_unit2/share/rrbot_unit2/package.dsv'
[2.103s] INFO:colcon.colcon_core.shell:Creating package script '/home/user/ros2_ws/install/rrbot_unit2/share/rrbot_unit2/package.sh'
[2.104s] INFO:colcon.colcon_core.shell:Creating package script '/home/user/ros2_ws/install/rrbot_unit2/share/rrbot_unit2/package.bash'
[2.105s] INFO:colcon.colcon_core.shell:Creating package script '/home/user/ros2_ws/install/rrbot_unit2/share/rrbot_unit2/package.zsh'
[2.105s] Level 1:colcon.colcon_core.environment:create_file_with_runtime_dependencies(/home/user/ros2_ws/install/rrbot_unit2/share/colcon-core/packages/rrbot_unit2)
[2.107s] INFO:colcon.colcon_ros.task.ament_cmake.build:Building ROS package in '/home/user/ros2_ws/src/ros2_control_course/unit5/rrbot_unit5' with build type 'ament_cmake'
[2.108s] INFO:colcon.colcon_cmake.task.cmake.build:Building CMake package in '/home/user/ros2_ws/src/ros2_control_course/unit5/rrbot_unit5'
[2.108s] INFO:colcon.colcon_core.shell:Skip shell extension 'powershell' for command environment: Not usable outside of PowerShell
[2.108s] DEBUG:colcon.colcon_core.shell:Skip shell extension 'dsv' for command environment
[2.120s] Level 1:colcon.colcon_core.environment:create_environment_scripts_only(rrbot_unit3)
[2.120s] Level 1:colcon.colcon_core.environment:checking '/home/user/ros2_ws/install/rrbot_unit3' for CMake module files
[2.121s] DEBUG:colcon.colcon_core.event_handler.log_command:Invoked command in '/home/user/ros2_ws/build/rrbot_unit3' returned '0': CMAKE_PREFIX_PATH=${CMAKE_PREFIX_PATH}:/home/user/ros2_ws/install/joint_trajectory_publisher:/home/user/ros2_ws/install/joint_trajectory_demo _=/usr/bin/env /usr/bin/cmake --install /home/user/ros2_ws/build/rrbot_unit3
[2.125s] Level 1:colcon.colcon_core.environment:checking '/home/user/ros2_ws/install/rrbot_unit3' for CMake config files
[2.133s] Level 1:colcon.colcon_core.shell:create_environment_hook('rrbot_unit3', 'cmake_prefix_path')
[2.133s] INFO:colcon.colcon_core.shell:Creating environment hook '/home/user/ros2_ws/install/rrbot_unit3/share/rrbot_unit3/hook/cmake_prefix_path.ps1'
[2.134s] INFO:colcon.colcon_core.shell:Creating environment descriptor '/home/user/ros2_ws/install/rrbot_unit3/share/rrbot_unit3/hook/cmake_prefix_path.dsv'
[2.134s] INFO:colcon.colcon_core.shell:Creating environment hook '/home/user/ros2_ws/install/rrbot_unit3/share/rrbot_unit3/hook/cmake_prefix_path.sh'
[2.135s] Level 1:colcon.colcon_core.environment:checking '/home/user/ros2_ws/install/rrbot_unit3/bin'
[2.135s] Level 1:colcon.colcon_core.environment:checking '/home/user/ros2_ws/install/rrbot_unit3/lib/pkgconfig/rrbot_unit3.pc'
[2.135s] Level 1:colcon.colcon_core.environment:checking '/home/user/ros2_ws/install/rrbot_unit3/lib/python3.12/site-packages'
[2.136s] Level 1:colcon.colcon_core.environment:checking '/home/user/ros2_ws/install/rrbot_unit3/bin'
[2.136s] INFO:colcon.colcon_core.shell:Creating package script '/home/user/ros2_ws/install/rrbot_unit3/share/rrbot_unit3/package.ps1'
[2.136s] INFO:colcon.colcon_core.shell:Creating package descriptor '/home/user/ros2_ws/install/rrbot_unit3/share/rrbot_unit3/package.dsv'
[2.137s] INFO:colcon.colcon_core.shell:Creating package script '/home/user/ros2_ws/install/rrbot_unit3/share/rrbot_unit3/package.sh'
[2.137s] INFO:colcon.colcon_core.shell:Creating package script '/home/user/ros2_ws/install/rrbot_unit3/share/rrbot_unit3/package.bash'
[2.138s] INFO:colcon.colcon_core.shell:Creating package script '/home/user/ros2_ws/install/rrbot_unit3/share/rrbot_unit3/package.zsh'
[2.138s] Level 1:colcon.colcon_core.environment:create_file_with_runtime_dependencies(/home/user/ros2_ws/install/rrbot_unit3/share/colcon-core/packages/rrbot_unit3)
[2.139s] Level 1:colcon.colcon_core.environment:create_environment_scripts_only(rrbot_unit3)
[2.139s] Level 1:colcon.colcon_core.environment:checking '/home/user/ros2_ws/install/rrbot_unit3' for CMake module files
[2.140s] Level 1:colcon.colcon_core.environment:checking '/home/user/ros2_ws/install/rrbot_unit3' for CMake config files
[2.140s] Level 1:colcon.colcon_core.shell:create_environment_hook('rrbot_unit3', 'cmake_prefix_path')
[2.140s] INFO:colcon.colcon_core.shell:Creating environment hook '/home/user/ros2_ws/install/rrbot_unit3/share/rrbot_unit3/hook/cmake_prefix_path.ps1'
[2.141s] INFO:colcon.colcon_core.shell:Creating environment descriptor '/home/user/ros2_ws/install/rrbot_unit3/share/rrbot_unit3/hook/cmake_prefix_path.dsv'
[2.141s] INFO:colcon.colcon_core.shell:Creating environment hook '/home/user/ros2_ws/install/rrbot_unit3/share/rrbot_unit3/hook/cmake_prefix_path.sh'
[2.142s] Level 1:colcon.colcon_core.environment:checking '/home/user/ros2_ws/install/rrbot_unit3/bin'
[2.142s] Level 1:colcon.colcon_core.environment:checking '/home/user/ros2_ws/install/rrbot_unit3/lib/pkgconfig/rrbot_unit3.pc'
[2.143s] Level 1:colcon.colcon_core.environment:checking '/home/user/ros2_ws/install/rrbot_unit3/lib/python3.12/site-packages'
[2.143s] Level 1:colcon.colcon_core.environment:checking '/home/user/ros2_ws/install/rrbot_unit3/bin'
[2.143s] INFO:colcon.colcon_core.shell:Creating package script '/home/user/ros2_ws/install/rrbot_unit3/share/rrbot_unit3/package.ps1'
[2.144s] INFO:colcon.colcon_core.shell:Creating package descriptor '/home/user/ros2_ws/install/rrbot_unit3/share/rrbot_unit3/package.dsv'
[2.145s] INFO:colcon.colcon_core.shell:Creating package script '/home/user/ros2_ws/install/rrbot_unit3/share/rrbot_unit3/package.sh'
[2.145s] INFO:colcon.colcon_core.shell:Creating package script '/home/user/ros2_ws/install/rrbot_unit3/share/rrbot_unit3/package.bash'
[2.146s] INFO:colcon.colcon_core.shell:Creating package script '/home/user/ros2_ws/install/rrbot_unit3/share/rrbot_unit3/package.zsh'
[2.147s] Level 1:colcon.colcon_core.environment:create_file_with_runtime_dependencies(/home/user/ros2_ws/install/rrbot_unit3/share/colcon-core/packages/rrbot_unit3)
[2.148s] DEBUG:colcon.colcon_core.event_handler.log_command:Invoked command in '/home/user/ros2_ws/build/dynamixel_workbench_toolbox' returned '0': CMAKE_PREFIX_PATH=/home/user/ros2_ws/install/dynamixel_sdk:/home/user/ros2_ws/install/spawn_solo:/home/user/ros2_ws/install/spawn_robot:/home/user/ros2_ws/install/solo_description:/home/user/ros2_ws/install/rrbot_unit5:/home/user/ros2_ws/install/rrbot_unit4:/home/user/ros2_ws/install/rrbot_unit3:/home/user/ros2_ws/install/rrbot_unit2:/home/user/ros2_ws/install/rrbot_controller:/home/user/ros2_ws/install/my_robot_hardware_interface:/home/user/ros2_ws/install/my_robot_bringup:/home/user/ros2_ws/install/my_quadruped_bringup:/home/user/ros2_ws/install/dynamixel_workbench:/home/user/ros2_ws/install/dynamixel_hardware_interface:/home/user/ros2_ws/install/dynamixel_workbench_toolbox:/home/user/ros2_ws/install/dynamixel_sdk_examples:/home/user/ros2_ws/install/dynamixel_sdk_custom_interfaces:/home/user/ros2_ws/install/diffbot_sim:/home/user/ros2_ws/install/diffbot_description:/home/simulations/ros2_sims_ws/install/unit6_simulation:/home/simulations/ros2_sims_ws/install/rrbot_sim:/home/simulations/ros2_sims_ws/install/rmw_cyclonedds_cpp:/home/simulations/ros2_sims_ws/install/cyclonedds:/opt/ros/jazzy/opt/gz_sim_vendor:/opt/ros/jazzy/opt/gz_sensors_vendor:/opt/ros/jazzy/opt/gz_physics_vendor:/opt/ros/jazzy/opt/sdformat_vendor:/opt/ros/jazzy/opt/gz_gui_vendor:/opt/ros/jazzy/opt/gz_transport_vendor:/opt/ros/jazzy/opt/gz_rendering_vendor:/opt/ros/jazzy/opt/gz_plugin_vendor:/opt/ros/jazzy/opt/gz_fuel_tools_vendor:/opt/ros/jazzy/opt/gz_msgs_vendor:/opt/ros/jazzy/opt/gz_common_vendor:/opt/ros/jazzy/opt/gz_math_vendor:/opt/ros/jazzy/opt/gz_utils_vendor:/opt/ros/jazzy/opt/gz_tools_vendor:/opt/ros/jazzy/opt/gz_ogre_next_vendor:/opt/ros/jazzy/opt/gz_dartsim_vendor:/opt/ros/jazzy/opt/gz_cmake_vendor:/opt/ros/jazzy:/opt/ros/jazzy:/home/user/ros2_ws/install/joint_trajectory_publisher:/home/user/ros2_ws/install/joint_trajectory_demo LD_LIBRARY_PATH=/home/user/ros2_ws/install/dynamixel_sdk/lib:/home/user/ros2_ws/install/rrbot_controller/lib:/home/user/ros2_ws/install/my_robot_hardware_interface/lib:/home/user/ros2_ws/install/dynamixel_hardware_interface/lib:/home/user/ros2_ws/install/dynamixel_workbench_toolbox/lib:/home/user/ros2_ws/install/dynamixel_sdk_custom_interfaces/lib:/home/simulations/ros2_sims_ws/install/rmw_cyclonedds_cpp/lib:/home/simulations/ros2_sims_ws/install/cyclonedds/lib:/home/user/catkin_ws/devel/lib:/home/simulations/public_sim_ws/devel/lib:/opt/ros/jazzy/lib:/opt/ros/jazzy/lib/x86_64-linux-gnu:/usr/local/cuda-10.2/lib64:/home/user/.catkin_ws_python3/src/TensorRT-7.0.0.11/lib:/home/user/catkin_ws/devel/lib:/home/simulations/public_sim_ws/devel/lib:/opt/ros/jazzy/lib:/opt/ros/jazzy/lib/x86_64-linux-gnu:/opt/ros/jazzy/opt/gz_sim_vendor/lib:/opt/ros/jazzy/opt/gz_sensors_vendor/lib:/opt/ros/jazzy/opt/gz_physics_vendor/lib:/opt/ros/jazzy/opt/sdformat_vendor/lib:/opt/ros/jazzy/opt/rviz_ogre_vendor/lib:/opt/ros/jazzy/lib/x86_64-linux-gnu:/opt/ros/jazzy/opt/gz_gui_vendor/lib:/opt/ros/jazzy/opt/gz_transport_vendor/lib:/opt/ros/jazzy/opt/gz_rendering_vendor/lib:/opt/ros/jazzy/opt/gz_plugin_vendor/lib:/opt/ros/jazzy/opt/gz_fuel_tools_vendor/lib:/opt/ros/jazzy/opt/gz_msgs_vendor/lib:/opt/ros/jazzy/opt/gz_common_vendor/lib:/opt/ros/jazzy/opt/gz_math_vendor/lib:/opt/ros/jazzy/opt/gz_utils_vendor/lib:/opt/ros/jazzy/opt/gz_tools_vendor/lib:/opt/ros/jazzy/opt/gz_ogre_next_vendor/lib:/opt/ros/jazzy/opt/gz_dartsim_vendor/lib:/opt/ros/jazzy/opt/gz_cmake_vendor/lib:/opt/ros/jazzy/lib:/usr/local/cuda-10.2/lib64:/home/user/.catkin_ws_python3/src/TensorRT-7.0.0.11/lib _=/usr/bin/env /usr/bin/cmake --build /home/user/ros2_ws/build/dynamixel_workbench_toolbox -- -j8 -l8
[2.150s] DEBUG:colcon.colcon_core.event_handler.log_command:Invoking command in '/home/user/ros2_ws/build/dynamixel_workbench_toolbox': CMAKE_PREFIX_PATH=/home/user/ros2_ws/install/dynamixel_sdk:/home/user/ros2_ws/install/spawn_solo:/home/user/ros2_ws/install/spawn_robot:/home/user/ros2_ws/install/solo_description:/home/user/ros2_ws/install/rrbot_unit5:/home/user/ros2_ws/install/rrbot_unit4:/home/user/ros2_ws/install/rrbot_unit3:/home/user/ros2_ws/install/rrbot_unit2:/home/user/ros2_ws/install/rrbot_controller:/home/user/ros2_ws/install/my_robot_hardware_interface:/home/user/ros2_ws/install/my_robot_bringup:/home/user/ros2_ws/install/my_quadruped_bringup:/home/user/ros2_ws/install/dynamixel_workbench:/home/user/ros2_ws/install/dynamixel_hardware_interface:/home/user/ros2_ws/install/dynamixel_workbench_toolbox:/home/user/ros2_ws/install/dynamixel_sdk_examples:/home/user/ros2_ws/install/dynamixel_sdk_custom_interfaces:/home/user/ros2_ws/install/diffbot_sim:/home/user/ros2_ws/install/diffbot_description:/home/simulations/ros2_sims_ws/install/unit6_simulation:/home/simulations/ros2_sims_ws/install/rrbot_sim:/home/simulations/ros2_sims_ws/install/rmw_cyclonedds_cpp:/home/simulations/ros2_sims_ws/install/cyclonedds:/opt/ros/jazzy/opt/gz_sim_vendor:/opt/ros/jazzy/opt/gz_sensors_vendor:/opt/ros/jazzy/opt/gz_physics_vendor:/opt/ros/jazzy/opt/sdformat_vendor:/opt/ros/jazzy/opt/gz_gui_vendor:/opt/ros/jazzy/opt/gz_transport_vendor:/opt/ros/jazzy/opt/gz_rendering_vendor:/opt/ros/jazzy/opt/gz_plugin_vendor:/opt/ros/jazzy/opt/gz_fuel_tools_vendor:/opt/ros/jazzy/opt/gz_msgs_vendor:/opt/ros/jazzy/opt/gz_common_vendor:/opt/ros/jazzy/opt/gz_math_vendor:/opt/ros/jazzy/opt/gz_utils_vendor:/opt/ros/jazzy/opt/gz_tools_vendor:/opt/ros/jazzy/opt/gz_ogre_next_vendor:/opt/ros/jazzy/opt/gz_dartsim_vendor:/opt/ros/jazzy/opt/gz_cmake_vendor:/opt/ros/jazzy:/opt/ros/jazzy:/home/user/ros2_ws/install/joint_trajectory_publisher:/home/user/ros2_ws/install/joint_trajectory_demo LD_LIBRARY_PATH=/home/user/ros2_ws/install/dynamixel_sdk/lib:/home/user/ros2_ws/install/rrbot_controller/lib:/home/user/ros2_ws/install/my_robot_hardware_interface/lib:/home/user/ros2_ws/install/dynamixel_hardware_interface/lib:/home/user/ros2_ws/install/dynamixel_workbench_toolbox/lib:/home/user/ros2_ws/install/dynamixel_sdk_custom_interfaces/lib:/home/simulations/ros2_sims_ws/install/rmw_cyclonedds_cpp/lib:/home/simulations/ros2_sims_ws/install/cyclonedds/lib:/home/user/catkin_ws/devel/lib:/home/simulations/public_sim_ws/devel/lib:/opt/ros/jazzy/lib:/opt/ros/jazzy/lib/x86_64-linux-gnu:/usr/local/cuda-10.2/lib64:/home/user/.catkin_ws_python3/src/TensorRT-7.0.0.11/lib:/home/user/catkin_ws/devel/lib:/home/simulations/public_sim_ws/devel/lib:/opt/ros/jazzy/lib:/opt/ros/jazzy/lib/x86_64-linux-gnu:/opt/ros/jazzy/opt/gz_sim_vendor/lib:/opt/ros/jazzy/opt/gz_sensors_vendor/lib:/opt/ros/jazzy/opt/gz_physics_vendor/lib:/opt/ros/jazzy/opt/sdformat_vendor/lib:/opt/ros/jazzy/opt/rviz_ogre_vendor/lib:/opt/ros/jazzy/lib/x86_64-linux-gnu:/opt/ros/jazzy/opt/gz_gui_vendor/lib:/opt/ros/jazzy/opt/gz_transport_vendor/lib:/opt/ros/jazzy/opt/gz_rendering_vendor/lib:/opt/ros/jazzy/opt/gz_plugin_vendor/lib:/opt/ros/jazzy/opt/gz_fuel_tools_vendor/lib:/opt/ros/jazzy/opt/gz_msgs_vendor/lib:/opt/ros/jazzy/opt/gz_common_vendor/lib:/opt/ros/jazzy/opt/gz_math_vendor/lib:/opt/ros/jazzy/opt/gz_utils_vendor/lib:/opt/ros/jazzy/opt/gz_tools_vendor/lib:/opt/ros/jazzy/opt/gz_ogre_next_vendor/lib:/opt/ros/jazzy/opt/gz_dartsim_vendor/lib:/opt/ros/jazzy/opt/gz_cmake_vendor/lib:/opt/ros/jazzy/lib:/usr/local/cuda-10.2/lib64:/home/user/.catkin_ws_python3/src/TensorRT-7.0.0.11/lib _=/usr/bin/env /usr/bin/cmake --install /home/user/ros2_ws/build/dynamixel_workbench_toolbox
[2.178s] DEBUG:colcon.colcon_core.event_handler.log_command:Invoked command in '/home/user/ros2_ws/build/rrbot_unit4' returned '0': CMAKE_PREFIX_PATH=${CMAKE_PREFIX_PATH}:/home/user/ros2_ws/install/joint_trajectory_publisher:/home/user/ros2_ws/install/joint_trajectory_demo _=/usr/bin/env /usr/bin/cmake --build /home/user/ros2_ws/build/rrbot_unit4 -- -j8 -l8
[2.185s] DEBUG:colcon.colcon_core.event_handler.log_command:Invoking command in '/home/user/ros2_ws/build/rrbot_unit4': CMAKE_PREFIX_PATH=${CMAKE_PREFIX_PATH}:/home/user/ros2_ws/install/joint_trajectory_publisher:/home/user/ros2_ws/install/joint_trajectory_demo _=/usr/bin/env /usr/bin/cmake --install /home/user/ros2_ws/build/rrbot_unit4
[2.217s] INFO:colcon.colcon_ros.task.ament_cmake.build:Building ROS package in '/home/user/ros2_ws/src/ros2_control_course/unit6/solo_description' with build type 'ament_cmake'
[2.218s] INFO:colcon.colcon_cmake.task.cmake.build:Building CMake package in '/home/user/ros2_ws/src/ros2_control_course/unit6/solo_description'
[2.218s] INFO:colcon.colcon_core.shell:Skip shell extension 'powershell' for command environment: Not usable outside of PowerShell
[2.218s] DEBUG:colcon.colcon_core.shell:Skip shell extension 'dsv' for command environment
[2.246s] DEBUG:colcon.colcon_core.event_handler.log_command:Invoked command in '/home/user/ros2_ws/build/rrbot_controller' returned '0': CMAKE_PREFIX_PATH=${CMAKE_PREFIX_PATH}:/home/user/ros2_ws/install/joint_trajectory_publisher:/home/user/ros2_ws/install/joint_trajectory_demo _=/usr/bin/env /usr/bin/cmake --build /home/user/ros2_ws/build/rrbot_controller -- -j8 -l8
[2.246s] DEBUG:colcon.colcon_core.event_handler.log_command:Invoking command in '/home/user/ros2_ws/build/rrbot_controller': CMAKE_PREFIX_PATH=${CMAKE_PREFIX_PATH}:/home/user/ros2_ws/install/joint_trajectory_publisher:/home/user/ros2_ws/install/joint_trajectory_demo _=/usr/bin/env /usr/bin/cmake --install /home/user/ros2_ws/build/rrbot_controller
[2.269s] Level 1:colcon.colcon_core.environment:create_environment_scripts_only(dynamixel_workbench_toolbox)
[2.270s] Level 1:colcon.colcon_core.environment:checking '/home/user/ros2_ws/install/dynamixel_workbench_toolbox' for CMake module files
[2.269s] DEBUG:colcon.colcon_core.event_handler.log_command:Invoked command in '/home/user/ros2_ws/build/dynamixel_workbench_toolbox' returned '0': CMAKE_PREFIX_PATH=/home/user/ros2_ws/install/dynamixel_sdk:/home/user/ros2_ws/install/spawn_solo:/home/user/ros2_ws/install/spawn_robot:/home/user/ros2_ws/install/solo_description:/home/user/ros2_ws/install/rrbot_unit5:/home/user/ros2_ws/install/rrbot_unit4:/home/user/ros2_ws/install/rrbot_unit3:/home/user/ros2_ws/install/rrbot_unit2:/home/user/ros2_ws/install/rrbot_controller:/home/user/ros2_ws/install/my_robot_hardware_interface:/home/user/ros2_ws/install/my_robot_bringup:/home/user/ros2_ws/install/my_quadruped_bringup:/home/user/ros2_ws/install/dynamixel_workbench:/home/user/ros2_ws/install/dynamixel_hardware_interface:/home/user/ros2_ws/install/dynamixel_workbench_toolbox:/home/user/ros2_ws/install/dynamixel_sdk_examples:/home/user/ros2_ws/install/dynamixel_sdk_custom_interfaces:/home/user/ros2_ws/install/diffbot_sim:/home/user/ros2_ws/install/diffbot_description:/home/simulations/ros2_sims_ws/install/unit6_simulation:/home/simulations/ros2_sims_ws/install/rrbot_sim:/home/simulations/ros2_sims_ws/install/rmw_cyclonedds_cpp:/home/simulations/ros2_sims_ws/install/cyclonedds:/opt/ros/jazzy/opt/gz_sim_vendor:/opt/ros/jazzy/opt/gz_sensors_vendor:/opt/ros/jazzy/opt/gz_physics_vendor:/opt/ros/jazzy/opt/sdformat_vendor:/opt/ros/jazzy/opt/gz_gui_vendor:/opt/ros/jazzy/opt/gz_transport_vendor:/opt/ros/jazzy/opt/gz_rendering_vendor:/opt/ros/jazzy/opt/gz_plugin_vendor:/opt/ros/jazzy/opt/gz_fuel_tools_vendor:/opt/ros/jazzy/opt/gz_msgs_vendor:/opt/ros/jazzy/opt/gz_common_vendor:/opt/ros/jazzy/opt/gz_math_vendor:/opt/ros/jazzy/opt/gz_utils_vendor:/opt/ros/jazzy/opt/gz_tools_vendor:/opt/ros/jazzy/opt/gz_ogre_next_vendor:/opt/ros/jazzy/opt/gz_dartsim_vendor:/opt/ros/jazzy/opt/gz_cmake_vendor:/opt/ros/jazzy:/opt/ros/jazzy:/home/user/ros2_ws/install/joint_trajectory_publisher:/home/user/ros2_ws/install/joint_trajectory_demo LD_LIBRARY_PATH=/home/user/ros2_ws/install/dynamixel_sdk/lib:/home/user/ros2_ws/install/rrbot_controller/lib:/home/user/ros2_ws/install/my_robot_hardware_interface/lib:/home/user/ros2_ws/install/dynamixel_hardware_interface/lib:/home/user/ros2_ws/install/dynamixel_workbench_toolbox/lib:/home/user/ros2_ws/install/dynamixel_sdk_custom_interfaces/lib:/home/simulations/ros2_sims_ws/install/rmw_cyclonedds_cpp/lib:/home/simulations/ros2_sims_ws/install/cyclonedds/lib:/home/user/catkin_ws/devel/lib:/home/simulations/public_sim_ws/devel/lib:/opt/ros/jazzy/lib:/opt/ros/jazzy/lib/x86_64-linux-gnu:/usr/local/cuda-10.2/lib64:/home/user/.catkin_ws_python3/src/TensorRT-7.0.0.11/lib:/home/user/catkin_ws/devel/lib:/home/simulations/public_sim_ws/devel/lib:/opt/ros/jazzy/lib:/opt/ros/jazzy/lib/x86_64-linux-gnu:/opt/ros/jazzy/opt/gz_sim_vendor/lib:/opt/ros/jazzy/opt/gz_sensors_vendor/lib:/opt/ros/jazzy/opt/gz_physics_vendor/lib:/opt/ros/jazzy/opt/sdformat_vendor/lib:/opt/ros/jazzy/opt/rviz_ogre_vendor/lib:/opt/ros/jazzy/lib/x86_64-linux-gnu:/opt/ros/jazzy/opt/gz_gui_vendor/lib:/opt/ros/jazzy/opt/gz_transport_vendor/lib:/opt/ros/jazzy/opt/gz_rendering_vendor/lib:/opt/ros/jazzy/opt/gz_plugin_vendor/lib:/opt/ros/jazzy/opt/gz_fuel_tools_vendor/lib:/opt/ros/jazzy/opt/gz_msgs_vendor/lib:/opt/ros/jazzy/opt/gz_common_vendor/lib:/opt/ros/jazzy/opt/gz_math_vendor/lib:/opt/ros/jazzy/opt/gz_utils_vendor/lib:/opt/ros/jazzy/opt/gz_tools_vendor/lib:/opt/ros/jazzy/opt/gz_ogre_next_vendor/lib:/opt/ros/jazzy/opt/gz_dartsim_vendor/lib:/opt/ros/jazzy/opt/gz_cmake_vendor/lib:/opt/ros/jazzy/lib:/usr/local/cuda-10.2/lib64:/home/user/.catkin_ws_python3/src/TensorRT-7.0.0.11/lib _=/usr/bin/env /usr/bin/cmake --install /home/user/ros2_ws/build/dynamixel_workbench_toolbox
[2.271s] Level 1:colcon.colcon_core.environment:checking '/home/user/ros2_ws/install/dynamixel_workbench_toolbox' for CMake config files
[2.271s] Level 1:colcon.colcon_core.shell:create_environment_hook('dynamixel_workbench_toolbox', 'cmake_prefix_path')
[2.271s] INFO:colcon.colcon_core.shell:Creating environment hook '/home/user/ros2_ws/install/dynamixel_workbench_toolbox/share/dynamixel_workbench_toolbox/hook/cmake_prefix_path.ps1'
[2.272s] INFO:colcon.colcon_core.shell:Creating environment descriptor '/home/user/ros2_ws/install/dynamixel_workbench_toolbox/share/dynamixel_workbench_toolbox/hook/cmake_prefix_path.dsv'
[2.273s] INFO:colcon.colcon_core.shell:Creating environment hook '/home/user/ros2_ws/install/dynamixel_workbench_toolbox/share/dynamixel_workbench_toolbox/hook/cmake_prefix_path.sh'
[2.274s] Level 1:colcon.colcon_core.environment:checking '/home/user/ros2_ws/install/dynamixel_workbench_toolbox/lib'
[2.274s] Level 1:colcon.colcon_core.shell:create_environment_hook('dynamixel_workbench_toolbox', 'ld_library_path_lib')
[2.274s] INFO:colcon.colcon_core.shell:Creating environment hook '/home/user/ros2_ws/install/dynamixel_workbench_toolbox/share/dynamixel_workbench_toolbox/hook/ld_library_path_lib.ps1'
[2.275s] INFO:colcon.colcon_core.shell:Creating environment descriptor '/home/user/ros2_ws/install/dynamixel_workbench_toolbox/share/dynamixel_workbench_toolbox/hook/ld_library_path_lib.dsv'
[2.275s] INFO:colcon.colcon_core.shell:Creating environment hook '/home/user/ros2_ws/install/dynamixel_workbench_toolbox/share/dynamixel_workbench_toolbox/hook/ld_library_path_lib.sh'
[2.276s] Level 1:colcon.colcon_core.environment:checking '/home/user/ros2_ws/install/dynamixel_workbench_toolbox/bin'
[2.276s] Level 1:colcon.colcon_core.environment:checking '/home/user/ros2_ws/install/dynamixel_workbench_toolbox/lib/pkgconfig/dynamixel_workbench_toolbox.pc'
[2.276s] Level 1:colcon.colcon_core.environment:checking '/home/user/ros2_ws/install/dynamixel_workbench_toolbox/lib/python3.12/site-packages'
[2.281s] Level 1:colcon.colcon_core.environment:checking '/home/user/ros2_ws/install/dynamixel_workbench_toolbox/bin'
[2.281s] INFO:colcon.colcon_core.shell:Creating package script '/home/user/ros2_ws/install/dynamixel_workbench_toolbox/share/dynamixel_workbench_toolbox/package.ps1'
[2.283s] INFO:colcon.colcon_core.shell:Creating package descriptor '/home/user/ros2_ws/install/dynamixel_workbench_toolbox/share/dynamixel_workbench_toolbox/package.dsv'
[2.295s] INFO:colcon.colcon_core.shell:Creating package script '/home/user/ros2_ws/install/dynamixel_workbench_toolbox/share/dynamixel_workbench_toolbox/package.sh'
[2.295s] INFO:colcon.colcon_core.shell:Creating package script '/home/user/ros2_ws/install/dynamixel_workbench_toolbox/share/dynamixel_workbench_toolbox/package.bash'
[2.295s] INFO:colcon.colcon_core.shell:Creating package script '/home/user/ros2_ws/install/dynamixel_workbench_toolbox/share/dynamixel_workbench_toolbox/package.zsh'
[2.296s] Level 1:colcon.colcon_core.environment:create_file_with_runtime_dependencies(/home/user/ros2_ws/install/dynamixel_workbench_toolbox/share/colcon-core/packages/dynamixel_workbench_toolbox)
[2.296s] Level 1:colcon.colcon_core.environment:create_environment_scripts_only(dynamixel_workbench_toolbox)
[2.297s] Level 1:colcon.colcon_core.environment:checking '/home/user/ros2_ws/install/dynamixel_workbench_toolbox' for CMake module files
[2.297s] Level 1:colcon.colcon_core.environment:checking '/home/user/ros2_ws/install/dynamixel_workbench_toolbox' for CMake config files
[2.298s] Level 1:colcon.colcon_core.shell:create_environment_hook('dynamixel_workbench_toolbox', 'cmake_prefix_path')
[2.298s] INFO:colcon.colcon_core.shell:Creating environment hook '/home/user/ros2_ws/install/dynamixel_workbench_toolbox/share/dynamixel_workbench_toolbox/hook/cmake_prefix_path.ps1'
[2.298s] INFO:colcon.colcon_core.shell:Creating environment descriptor '/home/user/ros2_ws/install/dynamixel_workbench_toolbox/share/dynamixel_workbench_toolbox/hook/cmake_prefix_path.dsv'
[2.299s] INFO:colcon.colcon_core.shell:Creating environment hook '/home/user/ros2_ws/install/dynamixel_workbench_toolbox/share/dynamixel_workbench_toolbox/hook/cmake_prefix_path.sh'
[2.300s] Level 1:colcon.colcon_core.environment:checking '/home/user/ros2_ws/install/dynamixel_workbench_toolbox/lib'
[2.300s] Level 1:colcon.colcon_core.shell:create_environment_hook('dynamixel_workbench_toolbox', 'ld_library_path_lib')
[2.300s] INFO:colcon.colcon_core.shell:Creating environment hook '/home/user/ros2_ws/install/dynamixel_workbench_toolbox/share/dynamixel_workbench_toolbox/hook/ld_library_path_lib.ps1'
[2.301s] INFO:colcon.colcon_core.shell:Creating environment descriptor '/home/user/ros2_ws/install/dynamixel_workbench_toolbox/share/dynamixel_workbench_toolbox/hook/ld_library_path_lib.dsv'
[2.301s] INFO:colcon.colcon_core.shell:Creating environment hook '/home/user/ros2_ws/install/dynamixel_workbench_toolbox/share/dynamixel_workbench_toolbox/hook/ld_library_path_lib.sh'
[2.302s] Level 1:colcon.colcon_core.environment:checking '/home/user/ros2_ws/install/dynamixel_workbench_toolbox/bin'
[2.302s] Level 1:colcon.colcon_core.environment:checking '/home/user/ros2_ws/install/dynamixel_workbench_toolbox/lib/pkgconfig/dynamixel_workbench_toolbox.pc'
[2.302s] Level 1:colcon.colcon_core.environment:checking '/home/user/ros2_ws/install/dynamixel_workbench_toolbox/lib/python3.12/site-packages'
[2.303s] Level 1:colcon.colcon_core.environment:checking '/home/user/ros2_ws/install/dynamixel_workbench_toolbox/bin'
[2.303s] INFO:colcon.colcon_core.shell:Creating package script '/home/user/ros2_ws/install/dynamixel_workbench_toolbox/share/dynamixel_workbench_toolbox/package.ps1'
[2.304s] INFO:colcon.colcon_core.shell:Creating package descriptor '/home/user/ros2_ws/install/dynamixel_workbench_toolbox/share/dynamixel_workbench_toolbox/package.dsv'
[2.305s] INFO:colcon.colcon_core.shell:Creating package script '/home/user/ros2_ws/install/dynamixel_workbench_toolbox/share/dynamixel_workbench_toolbox/package.sh'
[2.306s] INFO:colcon.colcon_core.shell:Creating package script '/home/user/ros2_ws/install/dynamixel_workbench_toolbox/share/dynamixel_workbench_toolbox/package.bash'
[2.306s] INFO:colcon.colcon_core.shell:Creating package script '/home/user/ros2_ws/install/dynamixel_workbench_toolbox/share/dynamixel_workbench_toolbox/package.zsh'
[2.307s] Level 1:colcon.colcon_core.environment:create_file_with_runtime_dependencies(/home/user/ros2_ws/install/dynamixel_workbench_toolbox/share/colcon-core/packages/dynamixel_workbench_toolbox)
[2.311s] DEBUG:colcon.colcon_core.event_handler.log_command:Invoking command in '/home/user/ros2_ws/build/rrbot_unit5': CMAKE_PREFIX_PATH=${CMAKE_PREFIX_PATH}:/home/user/ros2_ws/install/joint_trajectory_publisher:/home/user/ros2_ws/install/joint_trajectory_demo _=/usr/bin/env /usr/bin/cmake --build /home/user/ros2_ws/build/rrbot_unit5 -- -j8 -l8
[2.357s] DEBUG:colcon.colcon_core.event_handler.log_command:Invoked command in '/home/user/ros2_ws/build/my_robot_hardware_interface' returned '0': CMAKE_PREFIX_PATH=${CMAKE_PREFIX_PATH}:/home/user/ros2_ws/install/joint_trajectory_publisher:/home/user/ros2_ws/install/joint_trajectory_demo _=/usr/bin/env /usr/bin/cmake --build /home/user/ros2_ws/build/my_robot_hardware_interface -- -j8 -l8
[2.358s] DEBUG:colcon.colcon_core.event_handler.log_command:Invoking command in '/home/user/ros2_ws/build/my_robot_hardware_interface': CMAKE_PREFIX_PATH=${CMAKE_PREFIX_PATH}:/home/user/ros2_ws/install/joint_trajectory_publisher:/home/user/ros2_ws/install/joint_trajectory_demo _=/usr/bin/env /usr/bin/cmake --install /home/user/ros2_ws/build/my_robot_hardware_interface
[2.398s] INFO:colcon.colcon_ros.task.ament_cmake.build:Building ROS package in '/home/user/ros2_ws/src/ros2_control_course/unit5/spawn_robot' with build type 'ament_cmake'
[2.398s] INFO:colcon.colcon_cmake.task.cmake.build:Building CMake package in '/home/user/ros2_ws/src/ros2_control_course/unit5/spawn_robot'
[2.398s] INFO:colcon.colcon_core.shell:Skip shell extension 'powershell' for command environment: Not usable outside of PowerShell
[2.398s] DEBUG:colcon.colcon_core.shell:Skip shell extension 'dsv' for command environment
[2.423s] Level 1:colcon.colcon_core.environment:create_environment_scripts_only(rrbot_unit4)
[2.424s] Level 1:colcon.colcon_core.environment:checking '/home/user/ros2_ws/install/rrbot_unit4' for CMake module files
[2.425s] DEBUG:colcon.colcon_core.event_handler.log_command:Invoked command in '/home/user/ros2_ws/build/rrbot_unit4' returned '0': CMAKE_PREFIX_PATH=${CMAKE_PREFIX_PATH}:/home/user/ros2_ws/install/joint_trajectory_publisher:/home/user/ros2_ws/install/joint_trajectory_demo _=/usr/bin/env /usr/bin/cmake --install /home/user/ros2_ws/build/rrbot_unit4
[2.426s] Level 1:colcon.colcon_core.environment:checking '/home/user/ros2_ws/install/rrbot_unit4' for CMake config files
[2.426s] Level 1:colcon.colcon_core.shell:create_environment_hook('rrbot_unit4', 'cmake_prefix_path')
[2.426s] INFO:colcon.colcon_core.shell:Creating environment hook '/home/user/ros2_ws/install/rrbot_unit4/share/rrbot_unit4/hook/cmake_prefix_path.ps1'
[2.427s] INFO:colcon.colcon_core.shell:Creating environment descriptor '/home/user/ros2_ws/install/rrbot_unit4/share/rrbot_unit4/hook/cmake_prefix_path.dsv'
[2.427s] INFO:colcon.colcon_core.shell:Creating environment hook '/home/user/ros2_ws/install/rrbot_unit4/share/rrbot_unit4/hook/cmake_prefix_path.sh'
[2.439s] Level 1:colcon.colcon_core.environment:checking '/home/user/ros2_ws/install/rrbot_unit4/bin'
[2.439s] Level 1:colcon.colcon_core.environment:checking '/home/user/ros2_ws/install/rrbot_unit4/lib/pkgconfig/rrbot_unit4.pc'
[2.440s] Level 1:colcon.colcon_core.environment:checking '/home/user/ros2_ws/install/rrbot_unit4/lib/python3.12/site-packages'
[2.440s] Level 1:colcon.colcon_core.environment:checking '/home/user/ros2_ws/install/rrbot_unit4/bin'
[2.440s] INFO:colcon.colcon_core.shell:Creating package script '/home/user/ros2_ws/install/rrbot_unit4/share/rrbot_unit4/package.ps1'
[2.441s] INFO:colcon.colcon_core.shell:Creating package descriptor '/home/user/ros2_ws/install/rrbot_unit4/share/rrbot_unit4/package.dsv'
[2.443s] INFO:colcon.colcon_core.shell:Creating package script '/home/user/ros2_ws/install/rrbot_unit4/share/rrbot_unit4/package.sh'
[2.443s] INFO:colcon.colcon_core.shell:Creating package script '/home/user/ros2_ws/install/rrbot_unit4/share/rrbot_unit4/package.bash'
[2.443s] INFO:colcon.colcon_core.shell:Creating package script '/home/user/ros2_ws/install/rrbot_unit4/share/rrbot_unit4/package.zsh'
[2.444s] Level 1:colcon.colcon_core.environment:create_file_with_runtime_dependencies(/home/user/ros2_ws/install/rrbot_unit4/share/colcon-core/packages/rrbot_unit4)
[2.445s] Level 1:colcon.colcon_core.environment:create_environment_scripts_only(rrbot_unit4)
[2.445s] Level 1:colcon.colcon_core.environment:checking '/home/user/ros2_ws/install/rrbot_unit4' for CMake module files
[2.446s] Level 1:colcon.colcon_core.environment:checking '/home/user/ros2_ws/install/rrbot_unit4' for CMake config files
[2.446s] Level 1:colcon.colcon_core.shell:create_environment_hook('rrbot_unit4', 'cmake_prefix_path')
[2.446s] INFO:colcon.colcon_core.shell:Creating environment hook '/home/user/ros2_ws/install/rrbot_unit4/share/rrbot_unit4/hook/cmake_prefix_path.ps1'
[2.446s] INFO:colcon.colcon_core.shell:Creating environment descriptor '/home/user/ros2_ws/install/rrbot_unit4/share/rrbot_unit4/hook/cmake_prefix_path.dsv'
[2.464s] INFO:colcon.colcon_core.shell:Creating environment hook '/home/user/ros2_ws/install/rrbot_unit4/share/rrbot_unit4/hook/cmake_prefix_path.sh'
[2.475s] Level 1:colcon.colcon_core.environment:checking '/home/user/ros2_ws/install/rrbot_unit4/bin'
[2.475s] Level 1:colcon.colcon_core.environment:checking '/home/user/ros2_ws/install/rrbot_unit4/lib/pkgconfig/rrbot_unit4.pc'
[2.476s] Level 1:colcon.colcon_core.environment:checking '/home/user/ros2_ws/install/rrbot_unit4/lib/python3.12/site-packages'
[2.476s] Level 1:colcon.colcon_core.environment:checking '/home/user/ros2_ws/install/rrbot_unit4/bin'
[2.477s] INFO:colcon.colcon_core.shell:Creating package script '/home/user/ros2_ws/install/rrbot_unit4/share/rrbot_unit4/package.ps1'
[2.478s] INFO:colcon.colcon_core.shell:Creating package descriptor '/home/user/ros2_ws/install/rrbot_unit4/share/rrbot_unit4/package.dsv'
[2.478s] INFO:colcon.colcon_core.shell:Creating package script '/home/user/ros2_ws/install/rrbot_unit4/share/rrbot_unit4/package.sh'
[2.479s] INFO:colcon.colcon_core.shell:Creating package script '/home/user/ros2_ws/install/rrbot_unit4/share/rrbot_unit4/package.bash'
[2.480s] INFO:colcon.colcon_core.shell:Creating package script '/home/user/ros2_ws/install/rrbot_unit4/share/rrbot_unit4/package.zsh'
[2.480s] Level 1:colcon.colcon_core.environment:create_file_with_runtime_dependencies(/home/user/ros2_ws/install/rrbot_unit4/share/colcon-core/packages/rrbot_unit4)
[2.487s] INFO:colcon.colcon_ros.task.ament_cmake.build:Building ROS package in '/home/user/ros2_ws/src/ros2_control_course/unit6/spawn_solo' with build type 'ament_cmake'
[2.488s] INFO:colcon.colcon_cmake.task.cmake.build:Building CMake package in '/home/user/ros2_ws/src/ros2_control_course/unit6/spawn_solo'
[2.488s] INFO:colcon.colcon_core.shell:Skip shell extension 'powershell' for command environment: Not usable outside of PowerShell
[2.488s] DEBUG:colcon.colcon_core.shell:Skip shell extension 'dsv' for command environment
[2.530s] DEBUG:colcon.colcon_core.event_handler.log_command:Invoking command in '/home/user/ros2_ws/build/solo_description': CMAKE_PREFIX_PATH=${CMAKE_PREFIX_PATH}:/home/user/ros2_ws/install/joint_trajectory_publisher:/home/user/ros2_ws/install/joint_trajectory_demo _=/usr/bin/env /usr/bin/cmake --build /home/user/ros2_ws/build/solo_description -- -j8 -l8
[2.549s] Level 1:colcon.colcon_core.environment:create_environment_scripts_only(rrbot_controller)
[2.549s] Level 1:colcon.colcon_core.environment:checking '/home/user/ros2_ws/install/rrbot_controller' for CMake module files
[2.551s] Level 1:colcon.colcon_core.environment:checking '/home/user/ros2_ws/install/rrbot_controller' for CMake config files
[2.552s] Level 1:colcon.colcon_core.shell:create_environment_hook('rrbot_controller', 'cmake_prefix_path')
[2.552s] INFO:colcon.colcon_core.shell:Creating environment hook '/home/user/ros2_ws/install/rrbot_controller/share/rrbot_controller/hook/cmake_prefix_path.ps1'
[2.551s] DEBUG:colcon.colcon_core.event_handler.log_command:Invoked command in '/home/user/ros2_ws/build/rrbot_controller' returned '0': CMAKE_PREFIX_PATH=${CMAKE_PREFIX_PATH}:/home/user/ros2_ws/install/joint_trajectory_publisher:/home/user/ros2_ws/install/joint_trajectory_demo _=/usr/bin/env /usr/bin/cmake --install /home/user/ros2_ws/build/rrbot_controller
[2.553s] INFO:colcon.colcon_core.shell:Creating environment descriptor '/home/user/ros2_ws/install/rrbot_controller/share/rrbot_controller/hook/cmake_prefix_path.dsv'
[2.554s] INFO:colcon.colcon_core.shell:Creating environment hook '/home/user/ros2_ws/install/rrbot_controller/share/rrbot_controller/hook/cmake_prefix_path.sh'
[2.555s] Level 1:colcon.colcon_core.environment:checking '/home/user/ros2_ws/install/rrbot_controller/lib'
[2.555s] Level 1:colcon.colcon_core.shell:create_environment_hook('rrbot_controller', 'ld_library_path_lib')
[2.555s] INFO:colcon.colcon_core.shell:Creating environment hook '/home/user/ros2_ws/install/rrbot_controller/share/rrbot_controller/hook/ld_library_path_lib.ps1'
[2.556s] INFO:colcon.colcon_core.shell:Creating environment descriptor '/home/user/ros2_ws/install/rrbot_controller/share/rrbot_controller/hook/ld_library_path_lib.dsv'
[2.556s] INFO:colcon.colcon_core.shell:Creating environment hook '/home/user/ros2_ws/install/rrbot_controller/share/rrbot_controller/hook/ld_library_path_lib.sh'
[2.557s] Level 1:colcon.colcon_core.environment:checking '/home/user/ros2_ws/install/rrbot_controller/bin'
[2.557s] Level 1:colcon.colcon_core.environment:checking '/home/user/ros2_ws/install/rrbot_controller/lib/pkgconfig/rrbot_controller.pc'
[2.557s] Level 1:colcon.colcon_core.environment:checking '/home/user/ros2_ws/install/rrbot_controller/lib/python3.12/site-packages'
[2.558s] Level 1:colcon.colcon_core.environment:checking '/home/user/ros2_ws/install/rrbot_controller/bin'
[2.558s] INFO:colcon.colcon_core.shell:Creating package script '/home/user/ros2_ws/install/rrbot_controller/share/rrbot_controller/package.ps1'
[2.559s] INFO:colcon.colcon_core.shell:Creating package descriptor '/home/user/ros2_ws/install/rrbot_controller/share/rrbot_controller/package.dsv'
[2.559s] INFO:colcon.colcon_core.shell:Creating package script '/home/user/ros2_ws/install/rrbot_controller/share/rrbot_controller/package.sh'
[2.560s] INFO:colcon.colcon_core.shell:Creating package script '/home/user/ros2_ws/install/rrbot_controller/share/rrbot_controller/package.bash'
[2.560s] INFO:colcon.colcon_core.shell:Creating package script '/home/user/ros2_ws/install/rrbot_controller/share/rrbot_controller/package.zsh'
[2.561s] Level 1:colcon.colcon_core.environment:create_file_with_runtime_dependencies(/home/user/ros2_ws/install/rrbot_controller/share/colcon-core/packages/rrbot_controller)
[2.561s] Level 1:colcon.colcon_core.environment:create_environment_scripts_only(rrbot_controller)
[2.562s] Level 1:colcon.colcon_core.environment:checking '/home/user/ros2_ws/install/rrbot_controller' for CMake module files
[2.562s] Level 1:colcon.colcon_core.environment:checking '/home/user/ros2_ws/install/rrbot_controller' for CMake config files
[2.563s] Level 1:colcon.colcon_core.shell:create_environment_hook('rrbot_controller', 'cmake_prefix_path')
[2.563s] INFO:colcon.colcon_core.shell:Creating environment hook '/home/user/ros2_ws/install/rrbot_controller/share/rrbot_controller/hook/cmake_prefix_path.ps1'
[2.564s] INFO:colcon.colcon_core.shell:Creating environment descriptor '/home/user/ros2_ws/install/rrbot_controller/share/rrbot_controller/hook/cmake_prefix_path.dsv'
[2.564s] INFO:colcon.colcon_core.shell:Creating environment hook '/home/user/ros2_ws/install/rrbot_controller/share/rrbot_controller/hook/cmake_prefix_path.sh'
[2.565s] Level 1:colcon.colcon_core.environment:checking '/home/user/ros2_ws/install/rrbot_controller/lib'
[2.565s] Level 1:colcon.colcon_core.shell:create_environment_hook('rrbot_controller', 'ld_library_path_lib')
[2.565s] INFO:colcon.colcon_core.shell:Creating environment hook '/home/user/ros2_ws/install/rrbot_controller/share/rrbot_controller/hook/ld_library_path_lib.ps1'
[2.566s] INFO:colcon.colcon_core.shell:Creating environment descriptor '/home/user/ros2_ws/install/rrbot_controller/share/rrbot_controller/hook/ld_library_path_lib.dsv'
[2.567s] INFO:colcon.colcon_core.shell:Creating environment hook '/home/user/ros2_ws/install/rrbot_controller/share/rrbot_controller/hook/ld_library_path_lib.sh'
[2.567s] Level 1:colcon.colcon_core.environment:checking '/home/user/ros2_ws/install/rrbot_controller/bin'
[2.567s] Level 1:colcon.colcon_core.environment:checking '/home/user/ros2_ws/install/rrbot_controller/lib/pkgconfig/rrbot_controller.pc'
[2.568s] Level 1:colcon.colcon_core.environment:checking '/home/user/ros2_ws/install/rrbot_controller/lib/python3.12/site-packages'
[2.568s] Level 1:colcon.colcon_core.environment:checking '/home/user/ros2_ws/install/rrbot_controller/bin'
[2.569s] INFO:colcon.colcon_core.shell:Creating package script '/home/user/ros2_ws/install/rrbot_controller/share/rrbot_controller/package.ps1'
[2.572s] INFO:colcon.colcon_core.shell:Creating package descriptor '/home/user/ros2_ws/install/rrbot_controller/share/rrbot_controller/package.dsv'
[2.572s] INFO:colcon.colcon_core.shell:Creating package script '/home/user/ros2_ws/install/rrbot_controller/share/rrbot_controller/package.sh'
[2.573s] INFO:colcon.colcon_core.shell:Creating package script '/home/user/ros2_ws/install/rrbot_controller/share/rrbot_controller/package.bash'
[2.574s] INFO:colcon.colcon_core.shell:Creating package script '/home/user/ros2_ws/install/rrbot_controller/share/rrbot_controller/package.zsh'
[2.574s] Level 1:colcon.colcon_core.environment:create_file_with_runtime_dependencies(/home/user/ros2_ws/install/rrbot_controller/share/colcon-core/packages/rrbot_controller)
[2.576s] Level 1:colcon.colcon_core.environment:create_environment_scripts_only(my_robot_hardware_interface)
[2.576s] DEBUG:colcon.colcon_core.event_handler.log_command:Invoked command in '/home/user/ros2_ws/build/my_robot_hardware_interface' returned '0': CMAKE_PREFIX_PATH=${CMAKE_PREFIX_PATH}:/home/user/ros2_ws/install/joint_trajectory_publisher:/home/user/ros2_ws/install/joint_trajectory_demo _=/usr/bin/env /usr/bin/cmake --install /home/user/ros2_ws/build/my_robot_hardware_interface
[2.577s] Level 1:colcon.colcon_core.environment:checking '/home/user/ros2_ws/install/my_robot_hardware_interface' for CMake module files
[2.578s] Level 1:colcon.colcon_core.environment:checking '/home/user/ros2_ws/install/my_robot_hardware_interface' for CMake config files
[2.578s] Level 1:colcon.colcon_core.shell:create_environment_hook('my_robot_hardware_interface', 'cmake_prefix_path')
[2.578s] INFO:colcon.colcon_core.shell:Creating environment hook '/home/user/ros2_ws/install/my_robot_hardware_interface/share/my_robot_hardware_interface/hook/cmake_prefix_path.ps1'
[2.579s] INFO:colcon.colcon_core.shell:Creating environment descriptor '/home/user/ros2_ws/install/my_robot_hardware_interface/share/my_robot_hardware_interface/hook/cmake_prefix_path.dsv'
[2.579s] INFO:colcon.colcon_core.shell:Creating environment hook '/home/user/ros2_ws/install/my_robot_hardware_interface/share/my_robot_hardware_interface/hook/cmake_prefix_path.sh'
[2.580s] Level 1:colcon.colcon_core.environment:checking '/home/user/ros2_ws/install/my_robot_hardware_interface/lib'
[2.580s] Level 1:colcon.colcon_core.shell:create_environment_hook('my_robot_hardware_interface', 'ld_library_path_lib')
[2.581s] INFO:colcon.colcon_core.shell:Creating environment hook '/home/user/ros2_ws/install/my_robot_hardware_interface/share/my_robot_hardware_interface/hook/ld_library_path_lib.ps1'
[2.581s] INFO:colcon.colcon_core.shell:Creating environment descriptor '/home/user/ros2_ws/install/my_robot_hardware_interface/share/my_robot_hardware_interface/hook/ld_library_path_lib.dsv'
[2.582s] INFO:colcon.colcon_core.shell:Creating environment hook '/home/user/ros2_ws/install/my_robot_hardware_interface/share/my_robot_hardware_interface/hook/ld_library_path_lib.sh'
[2.582s] Level 1:colcon.colcon_core.environment:checking '/home/user/ros2_ws/install/my_robot_hardware_interface/bin'
[2.583s] Level 1:colcon.colcon_core.environment:checking '/home/user/ros2_ws/install/my_robot_hardware_interface/lib/pkgconfig/my_robot_hardware_interface.pc'
[2.583s] Level 1:colcon.colcon_core.environment:checking '/home/user/ros2_ws/install/my_robot_hardware_interface/lib/python3.12/site-packages'
[2.583s] Level 1:colcon.colcon_core.environment:checking '/home/user/ros2_ws/install/my_robot_hardware_interface/bin'
[2.584s] INFO:colcon.colcon_core.shell:Creating package script '/home/user/ros2_ws/install/my_robot_hardware_interface/share/my_robot_hardware_interface/package.ps1'
[2.585s] INFO:colcon.colcon_core.shell:Creating package descriptor '/home/user/ros2_ws/install/my_robot_hardware_interface/share/my_robot_hardware_interface/package.dsv'
[2.585s] INFO:colcon.colcon_core.shell:Creating package script '/home/user/ros2_ws/install/my_robot_hardware_interface/share/my_robot_hardware_interface/package.sh'
[2.586s] INFO:colcon.colcon_core.shell:Creating package script '/home/user/ros2_ws/install/my_robot_hardware_interface/share/my_robot_hardware_interface/package.bash'
[2.587s] INFO:colcon.colcon_core.shell:Creating package script '/home/user/ros2_ws/install/my_robot_hardware_interface/share/my_robot_hardware_interface/package.zsh'
[2.587s] Level 1:colcon.colcon_core.environment:create_file_with_runtime_dependencies(/home/user/ros2_ws/install/my_robot_hardware_interface/share/colcon-core/packages/my_robot_hardware_interface)
[2.588s] Level 1:colcon.colcon_core.environment:create_environment_scripts_only(my_robot_hardware_interface)
[2.588s] Level 1:colcon.colcon_core.environment:checking '/home/user/ros2_ws/install/my_robot_hardware_interface' for CMake module files
[2.589s] Level 1:colcon.colcon_core.environment:checking '/home/user/ros2_ws/install/my_robot_hardware_interface' for CMake config files
[2.590s] Level 1:colcon.colcon_core.shell:create_environment_hook('my_robot_hardware_interface', 'cmake_prefix_path')
[2.590s] INFO:colcon.colcon_core.shell:Creating environment hook '/home/user/ros2_ws/install/my_robot_hardware_interface/share/my_robot_hardware_interface/hook/cmake_prefix_path.ps1'
[2.591s] INFO:colcon.colcon_core.shell:Creating environment descriptor '/home/user/ros2_ws/install/my_robot_hardware_interface/share/my_robot_hardware_interface/hook/cmake_prefix_path.dsv'
[2.591s] INFO:colcon.colcon_core.shell:Creating environment hook '/home/user/ros2_ws/install/my_robot_hardware_interface/share/my_robot_hardware_interface/hook/cmake_prefix_path.sh'
[2.592s] Level 1:colcon.colcon_core.environment:checking '/home/user/ros2_ws/install/my_robot_hardware_interface/lib'
[2.592s] Level 1:colcon.colcon_core.shell:create_environment_hook('my_robot_hardware_interface', 'ld_library_path_lib')
[2.592s] INFO:colcon.colcon_core.shell:Creating environment hook '/home/user/ros2_ws/install/my_robot_hardware_interface/share/my_robot_hardware_interface/hook/ld_library_path_lib.ps1'
[2.593s] INFO:colcon.colcon_core.shell:Creating environment descriptor '/home/user/ros2_ws/install/my_robot_hardware_interface/share/my_robot_hardware_interface/hook/ld_library_path_lib.dsv'
[2.594s] INFO:colcon.colcon_core.shell:Creating environment hook '/home/user/ros2_ws/install/my_robot_hardware_interface/share/my_robot_hardware_interface/hook/ld_library_path_lib.sh'
[2.594s] Level 1:colcon.colcon_core.environment:checking '/home/user/ros2_ws/install/my_robot_hardware_interface/bin'
[2.594s] Level 1:colcon.colcon_core.environment:checking '/home/user/ros2_ws/install/my_robot_hardware_interface/lib/pkgconfig/my_robot_hardware_interface.pc'
[2.595s] Level 1:colcon.colcon_core.environment:checking '/home/user/ros2_ws/install/my_robot_hardware_interface/lib/python3.12/site-packages'
[2.595s] Level 1:colcon.colcon_core.environment:checking '/home/user/ros2_ws/install/my_robot_hardware_interface/bin'
[2.596s] INFO:colcon.colcon_core.shell:Creating package script '/home/user/ros2_ws/install/my_robot_hardware_interface/share/my_robot_hardware_interface/package.ps1'
[2.597s] INFO:colcon.colcon_core.shell:Creating package descriptor '/home/user/ros2_ws/install/my_robot_hardware_interface/share/my_robot_hardware_interface/package.dsv'
[2.597s] INFO:colcon.colcon_core.shell:Creating package script '/home/user/ros2_ws/install/my_robot_hardware_interface/share/my_robot_hardware_interface/package.sh'
[2.598s] INFO:colcon.colcon_core.shell:Creating package script '/home/user/ros2_ws/install/my_robot_hardware_interface/share/my_robot_hardware_interface/package.bash'
[2.599s] INFO:colcon.colcon_core.shell:Creating package script '/home/user/ros2_ws/install/my_robot_hardware_interface/share/my_robot_hardware_interface/package.zsh'
[2.600s] Level 1:colcon.colcon_core.environment:create_file_with_runtime_dependencies(/home/user/ros2_ws/install/my_robot_hardware_interface/share/colcon-core/packages/my_robot_hardware_interface)
[2.602s] INFO:colcon.colcon_ros.task.ament_cmake.build:Building ROS package in '/home/user/ros2_ws/src/DynamixelSDK/dynamixel_sdk_examples' with build type 'ament_cmake'
[2.602s] INFO:colcon.colcon_cmake.task.cmake.build:Building CMake package in '/home/user/ros2_ws/src/DynamixelSDK/dynamixel_sdk_examples'
[2.602s] INFO:colcon.colcon_core.shell:Skip shell extension 'powershell' for command environment: Not usable outside of PowerShell
[2.602s] DEBUG:colcon.colcon_core.shell:Skip shell extension 'dsv' for command environment
[2.619s] INFO:colcon.colcon_ros.task.ament_cmake.build:Building ROS package in '/home/user/ros2_ws/src/dynamixel_hardware_interface' with build type 'ament_cmake'
[2.620s] INFO:colcon.colcon_cmake.task.cmake.build:Building CMake package in '/home/user/ros2_ws/src/dynamixel_hardware_interface'
[2.620s] INFO:colcon.colcon_core.shell:Skip shell extension 'powershell' for command environment: Not usable outside of PowerShell
[2.620s] DEBUG:colcon.colcon_core.shell:Skip shell extension 'dsv' for command environment
[2.633s] DEBUG:colcon.colcon_core.event_handler.log_command:Invoked command in '/home/user/ros2_ws/build/rrbot_unit5' returned '0': CMAKE_PREFIX_PATH=${CMAKE_PREFIX_PATH}:/home/user/ros2_ws/install/joint_trajectory_publisher:/home/user/ros2_ws/install/joint_trajectory_demo _=/usr/bin/env /usr/bin/cmake --build /home/user/ros2_ws/build/rrbot_unit5 -- -j8 -l8
[2.657s] DEBUG:colcon.colcon_core.event_handler.log_command:Invoking command in '/home/user/ros2_ws/build/rrbot_unit5': CMAKE_PREFIX_PATH=${CMAKE_PREFIX_PATH}:/home/user/ros2_ws/install/joint_trajectory_publisher:/home/user/ros2_ws/install/joint_trajectory_demo _=/usr/bin/env /usr/bin/cmake --install /home/user/ros2_ws/build/rrbot_unit5
[2.665s] DEBUG:colcon.colcon_core.event_handler.log_command:Invoking command in '/home/user/ros2_ws/build/spawn_robot': CMAKE_PREFIX_PATH=${CMAKE_PREFIX_PATH}:/home/user/ros2_ws/install/joint_trajectory_publisher:/home/user/ros2_ws/install/joint_trajectory_demo _=/usr/bin/env /usr/bin/cmake --build /home/user/ros2_ws/build/spawn_robot -- -j8 -l8
[2.672s] DEBUG:colcon.colcon_core.event_handler.log_command:Invoking command in '/home/user/ros2_ws/build/spawn_solo': CMAKE_PREFIX_PATH=${CMAKE_PREFIX_PATH}:/home/user/ros2_ws/install/joint_trajectory_publisher:/home/user/ros2_ws/install/joint_trajectory_demo _=/usr/bin/env /usr/bin/cmake --build /home/user/ros2_ws/build/spawn_solo -- -j8 -l8
[2.689s] DEBUG:colcon.colcon_core.event_handler.log_command:Invoking command in '/home/user/ros2_ws/src/ros2_control_course/unit1/joint_trajectory_demo': PYTHONPATH=/home/user/ros2_ws/build/joint_trajectory_demo/prefix_override:/usr/lib/python3/dist-packages/colcon_core/task/python/colcon_distutils_commands:/home/user/ros2_ws/install/joint_trajectory_demo/lib/python3.12/site-packages:${PYTHONPATH} _=/usr/bin/env /usr/bin/python3 -W ignore:setup.py install is deprecated -W ignore:easy_install command is deprecated setup.py egg_info --egg-base ../../../../build/joint_trajectory_demo build --build-base /home/user/ros2_ws/build/joint_trajectory_demo/build install --record /home/user/ros2_ws/build/joint_trajectory_demo/install.log --single-version-externally-managed install_data
[2.700s] DEBUG:colcon.colcon_core.event_handler.log_command:Invoking command in '/home/user/ros2_ws/src/ros2_control_course/common/joint_trajectory_publisher': PYTHONPATH=/home/user/ros2_ws/build/joint_trajectory_publisher/prefix_override:/usr/lib/python3/dist-packages/colcon_core/task/python/colcon_distutils_commands:/home/user/ros2_ws/install/joint_trajectory_publisher/lib/python3.12/site-packages:${PYTHONPATH} _=/usr/bin/env /usr/bin/python3 -W ignore:setup.py install is deprecated -W ignore:easy_install command is deprecated setup.py egg_info --egg-base ../../../../build/joint_trajectory_publisher build --build-base /home/user/ros2_ws/build/joint_trajectory_publisher/build install --record /home/user/ros2_ws/build/joint_trajectory_publisher/install.log --single-version-externally-managed install_data
[2.704s] DEBUG:colcon.colcon_core.event_handler.log_command:Invoking command in '/home/user/ros2_ws/build/dynamixel_sdk_examples': CMAKE_PREFIX_PATH=/home/user/ros2_ws/install/dynamixel_sdk_custom_interfaces:/home/user/ros2_ws/install/dynamixel_sdk:/home/user/ros2_ws/install/spawn_solo:/home/user/ros2_ws/install/spawn_robot:/home/user/ros2_ws/install/solo_description:/home/user/ros2_ws/install/rrbot_unit5:/home/user/ros2_ws/install/rrbot_unit4:/home/user/ros2_ws/install/rrbot_unit3:/home/user/ros2_ws/install/rrbot_unit2:/home/user/ros2_ws/install/rrbot_controller:/home/user/ros2_ws/install/my_robot_hardware_interface:/home/user/ros2_ws/install/my_robot_bringup:/home/user/ros2_ws/install/my_quadruped_bringup:/home/user/ros2_ws/install/dynamixel_workbench:/home/user/ros2_ws/install/dynamixel_hardware_interface:/home/user/ros2_ws/install/dynamixel_workbench_toolbox:/home/user/ros2_ws/install/dynamixel_sdk_examples:/home/user/ros2_ws/install/diffbot_sim:/home/user/ros2_ws/install/diffbot_description:/home/simulations/ros2_sims_ws/install/unit6_simulation:/home/simulations/ros2_sims_ws/install/rrbot_sim:/home/simulations/ros2_sims_ws/install/rmw_cyclonedds_cpp:/home/simulations/ros2_sims_ws/install/cyclonedds:/opt/ros/jazzy/opt/gz_sim_vendor:/opt/ros/jazzy/opt/gz_sensors_vendor:/opt/ros/jazzy/opt/gz_physics_vendor:/opt/ros/jazzy/opt/sdformat_vendor:/opt/ros/jazzy/opt/gz_gui_vendor:/opt/ros/jazzy/opt/gz_transport_vendor:/opt/ros/jazzy/opt/gz_rendering_vendor:/opt/ros/jazzy/opt/gz_plugin_vendor:/opt/ros/jazzy/opt/gz_fuel_tools_vendor:/opt/ros/jazzy/opt/gz_msgs_vendor:/opt/ros/jazzy/opt/gz_common_vendor:/opt/ros/jazzy/opt/gz_math_vendor:/opt/ros/jazzy/opt/gz_utils_vendor:/opt/ros/jazzy/opt/gz_tools_vendor:/opt/ros/jazzy/opt/gz_ogre_next_vendor:/opt/ros/jazzy/opt/gz_dartsim_vendor:/opt/ros/jazzy/opt/gz_cmake_vendor:/opt/ros/jazzy:/opt/ros/jazzy:/home/user/ros2_ws/install/joint_trajectory_publisher:/home/user/ros2_ws/install/joint_trajectory_demo LD_LIBRARY_PATH=/home/user/ros2_ws/install/dynamixel_sdk_custom_interfaces/lib:/home/user/ros2_ws/install/dynamixel_sdk/lib:/home/user/ros2_ws/install/rrbot_controller/lib:/home/user/ros2_ws/install/my_robot_hardware_interface/lib:/home/user/ros2_ws/install/dynamixel_hardware_interface/lib:/home/user/ros2_ws/install/dynamixel_workbench_toolbox/lib:/home/simulations/ros2_sims_ws/install/rmw_cyclonedds_cpp/lib:/home/simulations/ros2_sims_ws/install/cyclonedds/lib:/home/user/catkin_ws/devel/lib:/home/simulations/public_sim_ws/devel/lib:/opt/ros/jazzy/lib:/opt/ros/jazzy/lib/x86_64-linux-gnu:/usr/local/cuda-10.2/lib64:/home/user/.catkin_ws_python3/src/TensorRT-7.0.0.11/lib:/home/user/catkin_ws/devel/lib:/home/simulations/public_sim_ws/devel/lib:/opt/ros/jazzy/lib:/opt/ros/jazzy/lib/x86_64-linux-gnu:/opt/ros/jazzy/opt/gz_sim_vendor/lib:/opt/ros/jazzy/opt/gz_sensors_vendor/lib:/opt/ros/jazzy/opt/gz_physics_vendor/lib:/opt/ros/jazzy/opt/sdformat_vendor/lib:/opt/ros/jazzy/opt/rviz_ogre_vendor/lib:/opt/ros/jazzy/lib/x86_64-linux-gnu:/opt/ros/jazzy/opt/gz_gui_vendor/lib:/opt/ros/jazzy/opt/gz_transport_vendor/lib:/opt/ros/jazzy/opt/gz_rendering_vendor/lib:/opt/ros/jazzy/opt/gz_plugin_vendor/lib:/opt/ros/jazzy/opt/gz_fuel_tools_vendor/lib:/opt/ros/jazzy/opt/gz_msgs_vendor/lib:/opt/ros/jazzy/opt/gz_common_vendor/lib:/opt/ros/jazzy/opt/gz_math_vendor/lib:/opt/ros/jazzy/opt/gz_utils_vendor/lib:/opt/ros/jazzy/opt/gz_tools_vendor/lib:/opt/ros/jazzy/opt/gz_ogre_next_vendor/lib:/opt/ros/jazzy/opt/gz_dartsim_vendor/lib:/opt/ros/jazzy/opt/gz_cmake_vendor/lib:/opt/ros/jazzy/lib:/usr/local/cuda-10.2/lib64:/home/user/.catkin_ws_python3/src/TensorRT-7.0.0.11/lib PYTHONPATH=/home/user/ros2_ws/install/dynamixel_sdk_custom_interfaces/lib/python3.12/site-packages:/home/user/ros2_ws/install/joint_trajectory_publisher/lib/python3.12/site-packages:/home/user/ros2_ws/install/joint_trajectory_demo/lib/python3.12/site-packages:/opt/ros/jazzy/lib/python3.12/site-packages:/home/simulations/public_sim_ws/src/all/ros_basics_examples/python_course_class:/home/simulations/public_sim_ws/src/ros_basics_examples/python_course_class:/home/simulations/public_sim_ws/src/all/kinematics_course_utils/kinematics _=/usr/bin/env /usr/bin/cmake --build /home/user/ros2_ws/build/dynamixel_sdk_examples -- -j8 -l8
[2.732s] DEBUG:colcon.colcon_core.event_handler.log_command:Invoking command in '/home/user/ros2_ws/build/dynamixel_hardware_interface': CMAKE_PREFIX_PATH=/home/user/ros2_ws/install/dynamixel_workbench_toolbox:/home/user/ros2_ws/install/dynamixel_sdk:/home/user/ros2_ws/install/spawn_solo:/home/user/ros2_ws/install/spawn_robot:/home/user/ros2_ws/install/solo_description:/home/user/ros2_ws/install/rrbot_unit5:/home/user/ros2_ws/install/rrbot_unit4:/home/user/ros2_ws/install/rrbot_unit3:/home/user/ros2_ws/install/rrbot_unit2:/home/user/ros2_ws/install/rrbot_controller:/home/user/ros2_ws/install/my_robot_hardware_interface:/home/user/ros2_ws/install/my_robot_bringup:/home/user/ros2_ws/install/my_quadruped_bringup:/home/user/ros2_ws/install/dynamixel_workbench:/home/user/ros2_ws/install/dynamixel_hardware_interface:/home/user/ros2_ws/install/dynamixel_sdk_examples:/home/user/ros2_ws/install/dynamixel_sdk_custom_interfaces:/home/user/ros2_ws/install/diffbot_sim:/home/user/ros2_ws/install/diffbot_description:/home/simulations/ros2_sims_ws/install/unit6_simulation:/home/simulations/ros2_sims_ws/install/rrbot_sim:/home/simulations/ros2_sims_ws/install/rmw_cyclonedds_cpp:/home/simulations/ros2_sims_ws/install/cyclonedds:/opt/ros/jazzy/opt/gz_sim_vendor:/opt/ros/jazzy/opt/gz_sensors_vendor:/opt/ros/jazzy/opt/gz_physics_vendor:/opt/ros/jazzy/opt/sdformat_vendor:/opt/ros/jazzy/opt/gz_gui_vendor:/opt/ros/jazzy/opt/gz_transport_vendor:/opt/ros/jazzy/opt/gz_rendering_vendor:/opt/ros/jazzy/opt/gz_plugin_vendor:/opt/ros/jazzy/opt/gz_fuel_tools_vendor:/opt/ros/jazzy/opt/gz_msgs_vendor:/opt/ros/jazzy/opt/gz_common_vendor:/opt/ros/jazzy/opt/gz_math_vendor:/opt/ros/jazzy/opt/gz_utils_vendor:/opt/ros/jazzy/opt/gz_tools_vendor:/opt/ros/jazzy/opt/gz_ogre_next_vendor:/opt/ros/jazzy/opt/gz_dartsim_vendor:/opt/ros/jazzy/opt/gz_cmake_vendor:/opt/ros/jazzy:/opt/ros/jazzy:/home/user/ros2_ws/install/joint_trajectory_publisher:/home/user/ros2_ws/install/joint_trajectory_demo LD_LIBRARY_PATH=/home/user/ros2_ws/install/dynamixel_workbench_toolbox/lib:/home/user/ros2_ws/install/dynamixel_sdk/lib:/home/user/ros2_ws/install/rrbot_controller/lib:/home/user/ros2_ws/install/my_robot_hardware_interface/lib:/home/user/ros2_ws/install/dynamixel_hardware_interface/lib:/home/user/ros2_ws/install/dynamixel_sdk_custom_interfaces/lib:/home/simulations/ros2_sims_ws/install/rmw_cyclonedds_cpp/lib:/home/simulations/ros2_sims_ws/install/cyclonedds/lib:/home/user/catkin_ws/devel/lib:/home/simulations/public_sim_ws/devel/lib:/opt/ros/jazzy/lib:/opt/ros/jazzy/lib/x86_64-linux-gnu:/usr/local/cuda-10.2/lib64:/home/user/.catkin_ws_python3/src/TensorRT-7.0.0.11/lib:/home/user/catkin_ws/devel/lib:/home/simulations/public_sim_ws/devel/lib:/opt/ros/jazzy/lib:/opt/ros/jazzy/lib/x86_64-linux-gnu:/opt/ros/jazzy/opt/gz_sim_vendor/lib:/opt/ros/jazzy/opt/gz_sensors_vendor/lib:/opt/ros/jazzy/opt/gz_physics_vendor/lib:/opt/ros/jazzy/opt/sdformat_vendor/lib:/opt/ros/jazzy/opt/rviz_ogre_vendor/lib:/opt/ros/jazzy/lib/x86_64-linux-gnu:/opt/ros/jazzy/opt/gz_gui_vendor/lib:/opt/ros/jazzy/opt/gz_transport_vendor/lib:/opt/ros/jazzy/opt/gz_rendering_vendor/lib:/opt/ros/jazzy/opt/gz_plugin_vendor/lib:/opt/ros/jazzy/opt/gz_fuel_tools_vendor/lib:/opt/ros/jazzy/opt/gz_msgs_vendor/lib:/opt/ros/jazzy/opt/gz_common_vendor/lib:/opt/ros/jazzy/opt/gz_math_vendor/lib:/opt/ros/jazzy/opt/gz_utils_vendor/lib:/opt/ros/jazzy/opt/gz_tools_vendor/lib:/opt/ros/jazzy/opt/gz_ogre_next_vendor/lib:/opt/ros/jazzy/opt/gz_dartsim_vendor/lib:/opt/ros/jazzy/opt/gz_cmake_vendor/lib:/opt/ros/jazzy/lib:/usr/local/cuda-10.2/lib64:/home/user/.catkin_ws_python3/src/TensorRT-7.0.0.11/lib _=/usr/bin/env /usr/bin/cmake --build /home/user/ros2_ws/build/dynamixel_hardware_interface -- -j8 -l8
[2.762s] Level 1:colcon.colcon_core.environment:create_environment_scripts_only(rrbot_unit5)
[2.764s] Level 1:colcon.colcon_core.environment:checking '/home/user/ros2_ws/install/rrbot_unit5' for CMake module files
[2.764s] Level 1:colcon.colcon_core.environment:checking '/home/user/ros2_ws/install/rrbot_unit5' for CMake config files
[2.765s] Level 1:colcon.colcon_core.shell:create_environment_hook('rrbot_unit5', 'cmake_prefix_path')
[2.765s] INFO:colcon.colcon_core.shell:Creating environment hook '/home/user/ros2_ws/install/rrbot_unit5/share/rrbot_unit5/hook/cmake_prefix_path.ps1'
[2.766s] INFO:colcon.colcon_core.shell:Creating environment descriptor '/home/user/ros2_ws/install/rrbot_unit5/share/rrbot_unit5/hook/cmake_prefix_path.dsv'
[2.766s] INFO:colcon.colcon_core.shell:Creating environment hook '/home/user/ros2_ws/install/rrbot_unit5/share/rrbot_unit5/hook/cmake_prefix_path.sh'
[2.767s] Level 1:colcon.colcon_core.environment:checking '/home/user/ros2_ws/install/rrbot_unit5/bin'
[2.767s] Level 1:colcon.colcon_core.environment:checking '/home/user/ros2_ws/install/rrbot_unit5/lib/pkgconfig/rrbot_unit5.pc'
[2.767s] Level 1:colcon.colcon_core.environment:checking '/home/user/ros2_ws/install/rrbot_unit5/lib/python3.12/site-packages'
[2.768s] Level 1:colcon.colcon_core.environment:checking '/home/user/ros2_ws/install/rrbot_unit5/bin'
[2.768s] INFO:colcon.colcon_core.shell:Creating package script '/home/user/ros2_ws/install/rrbot_unit5/share/rrbot_unit5/package.ps1'
[2.763s] DEBUG:colcon.colcon_core.event_handler.log_command:Invoked command in '/home/user/ros2_ws/build/rrbot_unit5' returned '0': CMAKE_PREFIX_PATH=${CMAKE_PREFIX_PATH}:/home/user/ros2_ws/install/joint_trajectory_publisher:/home/user/ros2_ws/install/joint_trajectory_demo _=/usr/bin/env /usr/bin/cmake --install /home/user/ros2_ws/build/rrbot_unit5
[2.769s] INFO:colcon.colcon_core.shell:Creating package descriptor '/home/user/ros2_ws/install/rrbot_unit5/share/rrbot_unit5/package.dsv'
[2.769s] INFO:colcon.colcon_core.shell:Creating package script '/home/user/ros2_ws/install/rrbot_unit5/share/rrbot_unit5/package.sh'
[2.770s] INFO:colcon.colcon_core.shell:Creating package script '/home/user/ros2_ws/install/rrbot_unit5/share/rrbot_unit5/package.bash'
[2.770s] INFO:colcon.colcon_core.shell:Creating package script '/home/user/ros2_ws/install/rrbot_unit5/share/rrbot_unit5/package.zsh'
[2.770s] Level 1:colcon.colcon_core.environment:create_file_with_runtime_dependencies(/home/user/ros2_ws/install/rrbot_unit5/share/colcon-core/packages/rrbot_unit5)
[2.771s] Level 1:colcon.colcon_core.environment:create_environment_scripts_only(rrbot_unit5)
[2.771s] Level 1:colcon.colcon_core.environment:checking '/home/user/ros2_ws/install/rrbot_unit5' for CMake module files
[2.771s] Level 1:colcon.colcon_core.environment:checking '/home/user/ros2_ws/install/rrbot_unit5' for CMake config files
[2.772s] Level 1:colcon.colcon_core.shell:create_environment_hook('rrbot_unit5', 'cmake_prefix_path')
[2.772s] INFO:colcon.colcon_core.shell:Creating environment hook '/home/user/ros2_ws/install/rrbot_unit5/share/rrbot_unit5/hook/cmake_prefix_path.ps1'
[2.772s] INFO:colcon.colcon_core.shell:Creating environment descriptor '/home/user/ros2_ws/install/rrbot_unit5/share/rrbot_unit5/hook/cmake_prefix_path.dsv'
[2.773s] INFO:colcon.colcon_core.shell:Creating environment hook '/home/user/ros2_ws/install/rrbot_unit5/share/rrbot_unit5/hook/cmake_prefix_path.sh'
[2.773s] Level 1:colcon.colcon_core.environment:checking '/home/user/ros2_ws/install/rrbot_unit5/bin'
[2.774s] Level 1:colcon.colcon_core.environment:checking '/home/user/ros2_ws/install/rrbot_unit5/lib/pkgconfig/rrbot_unit5.pc'
[2.774s] Level 1:colcon.colcon_core.environment:checking '/home/user/ros2_ws/install/rrbot_unit5/lib/python3.12/site-packages'
[2.774s] Level 1:colcon.colcon_core.environment:checking '/home/user/ros2_ws/install/rrbot_unit5/bin'
[2.775s] INFO:colcon.colcon_core.shell:Creating package script '/home/user/ros2_ws/install/rrbot_unit5/share/rrbot_unit5/package.ps1'
[2.775s] INFO:colcon.colcon_core.shell:Creating package descriptor '/home/user/ros2_ws/install/rrbot_unit5/share/rrbot_unit5/package.dsv'
[2.776s] INFO:colcon.colcon_core.shell:Creating package script '/home/user/ros2_ws/install/rrbot_unit5/share/rrbot_unit5/package.sh'
[2.777s] INFO:colcon.colcon_core.shell:Creating package script '/home/user/ros2_ws/install/rrbot_unit5/share/rrbot_unit5/package.bash'
[2.777s] INFO:colcon.colcon_core.shell:Creating package script '/home/user/ros2_ws/install/rrbot_unit5/share/rrbot_unit5/package.zsh'
[2.778s] Level 1:colcon.colcon_core.environment:create_file_with_runtime_dependencies(/home/user/ros2_ws/install/rrbot_unit5/share/colcon-core/packages/rrbot_unit5)
[2.779s] INFO:colcon.colcon_ros.task.ament_cmake.build:Building ROS package in '/home/user/ros2_ws/src/dynamixel-workbench/dynamixel_workbench' with build type 'ament_cmake'
[2.779s] INFO:colcon.colcon_cmake.task.cmake.build:Building CMake package in '/home/user/ros2_ws/src/dynamixel-workbench/dynamixel_workbench'
[2.779s] INFO:colcon.colcon_core.shell:Skip shell extension 'powershell' for command environment: Not usable outside of PowerShell
[2.779s] DEBUG:colcon.colcon_core.shell:Skip shell extension 'dsv' for command environment
[2.825s] DEBUG:colcon.colcon_core.event_handler.log_command:Invoked command in '/home/user/ros2_ws/build/solo_description' returned '0': CMAKE_PREFIX_PATH=${CMAKE_PREFIX_PATH}:/home/user/ros2_ws/install/joint_trajectory_publisher:/home/user/ros2_ws/install/joint_trajectory_demo _=/usr/bin/env /usr/bin/cmake --build /home/user/ros2_ws/build/solo_description -- -j8 -l8
[2.825s] DEBUG:colcon.colcon_core.event_handler.log_command:Invoking command in '/home/user/ros2_ws/build/solo_description': CMAKE_PREFIX_PATH=${CMAKE_PREFIX_PATH}:/home/user/ros2_ws/install/joint_trajectory_publisher:/home/user/ros2_ws/install/joint_trajectory_demo _=/usr/bin/env /usr/bin/cmake --install /home/user/ros2_ws/build/solo_description
[2.858s] DEBUG:colcon.colcon_core.event_handler.log_command:Invoked command in '/home/user/ros2_ws/build/spawn_solo' returned '0': CMAKE_PREFIX_PATH=${CMAKE_PREFIX_PATH}:/home/user/ros2_ws/install/joint_trajectory_publisher:/home/user/ros2_ws/install/joint_trajectory_demo _=/usr/bin/env /usr/bin/cmake --build /home/user/ros2_ws/build/spawn_solo -- -j8 -l8
[2.860s] DEBUG:colcon.colcon_core.event_handler.log_command:Invoking command in '/home/user/ros2_ws/build/spawn_solo': CMAKE_PREFIX_PATH=${CMAKE_PREFIX_PATH}:/home/user/ros2_ws/install/joint_trajectory_publisher:/home/user/ros2_ws/install/joint_trajectory_demo _=/usr/bin/env /usr/bin/cmake --install /home/user/ros2_ws/build/spawn_solo
[2.887s] DEBUG:colcon.colcon_core.event_handler.log_command:Invoked command in '/home/user/ros2_ws/build/spawn_robot' returned '0': CMAKE_PREFIX_PATH=${CMAKE_PREFIX_PATH}:/home/user/ros2_ws/install/joint_trajectory_publisher:/home/user/ros2_ws/install/joint_trajectory_demo _=/usr/bin/env /usr/bin/cmake --build /home/user/ros2_ws/build/spawn_robot -- -j8 -l8
[2.888s] DEBUG:colcon.colcon_core.event_handler.log_command:Invoking command in '/home/user/ros2_ws/build/spawn_robot': CMAKE_PREFIX_PATH=${CMAKE_PREFIX_PATH}:/home/user/ros2_ws/install/joint_trajectory_publisher:/home/user/ros2_ws/install/joint_trajectory_demo _=/usr/bin/env /usr/bin/cmake --install /home/user/ros2_ws/build/spawn_robot
[2.894s] Level 1:colcon.colcon_core.environment:create_environment_scripts_only(solo_description)
[2.895s] Level 1:colcon.colcon_core.environment:checking '/home/user/ros2_ws/install/solo_description' for CMake module files
[2.896s] Level 1:colcon.colcon_core.environment:checking '/home/user/ros2_ws/install/solo_description' for CMake config files
[2.896s] Level 1:colcon.colcon_core.shell:create_environment_hook('solo_description', 'cmake_prefix_path')
[2.897s] INFO:colcon.colcon_core.shell:Creating environment hook '/home/user/ros2_ws/install/solo_description/share/solo_description/hook/cmake_prefix_path.ps1'
[2.898s] INFO:colcon.colcon_core.shell:Creating environment descriptor '/home/user/ros2_ws/install/solo_description/share/solo_description/hook/cmake_prefix_path.dsv'
[2.898s] INFO:colcon.colcon_core.shell:Creating environment hook '/home/user/ros2_ws/install/solo_description/share/solo_description/hook/cmake_prefix_path.sh'
[2.899s] Level 1:colcon.colcon_core.environment:checking '/home/user/ros2_ws/install/solo_description/bin'
[2.899s] Level 1:colcon.colcon_core.environment:checking '/home/user/ros2_ws/install/solo_description/lib/pkgconfig/solo_description.pc'
[2.899s] Level 1:colcon.colcon_core.environment:checking '/home/user/ros2_ws/install/solo_description/lib/python3.12/site-packages'
[2.900s] Level 1:colcon.colcon_core.environment:checking '/home/user/ros2_ws/install/solo_description/bin'
[2.900s] INFO:colcon.colcon_core.shell:Creating package script '/home/user/ros2_ws/install/solo_description/share/solo_description/package.ps1'
[2.901s] DEBUG:colcon.colcon_core.event_handler.log_command:Invoked command in '/home/user/ros2_ws/build/solo_description' returned '0': CMAKE_PREFIX_PATH=${CMAKE_PREFIX_PATH}:/home/user/ros2_ws/install/joint_trajectory_publisher:/home/user/ros2_ws/install/joint_trajectory_demo _=/usr/bin/env /usr/bin/cmake --install /home/user/ros2_ws/build/solo_description
[2.901s] INFO:colcon.colcon_core.shell:Creating package descriptor '/home/user/ros2_ws/install/solo_description/share/solo_description/package.dsv'
[2.902s] INFO:colcon.colcon_core.shell:Creating package script '/home/user/ros2_ws/install/solo_description/share/solo_description/package.sh'
[2.902s] INFO:colcon.colcon_core.shell:Creating package script '/home/user/ros2_ws/install/solo_description/share/solo_description/package.bash'
[2.903s] INFO:colcon.colcon_core.shell:Creating package script '/home/user/ros2_ws/install/solo_description/share/solo_description/package.zsh'
[2.903s] Level 1:colcon.colcon_core.environment:create_file_with_runtime_dependencies(/home/user/ros2_ws/install/solo_description/share/colcon-core/packages/solo_description)
[2.904s] Level 1:colcon.colcon_core.environment:create_environment_scripts_only(solo_description)
[2.904s] Level 1:colcon.colcon_core.environment:checking '/home/user/ros2_ws/install/solo_description' for CMake module files
[2.905s] Level 1:colcon.colcon_core.environment:checking '/home/user/ros2_ws/install/solo_description' for CMake config files
[2.906s] Level 1:colcon.colcon_core.shell:create_environment_hook('solo_description', 'cmake_prefix_path')
[2.906s] INFO:colcon.colcon_core.shell:Creating environment hook '/home/user/ros2_ws/install/solo_description/share/solo_description/hook/cmake_prefix_path.ps1'
[2.907s] INFO:colcon.colcon_core.shell:Creating environment descriptor '/home/user/ros2_ws/install/solo_description/share/solo_description/hook/cmake_prefix_path.dsv'
[2.907s] INFO:colcon.colcon_core.shell:Creating environment hook '/home/user/ros2_ws/install/solo_description/share/solo_description/hook/cmake_prefix_path.sh'
[2.908s] Level 1:colcon.colcon_core.environment:checking '/home/user/ros2_ws/install/solo_description/bin'
[2.908s] Level 1:colcon.colcon_core.environment:checking '/home/user/ros2_ws/install/solo_description/lib/pkgconfig/solo_description.pc'
[2.908s] Level 1:colcon.colcon_core.environment:checking '/home/user/ros2_ws/install/solo_description/lib/python3.12/site-packages'
[2.921s] Level 1:colcon.colcon_core.environment:checking '/home/user/ros2_ws/install/solo_description/bin'
[2.922s] INFO:colcon.colcon_core.shell:Creating package script '/home/user/ros2_ws/install/solo_description/share/solo_description/package.ps1'
[2.923s] INFO:colcon.colcon_core.shell:Creating package descriptor '/home/user/ros2_ws/install/solo_description/share/solo_description/package.dsv'
[2.923s] INFO:colcon.colcon_core.shell:Creating package script '/home/user/ros2_ws/install/solo_description/share/solo_description/package.sh'
[2.924s] INFO:colcon.colcon_core.shell:Creating package script '/home/user/ros2_ws/install/solo_description/share/solo_description/package.bash'
[2.924s] INFO:colcon.colcon_core.shell:Creating package script '/home/user/ros2_ws/install/solo_description/share/solo_description/package.zsh'
[2.925s] Level 1:colcon.colcon_core.environment:create_file_with_runtime_dependencies(/home/user/ros2_ws/install/solo_description/share/colcon-core/packages/solo_description)
[2.931s] Level 1:colcon.colcon_core.environment:create_environment_scripts_only(spawn_solo)
[2.931s] Level 1:colcon.colcon_core.environment:checking '/home/user/ros2_ws/install/spawn_solo' for CMake module files
[2.932s] DEBUG:colcon.colcon_core.event_handler.log_command:Invoked command in '/home/user/ros2_ws/build/spawn_solo' returned '0': CMAKE_PREFIX_PATH=${CMAKE_PREFIX_PATH}:/home/user/ros2_ws/install/joint_trajectory_publisher:/home/user/ros2_ws/install/joint_trajectory_demo _=/usr/bin/env /usr/bin/cmake --install /home/user/ros2_ws/build/spawn_solo
[2.932s] Level 1:colcon.colcon_core.environment:checking '/home/user/ros2_ws/install/spawn_solo' for CMake config files
[2.933s] Level 1:colcon.colcon_core.shell:create_environment_hook('spawn_solo', 'cmake_prefix_path')
[2.933s] INFO:colcon.colcon_core.shell:Creating environment hook '/home/user/ros2_ws/install/spawn_solo/share/spawn_solo/hook/cmake_prefix_path.ps1'
[2.934s] INFO:colcon.colcon_core.shell:Creating environment descriptor '/home/user/ros2_ws/install/spawn_solo/share/spawn_solo/hook/cmake_prefix_path.dsv'
[2.934s] INFO:colcon.colcon_core.shell:Creating environment hook '/home/user/ros2_ws/install/spawn_solo/share/spawn_solo/hook/cmake_prefix_path.sh'
[2.935s] Level 1:colcon.colcon_core.environment:checking '/home/user/ros2_ws/install/spawn_solo/lib'
[2.935s] Level 1:colcon.colcon_core.environment:checking '/home/user/ros2_ws/install/spawn_solo/bin'
[2.935s] Level 1:colcon.colcon_core.environment:checking '/home/user/ros2_ws/install/spawn_solo/lib/pkgconfig/spawn_solo.pc'
[2.935s] Level 1:colcon.colcon_core.environment:checking '/home/user/ros2_ws/install/spawn_solo/lib/python3.12/site-packages'
[2.936s] Level 1:colcon.colcon_core.environment:checking '/home/user/ros2_ws/install/spawn_solo/bin'
[2.936s] INFO:colcon.colcon_core.shell:Creating package script '/home/user/ros2_ws/install/spawn_solo/share/spawn_solo/package.ps1'
[2.937s] INFO:colcon.colcon_core.shell:Creating package descriptor '/home/user/ros2_ws/install/spawn_solo/share/spawn_solo/package.dsv'
[2.937s] INFO:colcon.colcon_core.shell:Creating package script '/home/user/ros2_ws/install/spawn_solo/share/spawn_solo/package.sh'
[2.938s] INFO:colcon.colcon_core.shell:Creating package script '/home/user/ros2_ws/install/spawn_solo/share/spawn_solo/package.bash'
[2.938s] INFO:colcon.colcon_core.shell:Creating package script '/home/user/ros2_ws/install/spawn_solo/share/spawn_solo/package.zsh'
[2.939s] Level 1:colcon.colcon_core.environment:create_file_with_runtime_dependencies(/home/user/ros2_ws/install/spawn_solo/share/colcon-core/packages/spawn_solo)
[2.939s] Level 1:colcon.colcon_core.environment:create_environment_scripts_only(spawn_solo)
[2.940s] Level 1:colcon.colcon_core.environment:checking '/home/user/ros2_ws/install/spawn_solo' for CMake module files
[2.940s] Level 1:colcon.colcon_core.environment:checking '/home/user/ros2_ws/install/spawn_solo' for CMake config files
[2.941s] Level 1:colcon.colcon_core.shell:create_environment_hook('spawn_solo', 'cmake_prefix_path')
[2.941s] INFO:colcon.colcon_core.shell:Creating environment hook '/home/user/ros2_ws/install/spawn_solo/share/spawn_solo/hook/cmake_prefix_path.ps1'
[2.942s] INFO:colcon.colcon_core.shell:Creating environment descriptor '/home/user/ros2_ws/install/spawn_solo/share/spawn_solo/hook/cmake_prefix_path.dsv'
[2.985s] INFO:colcon.colcon_core.shell:Creating environment hook '/home/user/ros2_ws/install/spawn_solo/share/spawn_solo/hook/cmake_prefix_path.sh'
[2.986s] Level 1:colcon.colcon_core.environment:checking '/home/user/ros2_ws/install/spawn_solo/lib'
[2.986s] Level 1:colcon.colcon_core.environment:checking '/home/user/ros2_ws/install/spawn_solo/bin'
[2.987s] Level 1:colcon.colcon_core.environment:checking '/home/user/ros2_ws/install/spawn_solo/lib/pkgconfig/spawn_solo.pc'
[2.987s] Level 1:colcon.colcon_core.environment:checking '/home/user/ros2_ws/install/spawn_solo/lib/python3.12/site-packages'
[2.987s] Level 1:colcon.colcon_core.environment:checking '/home/user/ros2_ws/install/spawn_solo/bin'
[2.987s] INFO:colcon.colcon_core.shell:Creating package script '/home/user/ros2_ws/install/spawn_solo/share/spawn_solo/package.ps1'
[2.988s] INFO:colcon.colcon_core.shell:Creating package descriptor '/home/user/ros2_ws/install/spawn_solo/share/spawn_solo/package.dsv'
[2.989s] INFO:colcon.colcon_core.shell:Creating package script '/home/user/ros2_ws/install/spawn_solo/share/spawn_solo/package.sh'
[2.989s] INFO:colcon.colcon_core.shell:Creating package script '/home/user/ros2_ws/install/spawn_solo/share/spawn_solo/package.bash'
[2.990s] INFO:colcon.colcon_core.shell:Creating package script '/home/user/ros2_ws/install/spawn_solo/share/spawn_solo/package.zsh'
[2.990s] Level 1:colcon.colcon_core.environment:create_file_with_runtime_dependencies(/home/user/ros2_ws/install/spawn_solo/share/colcon-core/packages/spawn_solo)
[3.002s] DEBUG:colcon.colcon_core.event_handler.log_command:Invoking command in '/home/user/ros2_ws/build/dynamixel_workbench': CMAKE_PREFIX_PATH=/home/user/ros2_ws/install/dynamixel_workbench_toolbox:/home/user/ros2_ws/install/dynamixel_sdk:/home/user/ros2_ws/install/spawn_solo:/home/user/ros2_ws/install/spawn_robot:/home/user/ros2_ws/install/solo_description:/home/user/ros2_ws/install/rrbot_unit5:/home/user/ros2_ws/install/rrbot_unit4:/home/user/ros2_ws/install/rrbot_unit3:/home/user/ros2_ws/install/rrbot_unit2:/home/user/ros2_ws/install/rrbot_controller:/home/user/ros2_ws/install/my_robot_hardware_interface:/home/user/ros2_ws/install/my_robot_bringup:/home/user/ros2_ws/install/my_quadruped_bringup:/home/user/ros2_ws/install/dynamixel_workbench:/home/user/ros2_ws/install/dynamixel_hardware_interface:/home/user/ros2_ws/install/dynamixel_sdk_examples:/home/user/ros2_ws/install/dynamixel_sdk_custom_interfaces:/home/user/ros2_ws/install/diffbot_sim:/home/user/ros2_ws/install/diffbot_description:/home/simulations/ros2_sims_ws/install/unit6_simulation:/home/simulations/ros2_sims_ws/install/rrbot_sim:/home/simulations/ros2_sims_ws/install/rmw_cyclonedds_cpp:/home/simulations/ros2_sims_ws/install/cyclonedds:/opt/ros/jazzy/opt/gz_sim_vendor:/opt/ros/jazzy/opt/gz_sensors_vendor:/opt/ros/jazzy/opt/gz_physics_vendor:/opt/ros/jazzy/opt/sdformat_vendor:/opt/ros/jazzy/opt/gz_gui_vendor:/opt/ros/jazzy/opt/gz_transport_vendor:/opt/ros/jazzy/opt/gz_rendering_vendor:/opt/ros/jazzy/opt/gz_plugin_vendor:/opt/ros/jazzy/opt/gz_fuel_tools_vendor:/opt/ros/jazzy/opt/gz_msgs_vendor:/opt/ros/jazzy/opt/gz_common_vendor:/opt/ros/jazzy/opt/gz_math_vendor:/opt/ros/jazzy/opt/gz_utils_vendor:/opt/ros/jazzy/opt/gz_tools_vendor:/opt/ros/jazzy/opt/gz_ogre_next_vendor:/opt/ros/jazzy/opt/gz_dartsim_vendor:/opt/ros/jazzy/opt/gz_cmake_vendor:/opt/ros/jazzy:/opt/ros/jazzy:/home/user/ros2_ws/install/joint_trajectory_publisher:/home/user/ros2_ws/install/joint_trajectory_demo LD_LIBRARY_PATH=/home/user/ros2_ws/install/dynamixel_workbench_toolbox/lib:/home/user/ros2_ws/install/dynamixel_sdk/lib:/home/user/ros2_ws/install/rrbot_controller/lib:/home/user/ros2_ws/install/my_robot_hardware_interface/lib:/home/user/ros2_ws/install/dynamixel_hardware_interface/lib:/home/user/ros2_ws/install/dynamixel_sdk_custom_interfaces/lib:/home/simulations/ros2_sims_ws/install/rmw_cyclonedds_cpp/lib:/home/simulations/ros2_sims_ws/install/cyclonedds/lib:/home/user/catkin_ws/devel/lib:/home/simulations/public_sim_ws/devel/lib:/opt/ros/jazzy/lib:/opt/ros/jazzy/lib/x86_64-linux-gnu:/usr/local/cuda-10.2/lib64:/home/user/.catkin_ws_python3/src/TensorRT-7.0.0.11/lib:/home/user/catkin_ws/devel/lib:/home/simulations/public_sim_ws/devel/lib:/opt/ros/jazzy/lib:/opt/ros/jazzy/lib/x86_64-linux-gnu:/opt/ros/jazzy/opt/gz_sim_vendor/lib:/opt/ros/jazzy/opt/gz_sensors_vendor/lib:/opt/ros/jazzy/opt/gz_physics_vendor/lib:/opt/ros/jazzy/opt/sdformat_vendor/lib:/opt/ros/jazzy/opt/rviz_ogre_vendor/lib:/opt/ros/jazzy/lib/x86_64-linux-gnu:/opt/ros/jazzy/opt/gz_gui_vendor/lib:/opt/ros/jazzy/opt/gz_transport_vendor/lib:/opt/ros/jazzy/opt/gz_rendering_vendor/lib:/opt/ros/jazzy/opt/gz_plugin_vendor/lib:/opt/ros/jazzy/opt/gz_fuel_tools_vendor/lib:/opt/ros/jazzy/opt/gz_msgs_vendor/lib:/opt/ros/jazzy/opt/gz_common_vendor/lib:/opt/ros/jazzy/opt/gz_math_vendor/lib:/opt/ros/jazzy/opt/gz_utils_vendor/lib:/opt/ros/jazzy/opt/gz_tools_vendor/lib:/opt/ros/jazzy/opt/gz_ogre_next_vendor/lib:/opt/ros/jazzy/opt/gz_dartsim_vendor/lib:/opt/ros/jazzy/opt/gz_cmake_vendor/lib:/opt/ros/jazzy/lib:/usr/local/cuda-10.2/lib64:/home/user/.catkin_ws_python3/src/TensorRT-7.0.0.11/lib _=/usr/bin/env /usr/bin/cmake --build /home/user/ros2_ws/build/dynamixel_workbench -- -j8 -l8
[3.013s] Level 1:colcon.colcon_core.environment:create_environment_scripts_only(spawn_robot)
[3.014s] Level 1:colcon.colcon_core.environment:checking '/home/user/ros2_ws/install/spawn_robot' for CMake module files
[3.014s] DEBUG:colcon.colcon_core.event_handler.log_command:Invoked command in '/home/user/ros2_ws/build/spawn_robot' returned '0': CMAKE_PREFIX_PATH=${CMAKE_PREFIX_PATH}:/home/user/ros2_ws/install/joint_trajectory_publisher:/home/user/ros2_ws/install/joint_trajectory_demo _=/usr/bin/env /usr/bin/cmake --install /home/user/ros2_ws/build/spawn_robot
[3.014s] Level 1:colcon.colcon_core.environment:checking '/home/user/ros2_ws/install/spawn_robot' for CMake config files
[3.015s] Level 1:colcon.colcon_core.shell:create_environment_hook('spawn_robot', 'cmake_prefix_path')
[3.015s] INFO:colcon.colcon_core.shell:Creating environment hook '/home/user/ros2_ws/install/spawn_robot/share/spawn_robot/hook/cmake_prefix_path.ps1'
[3.015s] INFO:colcon.colcon_core.shell:Creating environment descriptor '/home/user/ros2_ws/install/spawn_robot/share/spawn_robot/hook/cmake_prefix_path.dsv'
[3.016s] INFO:colcon.colcon_core.shell:Creating environment hook '/home/user/ros2_ws/install/spawn_robot/share/spawn_robot/hook/cmake_prefix_path.sh'
[3.017s] Level 1:colcon.colcon_core.environment:checking '/home/user/ros2_ws/install/spawn_robot/lib'
[3.017s] Level 1:colcon.colcon_core.environment:checking '/home/user/ros2_ws/install/spawn_robot/bin'
[3.017s] Level 1:colcon.colcon_core.environment:checking '/home/user/ros2_ws/install/spawn_robot/lib/pkgconfig/spawn_robot.pc'
[3.017s] Level 1:colcon.colcon_core.environment:checking '/home/user/ros2_ws/install/spawn_robot/lib/python3.12/site-packages'
[3.018s] Level 1:colcon.colcon_core.environment:checking '/home/user/ros2_ws/install/spawn_robot/bin'
[3.018s] INFO:colcon.colcon_core.shell:Creating package script '/home/user/ros2_ws/install/spawn_robot/share/spawn_robot/package.ps1'
[3.019s] INFO:colcon.colcon_core.shell:Creating package descriptor '/home/user/ros2_ws/install/spawn_robot/share/spawn_robot/package.dsv'
[3.019s] INFO:colcon.colcon_core.shell:Creating package script '/home/user/ros2_ws/install/spawn_robot/share/spawn_robot/package.sh'
[3.020s] INFO:colcon.colcon_core.shell:Creating package script '/home/user/ros2_ws/install/spawn_robot/share/spawn_robot/package.bash'
[3.021s] INFO:colcon.colcon_core.shell:Creating package script '/home/user/ros2_ws/install/spawn_robot/share/spawn_robot/package.zsh'
[3.021s] Level 1:colcon.colcon_core.environment:create_file_with_runtime_dependencies(/home/user/ros2_ws/install/spawn_robot/share/colcon-core/packages/spawn_robot)
[3.030s] Level 1:colcon.colcon_core.environment:create_environment_scripts_only(spawn_robot)
[3.031s] Level 1:colcon.colcon_core.environment:checking '/home/user/ros2_ws/install/spawn_robot' for CMake module files
[3.032s] Level 1:colcon.colcon_core.environment:checking '/home/user/ros2_ws/install/spawn_robot' for CMake config files
[3.032s] Level 1:colcon.colcon_core.shell:create_environment_hook('spawn_robot', 'cmake_prefix_path')
[3.032s] INFO:colcon.colcon_core.shell:Creating environment hook '/home/user/ros2_ws/install/spawn_robot/share/spawn_robot/hook/cmake_prefix_path.ps1'
[3.035s] INFO:colcon.colcon_core.shell:Creating environment descriptor '/home/user/ros2_ws/install/spawn_robot/share/spawn_robot/hook/cmake_prefix_path.dsv'
[3.035s] INFO:colcon.colcon_core.shell:Creating environment hook '/home/user/ros2_ws/install/spawn_robot/share/spawn_robot/hook/cmake_prefix_path.sh'
[3.036s] Level 1:colcon.colcon_core.environment:checking '/home/user/ros2_ws/install/spawn_robot/lib'
[3.036s] Level 1:colcon.colcon_core.environment:checking '/home/user/ros2_ws/install/spawn_robot/bin'
[3.036s] Level 1:colcon.colcon_core.environment:checking '/home/user/ros2_ws/install/spawn_robot/lib/pkgconfig/spawn_robot.pc'
[3.037s] Level 1:colcon.colcon_core.environment:checking '/home/user/ros2_ws/install/spawn_robot/lib/python3.12/site-packages'
[3.037s] Level 1:colcon.colcon_core.environment:checking '/home/user/ros2_ws/install/spawn_robot/bin'
[3.049s] INFO:colcon.colcon_core.shell:Creating package script '/home/user/ros2_ws/install/spawn_robot/share/spawn_robot/package.ps1'
[3.049s] INFO:colcon.colcon_core.shell:Creating package descriptor '/home/user/ros2_ws/install/spawn_robot/share/spawn_robot/package.dsv'
[3.050s] INFO:colcon.colcon_core.shell:Creating package script '/home/user/ros2_ws/install/spawn_robot/share/spawn_robot/package.sh'
[3.051s] INFO:colcon.colcon_core.shell:Creating package script '/home/user/ros2_ws/install/spawn_robot/share/spawn_robot/package.bash'
[3.051s] INFO:colcon.colcon_core.shell:Creating package script '/home/user/ros2_ws/install/spawn_robot/share/spawn_robot/package.zsh'
[3.052s] Level 1:colcon.colcon_core.environment:create_file_with_runtime_dependencies(/home/user/ros2_ws/install/spawn_robot/share/colcon-core/packages/spawn_robot)
[3.054s] DEBUG:colcon.colcon_core.event_handler.log_command:Invoked command in '/home/user/ros2_ws/build/dynamixel_sdk_examples' returned '0': CMAKE_PREFIX_PATH=/home/user/ros2_ws/install/dynamixel_sdk_custom_interfaces:/home/user/ros2_ws/install/dynamixel_sdk:/home/user/ros2_ws/install/spawn_solo:/home/user/ros2_ws/install/spawn_robot:/home/user/ros2_ws/install/solo_description:/home/user/ros2_ws/install/rrbot_unit5:/home/user/ros2_ws/install/rrbot_unit4:/home/user/ros2_ws/install/rrbot_unit3:/home/user/ros2_ws/install/rrbot_unit2:/home/user/ros2_ws/install/rrbot_controller:/home/user/ros2_ws/install/my_robot_hardware_interface:/home/user/ros2_ws/install/my_robot_bringup:/home/user/ros2_ws/install/my_quadruped_bringup:/home/user/ros2_ws/install/dynamixel_workbench:/home/user/ros2_ws/install/dynamixel_hardware_interface:/home/user/ros2_ws/install/dynamixel_workbench_toolbox:/home/user/ros2_ws/install/dynamixel_sdk_examples:/home/user/ros2_ws/install/diffbot_sim:/home/user/ros2_ws/install/diffbot_description:/home/simulations/ros2_sims_ws/install/unit6_simulation:/home/simulations/ros2_sims_ws/install/rrbot_sim:/home/simulations/ros2_sims_ws/install/rmw_cyclonedds_cpp:/home/simulations/ros2_sims_ws/install/cyclonedds:/opt/ros/jazzy/opt/gz_sim_vendor:/opt/ros/jazzy/opt/gz_sensors_vendor:/opt/ros/jazzy/opt/gz_physics_vendor:/opt/ros/jazzy/opt/sdformat_vendor:/opt/ros/jazzy/opt/gz_gui_vendor:/opt/ros/jazzy/opt/gz_transport_vendor:/opt/ros/jazzy/opt/gz_rendering_vendor:/opt/ros/jazzy/opt/gz_plugin_vendor:/opt/ros/jazzy/opt/gz_fuel_tools_vendor:/opt/ros/jazzy/opt/gz_msgs_vendor:/opt/ros/jazzy/opt/gz_common_vendor:/opt/ros/jazzy/opt/gz_math_vendor:/opt/ros/jazzy/opt/gz_utils_vendor:/opt/ros/jazzy/opt/gz_tools_vendor:/opt/ros/jazzy/opt/gz_ogre_next_vendor:/opt/ros/jazzy/opt/gz_dartsim_vendor:/opt/ros/jazzy/opt/gz_cmake_vendor:/opt/ros/jazzy:/opt/ros/jazzy:/home/user/ros2_ws/install/joint_trajectory_publisher:/home/user/ros2_ws/install/joint_trajectory_demo LD_LIBRARY_PATH=/home/user/ros2_ws/install/dynamixel_sdk_custom_interfaces/lib:/home/user/ros2_ws/install/dynamixel_sdk/lib:/home/user/ros2_ws/install/rrbot_controller/lib:/home/user/ros2_ws/install/my_robot_hardware_interface/lib:/home/user/ros2_ws/install/dynamixel_hardware_interface/lib:/home/user/ros2_ws/install/dynamixel_workbench_toolbox/lib:/home/simulations/ros2_sims_ws/install/rmw_cyclonedds_cpp/lib:/home/simulations/ros2_sims_ws/install/cyclonedds/lib:/home/user/catkin_ws/devel/lib:/home/simulations/public_sim_ws/devel/lib:/opt/ros/jazzy/lib:/opt/ros/jazzy/lib/x86_64-linux-gnu:/usr/local/cuda-10.2/lib64:/home/user/.catkin_ws_python3/src/TensorRT-7.0.0.11/lib:/home/user/catkin_ws/devel/lib:/home/simulations/public_sim_ws/devel/lib:/opt/ros/jazzy/lib:/opt/ros/jazzy/lib/x86_64-linux-gnu:/opt/ros/jazzy/opt/gz_sim_vendor/lib:/opt/ros/jazzy/opt/gz_sensors_vendor/lib:/opt/ros/jazzy/opt/gz_physics_vendor/lib:/opt/ros/jazzy/opt/sdformat_vendor/lib:/opt/ros/jazzy/opt/rviz_ogre_vendor/lib:/opt/ros/jazzy/lib/x86_64-linux-gnu:/opt/ros/jazzy/opt/gz_gui_vendor/lib:/opt/ros/jazzy/opt/gz_transport_vendor/lib:/opt/ros/jazzy/opt/gz_rendering_vendor/lib:/opt/ros/jazzy/opt/gz_plugin_vendor/lib:/opt/ros/jazzy/opt/gz_fuel_tools_vendor/lib:/opt/ros/jazzy/opt/gz_msgs_vendor/lib:/opt/ros/jazzy/opt/gz_common_vendor/lib:/opt/ros/jazzy/opt/gz_math_vendor/lib:/opt/ros/jazzy/opt/gz_utils_vendor/lib:/opt/ros/jazzy/opt/gz_tools_vendor/lib:/opt/ros/jazzy/opt/gz_ogre_next_vendor/lib:/opt/ros/jazzy/opt/gz_dartsim_vendor/lib:/opt/ros/jazzy/opt/gz_cmake_vendor/lib:/opt/ros/jazzy/lib:/usr/local/cuda-10.2/lib64:/home/user/.catkin_ws_python3/src/TensorRT-7.0.0.11/lib PYTHONPATH=/home/user/ros2_ws/install/dynamixel_sdk_custom_interfaces/lib/python3.12/site-packages:/home/user/ros2_ws/install/joint_trajectory_publisher/lib/python3.12/site-packages:/home/user/ros2_ws/install/joint_trajectory_demo/lib/python3.12/site-packages:/opt/ros/jazzy/lib/python3.12/site-packages:/home/simulations/public_sim_ws/src/all/ros_basics_examples/python_course_class:/home/simulations/public_sim_ws/src/ros_basics_examples/python_course_class:/home/simulations/public_sim_ws/src/all/kinematics_course_utils/kinematics _=/usr/bin/env /usr/bin/cmake --build /home/user/ros2_ws/build/dynamixel_sdk_examples -- -j8 -l8
[3.055s] DEBUG:colcon.colcon_core.event_handler.log_command:Invoking command in '/home/user/ros2_ws/build/dynamixel_sdk_examples': CMAKE_PREFIX_PATH=/home/user/ros2_ws/install/dynamixel_sdk_custom_interfaces:/home/user/ros2_ws/install/dynamixel_sdk:/home/user/ros2_ws/install/spawn_solo:/home/user/ros2_ws/install/spawn_robot:/home/user/ros2_ws/install/solo_description:/home/user/ros2_ws/install/rrbot_unit5:/home/user/ros2_ws/install/rrbot_unit4:/home/user/ros2_ws/install/rrbot_unit3:/home/user/ros2_ws/install/rrbot_unit2:/home/user/ros2_ws/install/rrbot_controller:/home/user/ros2_ws/install/my_robot_hardware_interface:/home/user/ros2_ws/install/my_robot_bringup:/home/user/ros2_ws/install/my_quadruped_bringup:/home/user/ros2_ws/install/dynamixel_workbench:/home/user/ros2_ws/install/dynamixel_hardware_interface:/home/user/ros2_ws/install/dynamixel_workbench_toolbox:/home/user/ros2_ws/install/dynamixel_sdk_examples:/home/user/ros2_ws/install/diffbot_sim:/home/user/ros2_ws/install/diffbot_description:/home/simulations/ros2_sims_ws/install/unit6_simulation:/home/simulations/ros2_sims_ws/install/rrbot_sim:/home/simulations/ros2_sims_ws/install/rmw_cyclonedds_cpp:/home/simulations/ros2_sims_ws/install/cyclonedds:/opt/ros/jazzy/opt/gz_sim_vendor:/opt/ros/jazzy/opt/gz_sensors_vendor:/opt/ros/jazzy/opt/gz_physics_vendor:/opt/ros/jazzy/opt/sdformat_vendor:/opt/ros/jazzy/opt/gz_gui_vendor:/opt/ros/jazzy/opt/gz_transport_vendor:/opt/ros/jazzy/opt/gz_rendering_vendor:/opt/ros/jazzy/opt/gz_plugin_vendor:/opt/ros/jazzy/opt/gz_fuel_tools_vendor:/opt/ros/jazzy/opt/gz_msgs_vendor:/opt/ros/jazzy/opt/gz_common_vendor:/opt/ros/jazzy/opt/gz_math_vendor:/opt/ros/jazzy/opt/gz_utils_vendor:/opt/ros/jazzy/opt/gz_tools_vendor:/opt/ros/jazzy/opt/gz_ogre_next_vendor:/opt/ros/jazzy/opt/gz_dartsim_vendor:/opt/ros/jazzy/opt/gz_cmake_vendor:/opt/ros/jazzy:/opt/ros/jazzy:/home/user/ros2_ws/install/joint_trajectory_publisher:/home/user/ros2_ws/install/joint_trajectory_demo LD_LIBRARY_PATH=/home/user/ros2_ws/install/dynamixel_sdk_custom_interfaces/lib:/home/user/ros2_ws/install/dynamixel_sdk/lib:/home/user/ros2_ws/install/rrbot_controller/lib:/home/user/ros2_ws/install/my_robot_hardware_interface/lib:/home/user/ros2_ws/install/dynamixel_hardware_interface/lib:/home/user/ros2_ws/install/dynamixel_workbench_toolbox/lib:/home/simulations/ros2_sims_ws/install/rmw_cyclonedds_cpp/lib:/home/simulations/ros2_sims_ws/install/cyclonedds/lib:/home/user/catkin_ws/devel/lib:/home/simulations/public_sim_ws/devel/lib:/opt/ros/jazzy/lib:/opt/ros/jazzy/lib/x86_64-linux-gnu:/usr/local/cuda-10.2/lib64:/home/user/.catkin_ws_python3/src/TensorRT-7.0.0.11/lib:/home/user/catkin_ws/devel/lib:/home/simulations/public_sim_ws/devel/lib:/opt/ros/jazzy/lib:/opt/ros/jazzy/lib/x86_64-linux-gnu:/opt/ros/jazzy/opt/gz_sim_vendor/lib:/opt/ros/jazzy/opt/gz_sensors_vendor/lib:/opt/ros/jazzy/opt/gz_physics_vendor/lib:/opt/ros/jazzy/opt/sdformat_vendor/lib:/opt/ros/jazzy/opt/rviz_ogre_vendor/lib:/opt/ros/jazzy/lib/x86_64-linux-gnu:/opt/ros/jazzy/opt/gz_gui_vendor/lib:/opt/ros/jazzy/opt/gz_transport_vendor/lib:/opt/ros/jazzy/opt/gz_rendering_vendor/lib:/opt/ros/jazzy/opt/gz_plugin_vendor/lib:/opt/ros/jazzy/opt/gz_fuel_tools_vendor/lib:/opt/ros/jazzy/opt/gz_msgs_vendor/lib:/opt/ros/jazzy/opt/gz_common_vendor/lib:/opt/ros/jazzy/opt/gz_math_vendor/lib:/opt/ros/jazzy/opt/gz_utils_vendor/lib:/opt/ros/jazzy/opt/gz_tools_vendor/lib:/opt/ros/jazzy/opt/gz_ogre_next_vendor/lib:/opt/ros/jazzy/opt/gz_dartsim_vendor/lib:/opt/ros/jazzy/opt/gz_cmake_vendor/lib:/opt/ros/jazzy/lib:/usr/local/cuda-10.2/lib64:/home/user/.catkin_ws_python3/src/TensorRT-7.0.0.11/lib PYTHONPATH=/home/user/ros2_ws/install/dynamixel_sdk_custom_interfaces/lib/python3.12/site-packages:/home/user/ros2_ws/install/joint_trajectory_publisher/lib/python3.12/site-packages:/home/user/ros2_ws/install/joint_trajectory_demo/lib/python3.12/site-packages:/opt/ros/jazzy/lib/python3.12/site-packages:/home/simulations/public_sim_ws/src/all/ros_basics_examples/python_course_class:/home/simulations/public_sim_ws/src/ros_basics_examples/python_course_class:/home/simulations/public_sim_ws/src/all/kinematics_course_utils/kinematics _=/usr/bin/env /usr/bin/cmake --install /home/user/ros2_ws/build/dynamixel_sdk_examples
[3.071s] DEBUG:colcon.colcon_core.event_handler.log_command:Invoked command in '/home/user/ros2_ws/build/dynamixel_hardware_interface' returned '0': CMAKE_PREFIX_PATH=/home/user/ros2_ws/install/dynamixel_workbench_toolbox:/home/user/ros2_ws/install/dynamixel_sdk:/home/user/ros2_ws/install/spawn_solo:/home/user/ros2_ws/install/spawn_robot:/home/user/ros2_ws/install/solo_description:/home/user/ros2_ws/install/rrbot_unit5:/home/user/ros2_ws/install/rrbot_unit4:/home/user/ros2_ws/install/rrbot_unit3:/home/user/ros2_ws/install/rrbot_unit2:/home/user/ros2_ws/install/rrbot_controller:/home/user/ros2_ws/install/my_robot_hardware_interface:/home/user/ros2_ws/install/my_robot_bringup:/home/user/ros2_ws/install/my_quadruped_bringup:/home/user/ros2_ws/install/dynamixel_workbench:/home/user/ros2_ws/install/dynamixel_hardware_interface:/home/user/ros2_ws/install/dynamixel_sdk_examples:/home/user/ros2_ws/install/dynamixel_sdk_custom_interfaces:/home/user/ros2_ws/install/diffbot_sim:/home/user/ros2_ws/install/diffbot_description:/home/simulations/ros2_sims_ws/install/unit6_simulation:/home/simulations/ros2_sims_ws/install/rrbot_sim:/home/simulations/ros2_sims_ws/install/rmw_cyclonedds_cpp:/home/simulations/ros2_sims_ws/install/cyclonedds:/opt/ros/jazzy/opt/gz_sim_vendor:/opt/ros/jazzy/opt/gz_sensors_vendor:/opt/ros/jazzy/opt/gz_physics_vendor:/opt/ros/jazzy/opt/sdformat_vendor:/opt/ros/jazzy/opt/gz_gui_vendor:/opt/ros/jazzy/opt/gz_transport_vendor:/opt/ros/jazzy/opt/gz_rendering_vendor:/opt/ros/jazzy/opt/gz_plugin_vendor:/opt/ros/jazzy/opt/gz_fuel_tools_vendor:/opt/ros/jazzy/opt/gz_msgs_vendor:/opt/ros/jazzy/opt/gz_common_vendor:/opt/ros/jazzy/opt/gz_math_vendor:/opt/ros/jazzy/opt/gz_utils_vendor:/opt/ros/jazzy/opt/gz_tools_vendor:/opt/ros/jazzy/opt/gz_ogre_next_vendor:/opt/ros/jazzy/opt/gz_dartsim_vendor:/opt/ros/jazzy/opt/gz_cmake_vendor:/opt/ros/jazzy:/opt/ros/jazzy:/home/user/ros2_ws/install/joint_trajectory_publisher:/home/user/ros2_ws/install/joint_trajectory_demo LD_LIBRARY_PATH=/home/user/ros2_ws/install/dynamixel_workbench_toolbox/lib:/home/user/ros2_ws/install/dynamixel_sdk/lib:/home/user/ros2_ws/install/rrbot_controller/lib:/home/user/ros2_ws/install/my_robot_hardware_interface/lib:/home/user/ros2_ws/install/dynamixel_hardware_interface/lib:/home/user/ros2_ws/install/dynamixel_sdk_custom_interfaces/lib:/home/simulations/ros2_sims_ws/install/rmw_cyclonedds_cpp/lib:/home/simulations/ros2_sims_ws/install/cyclonedds/lib:/home/user/catkin_ws/devel/lib:/home/simulations/public_sim_ws/devel/lib:/opt/ros/jazzy/lib:/opt/ros/jazzy/lib/x86_64-linux-gnu:/usr/local/cuda-10.2/lib64:/home/user/.catkin_ws_python3/src/TensorRT-7.0.0.11/lib:/home/user/catkin_ws/devel/lib:/home/simulations/public_sim_ws/devel/lib:/opt/ros/jazzy/lib:/opt/ros/jazzy/lib/x86_64-linux-gnu:/opt/ros/jazzy/opt/gz_sim_vendor/lib:/opt/ros/jazzy/opt/gz_sensors_vendor/lib:/opt/ros/jazzy/opt/gz_physics_vendor/lib:/opt/ros/jazzy/opt/sdformat_vendor/lib:/opt/ros/jazzy/opt/rviz_ogre_vendor/lib:/opt/ros/jazzy/lib/x86_64-linux-gnu:/opt/ros/jazzy/opt/gz_gui_vendor/lib:/opt/ros/jazzy/opt/gz_transport_vendor/lib:/opt/ros/jazzy/opt/gz_rendering_vendor/lib:/opt/ros/jazzy/opt/gz_plugin_vendor/lib:/opt/ros/jazzy/opt/gz_fuel_tools_vendor/lib:/opt/ros/jazzy/opt/gz_msgs_vendor/lib:/opt/ros/jazzy/opt/gz_common_vendor/lib:/opt/ros/jazzy/opt/gz_math_vendor/lib:/opt/ros/jazzy/opt/gz_utils_vendor/lib:/opt/ros/jazzy/opt/gz_tools_vendor/lib:/opt/ros/jazzy/opt/gz_ogre_next_vendor/lib:/opt/ros/jazzy/opt/gz_dartsim_vendor/lib:/opt/ros/jazzy/opt/gz_cmake_vendor/lib:/opt/ros/jazzy/lib:/usr/local/cuda-10.2/lib64:/home/user/.catkin_ws_python3/src/TensorRT-7.0.0.11/lib _=/usr/bin/env /usr/bin/cmake --build /home/user/ros2_ws/build/dynamixel_hardware_interface -- -j8 -l8
[3.072s] DEBUG:colcon.colcon_core.event_handler.log_command:Invoking command in '/home/user/ros2_ws/build/dynamixel_hardware_interface': CMAKE_PREFIX_PATH=/home/user/ros2_ws/install/dynamixel_workbench_toolbox:/home/user/ros2_ws/install/dynamixel_sdk:/home/user/ros2_ws/install/spawn_solo:/home/user/ros2_ws/install/spawn_robot:/home/user/ros2_ws/install/solo_description:/home/user/ros2_ws/install/rrbot_unit5:/home/user/ros2_ws/install/rrbot_unit4:/home/user/ros2_ws/install/rrbot_unit3:/home/user/ros2_ws/install/rrbot_unit2:/home/user/ros2_ws/install/rrbot_controller:/home/user/ros2_ws/install/my_robot_hardware_interface:/home/user/ros2_ws/install/my_robot_bringup:/home/user/ros2_ws/install/my_quadruped_bringup:/home/user/ros2_ws/install/dynamixel_workbench:/home/user/ros2_ws/install/dynamixel_hardware_interface:/home/user/ros2_ws/install/dynamixel_sdk_examples:/home/user/ros2_ws/install/dynamixel_sdk_custom_interfaces:/home/user/ros2_ws/install/diffbot_sim:/home/user/ros2_ws/install/diffbot_description:/home/simulations/ros2_sims_ws/install/unit6_simulation:/home/simulations/ros2_sims_ws/install/rrbot_sim:/home/simulations/ros2_sims_ws/install/rmw_cyclonedds_cpp:/home/simulations/ros2_sims_ws/install/cyclonedds:/opt/ros/jazzy/opt/gz_sim_vendor:/opt/ros/jazzy/opt/gz_sensors_vendor:/opt/ros/jazzy/opt/gz_physics_vendor:/opt/ros/jazzy/opt/sdformat_vendor:/opt/ros/jazzy/opt/gz_gui_vendor:/opt/ros/jazzy/opt/gz_transport_vendor:/opt/ros/jazzy/opt/gz_rendering_vendor:/opt/ros/jazzy/opt/gz_plugin_vendor:/opt/ros/jazzy/opt/gz_fuel_tools_vendor:/opt/ros/jazzy/opt/gz_msgs_vendor:/opt/ros/jazzy/opt/gz_common_vendor:/opt/ros/jazzy/opt/gz_math_vendor:/opt/ros/jazzy/opt/gz_utils_vendor:/opt/ros/jazzy/opt/gz_tools_vendor:/opt/ros/jazzy/opt/gz_ogre_next_vendor:/opt/ros/jazzy/opt/gz_dartsim_vendor:/opt/ros/jazzy/opt/gz_cmake_vendor:/opt/ros/jazzy:/opt/ros/jazzy:/home/user/ros2_ws/install/joint_trajectory_publisher:/home/user/ros2_ws/install/joint_trajectory_demo LD_LIBRARY_PATH=/home/user/ros2_ws/install/dynamixel_workbench_toolbox/lib:/home/user/ros2_ws/install/dynamixel_sdk/lib:/home/user/ros2_ws/install/rrbot_controller/lib:/home/user/ros2_ws/install/my_robot_hardware_interface/lib:/home/user/ros2_ws/install/dynamixel_hardware_interface/lib:/home/user/ros2_ws/install/dynamixel_sdk_custom_interfaces/lib:/home/simulations/ros2_sims_ws/install/rmw_cyclonedds_cpp/lib:/home/simulations/ros2_sims_ws/install/cyclonedds/lib:/home/user/catkin_ws/devel/lib:/home/simulations/public_sim_ws/devel/lib:/opt/ros/jazzy/lib:/opt/ros/jazzy/lib/x86_64-linux-gnu:/usr/local/cuda-10.2/lib64:/home/user/.catkin_ws_python3/src/TensorRT-7.0.0.11/lib:/home/user/catkin_ws/devel/lib:/home/simulations/public_sim_ws/devel/lib:/opt/ros/jazzy/lib:/opt/ros/jazzy/lib/x86_64-linux-gnu:/opt/ros/jazzy/opt/gz_sim_vendor/lib:/opt/ros/jazzy/opt/gz_sensors_vendor/lib:/opt/ros/jazzy/opt/gz_physics_vendor/lib:/opt/ros/jazzy/opt/sdformat_vendor/lib:/opt/ros/jazzy/opt/rviz_ogre_vendor/lib:/opt/ros/jazzy/lib/x86_64-linux-gnu:/opt/ros/jazzy/opt/gz_gui_vendor/lib:/opt/ros/jazzy/opt/gz_transport_vendor/lib:/opt/ros/jazzy/opt/gz_rendering_vendor/lib:/opt/ros/jazzy/opt/gz_plugin_vendor/lib:/opt/ros/jazzy/opt/gz_fuel_tools_vendor/lib:/opt/ros/jazzy/opt/gz_msgs_vendor/lib:/opt/ros/jazzy/opt/gz_common_vendor/lib:/opt/ros/jazzy/opt/gz_math_vendor/lib:/opt/ros/jazzy/opt/gz_utils_vendor/lib:/opt/ros/jazzy/opt/gz_tools_vendor/lib:/opt/ros/jazzy/opt/gz_ogre_next_vendor/lib:/opt/ros/jazzy/opt/gz_dartsim_vendor/lib:/opt/ros/jazzy/opt/gz_cmake_vendor/lib:/opt/ros/jazzy/lib:/usr/local/cuda-10.2/lib64:/home/user/.catkin_ws_python3/src/TensorRT-7.0.0.11/lib _=/usr/bin/env /usr/bin/cmake --install /home/user/ros2_ws/build/dynamixel_hardware_interface
[3.087s] Level 1:colcon.colcon_core.environment:create_environment_scripts_only(dynamixel_sdk_examples)
[3.088s] Level 1:colcon.colcon_core.environment:checking '/home/user/ros2_ws/install/dynamixel_sdk_examples' for CMake module files
[3.089s] Level 1:colcon.colcon_core.environment:checking '/home/user/ros2_ws/install/dynamixel_sdk_examples' for CMake config files
[3.089s] Level 1:colcon.colcon_core.shell:create_environment_hook('dynamixel_sdk_examples', 'cmake_prefix_path')
[3.089s] INFO:colcon.colcon_core.shell:Creating environment hook '/home/user/ros2_ws/install/dynamixel_sdk_examples/share/dynamixel_sdk_examples/hook/cmake_prefix_path.ps1'
[3.090s] INFO:colcon.colcon_core.shell:Creating environment descriptor '/home/user/ros2_ws/install/dynamixel_sdk_examples/share/dynamixel_sdk_examples/hook/cmake_prefix_path.dsv'
[3.091s] INFO:colcon.colcon_core.shell:Creating environment hook '/home/user/ros2_ws/install/dynamixel_sdk_examples/share/dynamixel_sdk_examples/hook/cmake_prefix_path.sh'
[3.092s] Level 1:colcon.colcon_core.environment:checking '/home/user/ros2_ws/install/dynamixel_sdk_examples/lib'
[3.092s] Level 1:colcon.colcon_core.environment:checking '/home/user/ros2_ws/install/dynamixel_sdk_examples/bin'
[3.092s] Level 1:colcon.colcon_core.environment:checking '/home/user/ros2_ws/install/dynamixel_sdk_examples/lib/pkgconfig/dynamixel_sdk_examples.pc'
[3.092s] Level 1:colcon.colcon_core.environment:checking '/home/user/ros2_ws/install/dynamixel_sdk_examples/lib/python3.12/site-packages'
[3.093s] Level 1:colcon.colcon_core.environment:checking '/home/user/ros2_ws/install/dynamixel_sdk_examples/bin'
[3.093s] INFO:colcon.colcon_core.shell:Creating package script '/home/user/ros2_ws/install/dynamixel_sdk_examples/share/dynamixel_sdk_examples/package.ps1'
[3.094s] INFO:colcon.colcon_core.shell:Creating package descriptor '/home/user/ros2_ws/install/dynamixel_sdk_examples/share/dynamixel_sdk_examples/package.dsv'
[3.094s] DEBUG:colcon.colcon_core.event_handler.log_command:Invoked command in '/home/user/ros2_ws/build/dynamixel_sdk_examples' returned '0': CMAKE_PREFIX_PATH=/home/user/ros2_ws/install/dynamixel_sdk_custom_interfaces:/home/user/ros2_ws/install/dynamixel_sdk:/home/user/ros2_ws/install/spawn_solo:/home/user/ros2_ws/install/spawn_robot:/home/user/ros2_ws/install/solo_description:/home/user/ros2_ws/install/rrbot_unit5:/home/user/ros2_ws/install/rrbot_unit4:/home/user/ros2_ws/install/rrbot_unit3:/home/user/ros2_ws/install/rrbot_unit2:/home/user/ros2_ws/install/rrbot_controller:/home/user/ros2_ws/install/my_robot_hardware_interface:/home/user/ros2_ws/install/my_robot_bringup:/home/user/ros2_ws/install/my_quadruped_bringup:/home/user/ros2_ws/install/dynamixel_workbench:/home/user/ros2_ws/install/dynamixel_hardware_interface:/home/user/ros2_ws/install/dynamixel_workbench_toolbox:/home/user/ros2_ws/install/dynamixel_sdk_examples:/home/user/ros2_ws/install/diffbot_sim:/home/user/ros2_ws/install/diffbot_description:/home/simulations/ros2_sims_ws/install/unit6_simulation:/home/simulations/ros2_sims_ws/install/rrbot_sim:/home/simulations/ros2_sims_ws/install/rmw_cyclonedds_cpp:/home/simulations/ros2_sims_ws/install/cyclonedds:/opt/ros/jazzy/opt/gz_sim_vendor:/opt/ros/jazzy/opt/gz_sensors_vendor:/opt/ros/jazzy/opt/gz_physics_vendor:/opt/ros/jazzy/opt/sdformat_vendor:/opt/ros/jazzy/opt/gz_gui_vendor:/opt/ros/jazzy/opt/gz_transport_vendor:/opt/ros/jazzy/opt/gz_rendering_vendor:/opt/ros/jazzy/opt/gz_plugin_vendor:/opt/ros/jazzy/opt/gz_fuel_tools_vendor:/opt/ros/jazzy/opt/gz_msgs_vendor:/opt/ros/jazzy/opt/gz_common_vendor:/opt/ros/jazzy/opt/gz_math_vendor:/opt/ros/jazzy/opt/gz_utils_vendor:/opt/ros/jazzy/opt/gz_tools_vendor:/opt/ros/jazzy/opt/gz_ogre_next_vendor:/opt/ros/jazzy/opt/gz_dartsim_vendor:/opt/ros/jazzy/opt/gz_cmake_vendor:/opt/ros/jazzy:/opt/ros/jazzy:/home/user/ros2_ws/install/joint_trajectory_publisher:/home/user/ros2_ws/install/joint_trajectory_demo LD_LIBRARY_PATH=/home/user/ros2_ws/install/dynamixel_sdk_custom_interfaces/lib:/home/user/ros2_ws/install/dynamixel_sdk/lib:/home/user/ros2_ws/install/rrbot_controller/lib:/home/user/ros2_ws/install/my_robot_hardware_interface/lib:/home/user/ros2_ws/install/dynamixel_hardware_interface/lib:/home/user/ros2_ws/install/dynamixel_workbench_toolbox/lib:/home/simulations/ros2_sims_ws/install/rmw_cyclonedds_cpp/lib:/home/simulations/ros2_sims_ws/install/cyclonedds/lib:/home/user/catkin_ws/devel/lib:/home/simulations/public_sim_ws/devel/lib:/opt/ros/jazzy/lib:/opt/ros/jazzy/lib/x86_64-linux-gnu:/usr/local/cuda-10.2/lib64:/home/user/.catkin_ws_python3/src/TensorRT-7.0.0.11/lib:/home/user/catkin_ws/devel/lib:/home/simulations/public_sim_ws/devel/lib:/opt/ros/jazzy/lib:/opt/ros/jazzy/lib/x86_64-linux-gnu:/opt/ros/jazzy/opt/gz_sim_vendor/lib:/opt/ros/jazzy/opt/gz_sensors_vendor/lib:/opt/ros/jazzy/opt/gz_physics_vendor/lib:/opt/ros/jazzy/opt/sdformat_vendor/lib:/opt/ros/jazzy/opt/rviz_ogre_vendor/lib:/opt/ros/jazzy/lib/x86_64-linux-gnu:/opt/ros/jazzy/opt/gz_gui_vendor/lib:/opt/ros/jazzy/opt/gz_transport_vendor/lib:/opt/ros/jazzy/opt/gz_rendering_vendor/lib:/opt/ros/jazzy/opt/gz_plugin_vendor/lib:/opt/ros/jazzy/opt/gz_fuel_tools_vendor/lib:/opt/ros/jazzy/opt/gz_msgs_vendor/lib:/opt/ros/jazzy/opt/gz_common_vendor/lib:/opt/ros/jazzy/opt/gz_math_vendor/lib:/opt/ros/jazzy/opt/gz_utils_vendor/lib:/opt/ros/jazzy/opt/gz_tools_vendor/lib:/opt/ros/jazzy/opt/gz_ogre_next_vendor/lib:/opt/ros/jazzy/opt/gz_dartsim_vendor/lib:/opt/ros/jazzy/opt/gz_cmake_vendor/lib:/opt/ros/jazzy/lib:/usr/local/cuda-10.2/lib64:/home/user/.catkin_ws_python3/src/TensorRT-7.0.0.11/lib PYTHONPATH=/home/user/ros2_ws/install/dynamixel_sdk_custom_interfaces/lib/python3.12/site-packages:/home/user/ros2_ws/install/joint_trajectory_publisher/lib/python3.12/site-packages:/home/user/ros2_ws/install/joint_trajectory_demo/lib/python3.12/site-packages:/opt/ros/jazzy/lib/python3.12/site-packages:/home/simulations/public_sim_ws/src/all/ros_basics_examples/python_course_class:/home/simulations/public_sim_ws/src/ros_basics_examples/python_course_class:/home/simulations/public_sim_ws/src/all/kinematics_course_utils/kinematics _=/usr/bin/env /usr/bin/cmake --install /home/user/ros2_ws/build/dynamixel_sdk_examples
[3.095s] INFO:colcon.colcon_core.shell:Creating package script '/home/user/ros2_ws/install/dynamixel_sdk_examples/share/dynamixel_sdk_examples/package.sh'
[3.095s] INFO:colcon.colcon_core.shell:Creating package script '/home/user/ros2_ws/install/dynamixel_sdk_examples/share/dynamixel_sdk_examples/package.bash'
[3.096s] INFO:colcon.colcon_core.shell:Creating package script '/home/user/ros2_ws/install/dynamixel_sdk_examples/share/dynamixel_sdk_examples/package.zsh'
[3.096s] Level 1:colcon.colcon_core.environment:create_file_with_runtime_dependencies(/home/user/ros2_ws/install/dynamixel_sdk_examples/share/colcon-core/packages/dynamixel_sdk_examples)
[3.097s] Level 1:colcon.colcon_core.environment:create_environment_scripts_only(dynamixel_sdk_examples)
[3.097s] Level 1:colcon.colcon_core.environment:checking '/home/user/ros2_ws/install/dynamixel_sdk_examples' for CMake module files
[3.098s] Level 1:colcon.colcon_core.environment:checking '/home/user/ros2_ws/install/dynamixel_sdk_examples' for CMake config files
[3.098s] Level 1:colcon.colcon_core.shell:create_environment_hook('dynamixel_sdk_examples', 'cmake_prefix_path')
[3.099s] INFO:colcon.colcon_core.shell:Creating environment hook '/home/user/ros2_ws/install/dynamixel_sdk_examples/share/dynamixel_sdk_examples/hook/cmake_prefix_path.ps1'
[3.099s] INFO:colcon.colcon_core.shell:Creating environment descriptor '/home/user/ros2_ws/install/dynamixel_sdk_examples/share/dynamixel_sdk_examples/hook/cmake_prefix_path.dsv'
[3.100s] INFO:colcon.colcon_core.shell:Creating environment hook '/home/user/ros2_ws/install/dynamixel_sdk_examples/share/dynamixel_sdk_examples/hook/cmake_prefix_path.sh'
[3.100s] Level 1:colcon.colcon_core.environment:checking '/home/user/ros2_ws/install/dynamixel_sdk_examples/lib'
[3.100s] Level 1:colcon.colcon_core.environment:checking '/home/user/ros2_ws/install/dynamixel_sdk_examples/bin'
[3.101s] Level 1:colcon.colcon_core.environment:checking '/home/user/ros2_ws/install/dynamixel_sdk_examples/lib/pkgconfig/dynamixel_sdk_examples.pc'
[3.103s] Level 1:colcon.colcon_core.environment:checking '/home/user/ros2_ws/install/dynamixel_sdk_examples/lib/python3.12/site-packages'
[3.104s] Level 1:colcon.colcon_core.environment:checking '/home/user/ros2_ws/install/dynamixel_sdk_examples/bin'
[3.104s] INFO:colcon.colcon_core.shell:Creating package script '/home/user/ros2_ws/install/dynamixel_sdk_examples/share/dynamixel_sdk_examples/package.ps1'
[3.105s] INFO:colcon.colcon_core.shell:Creating package descriptor '/home/user/ros2_ws/install/dynamixel_sdk_examples/share/dynamixel_sdk_examples/package.dsv'
[3.106s] INFO:colcon.colcon_core.shell:Creating package script '/home/user/ros2_ws/install/dynamixel_sdk_examples/share/dynamixel_sdk_examples/package.sh'
[3.107s] INFO:colcon.colcon_core.shell:Creating package script '/home/user/ros2_ws/install/dynamixel_sdk_examples/share/dynamixel_sdk_examples/package.bash'
[3.107s] INFO:colcon.colcon_core.shell:Creating package script '/home/user/ros2_ws/install/dynamixel_sdk_examples/share/dynamixel_sdk_examples/package.zsh'
[3.119s] Level 1:colcon.colcon_core.environment:create_file_with_runtime_dependencies(/home/user/ros2_ws/install/dynamixel_sdk_examples/share/colcon-core/packages/dynamixel_sdk_examples)
[3.122s] Level 1:colcon.colcon_core.environment:create_environment_scripts_only(dynamixel_hardware_interface)
[3.122s] Level 1:colcon.colcon_core.environment:checking '/home/user/ros2_ws/install/dynamixel_hardware_interface' for CMake module files
[3.123s] Level 1:colcon.colcon_core.environment:checking '/home/user/ros2_ws/install/dynamixel_hardware_interface' for CMake config files
[3.123s] Level 1:colcon.colcon_core.shell:create_environment_hook('dynamixel_hardware_interface', 'cmake_prefix_path')
[3.123s] INFO:colcon.colcon_core.shell:Creating environment hook '/home/user/ros2_ws/install/dynamixel_hardware_interface/share/dynamixel_hardware_interface/hook/cmake_prefix_path.ps1'
[3.124s] INFO:colcon.colcon_core.shell:Creating environment descriptor '/home/user/ros2_ws/install/dynamixel_hardware_interface/share/dynamixel_hardware_interface/hook/cmake_prefix_path.dsv'
[3.124s] INFO:colcon.colcon_core.shell:Creating environment hook '/home/user/ros2_ws/install/dynamixel_hardware_interface/share/dynamixel_hardware_interface/hook/cmake_prefix_path.sh'
[3.125s] Level 1:colcon.colcon_core.environment:checking '/home/user/ros2_ws/install/dynamixel_hardware_interface/lib'
[3.125s] Level 1:colcon.colcon_core.shell:create_environment_hook('dynamixel_hardware_interface', 'ld_library_path_lib')
[3.125s] INFO:colcon.colcon_core.shell:Creating environment hook '/home/user/ros2_ws/install/dynamixel_hardware_interface/share/dynamixel_hardware_interface/hook/ld_library_path_lib.ps1'
[3.126s] INFO:colcon.colcon_core.shell:Creating environment descriptor '/home/user/ros2_ws/install/dynamixel_hardware_interface/share/dynamixel_hardware_interface/hook/ld_library_path_lib.dsv'
[3.126s] INFO:colcon.colcon_core.shell:Creating environment hook '/home/user/ros2_ws/install/dynamixel_hardware_interface/share/dynamixel_hardware_interface/hook/ld_library_path_lib.sh'
[3.127s] Level 1:colcon.colcon_core.environment:checking '/home/user/ros2_ws/install/dynamixel_hardware_interface/bin'
[3.127s] Level 1:colcon.colcon_core.environment:checking '/home/user/ros2_ws/install/dynamixel_hardware_interface/lib/pkgconfig/dynamixel_hardware_interface.pc'
[3.127s] Level 1:colcon.colcon_core.environment:checking '/home/user/ros2_ws/install/dynamixel_hardware_interface/lib/python3.12/site-packages'
[3.127s] Level 1:colcon.colcon_core.environment:checking '/home/user/ros2_ws/install/dynamixel_hardware_interface/bin'
[3.128s] INFO:colcon.colcon_core.shell:Creating package script '/home/user/ros2_ws/install/dynamixel_hardware_interface/share/dynamixel_hardware_interface/package.ps1'
[3.128s] INFO:colcon.colcon_core.shell:Creating package descriptor '/home/user/ros2_ws/install/dynamixel_hardware_interface/share/dynamixel_hardware_interface/package.dsv'
[3.129s] INFO:colcon.colcon_core.shell:Creating package script '/home/user/ros2_ws/install/dynamixel_hardware_interface/share/dynamixel_hardware_interface/package.sh'
[3.130s] DEBUG:colcon.colcon_core.event_handler.log_command:Invoked command in '/home/user/ros2_ws/build/dynamixel_hardware_interface' returned '0': CMAKE_PREFIX_PATH=/home/user/ros2_ws/install/dynamixel_workbench_toolbox:/home/user/ros2_ws/install/dynamixel_sdk:/home/user/ros2_ws/install/spawn_solo:/home/user/ros2_ws/install/spawn_robot:/home/user/ros2_ws/install/solo_description:/home/user/ros2_ws/install/rrbot_unit5:/home/user/ros2_ws/install/rrbot_unit4:/home/user/ros2_ws/install/rrbot_unit3:/home/user/ros2_ws/install/rrbot_unit2:/home/user/ros2_ws/install/rrbot_controller:/home/user/ros2_ws/install/my_robot_hardware_interface:/home/user/ros2_ws/install/my_robot_bringup:/home/user/ros2_ws/install/my_quadruped_bringup:/home/user/ros2_ws/install/dynamixel_workbench:/home/user/ros2_ws/install/dynamixel_hardware_interface:/home/user/ros2_ws/install/dynamixel_sdk_examples:/home/user/ros2_ws/install/dynamixel_sdk_custom_interfaces:/home/user/ros2_ws/install/diffbot_sim:/home/user/ros2_ws/install/diffbot_description:/home/simulations/ros2_sims_ws/install/unit6_simulation:/home/simulations/ros2_sims_ws/install/rrbot_sim:/home/simulations/ros2_sims_ws/install/rmw_cyclonedds_cpp:/home/simulations/ros2_sims_ws/install/cyclonedds:/opt/ros/jazzy/opt/gz_sim_vendor:/opt/ros/jazzy/opt/gz_sensors_vendor:/opt/ros/jazzy/opt/gz_physics_vendor:/opt/ros/jazzy/opt/sdformat_vendor:/opt/ros/jazzy/opt/gz_gui_vendor:/opt/ros/jazzy/opt/gz_transport_vendor:/opt/ros/jazzy/opt/gz_rendering_vendor:/opt/ros/jazzy/opt/gz_plugin_vendor:/opt/ros/jazzy/opt/gz_fuel_tools_vendor:/opt/ros/jazzy/opt/gz_msgs_vendor:/opt/ros/jazzy/opt/gz_common_vendor:/opt/ros/jazzy/opt/gz_math_vendor:/opt/ros/jazzy/opt/gz_utils_vendor:/opt/ros/jazzy/opt/gz_tools_vendor:/opt/ros/jazzy/opt/gz_ogre_next_vendor:/opt/ros/jazzy/opt/gz_dartsim_vendor:/opt/ros/jazzy/opt/gz_cmake_vendor:/opt/ros/jazzy:/opt/ros/jazzy:/home/user/ros2_ws/install/joint_trajectory_publisher:/home/user/ros2_ws/install/joint_trajectory_demo LD_LIBRARY_PATH=/home/user/ros2_ws/install/dynamixel_workbench_toolbox/lib:/home/user/ros2_ws/install/dynamixel_sdk/lib:/home/user/ros2_ws/install/rrbot_controller/lib:/home/user/ros2_ws/install/my_robot_hardware_interface/lib:/home/user/ros2_ws/install/dynamixel_hardware_interface/lib:/home/user/ros2_ws/install/dynamixel_sdk_custom_interfaces/lib:/home/simulations/ros2_sims_ws/install/rmw_cyclonedds_cpp/lib:/home/simulations/ros2_sims_ws/install/cyclonedds/lib:/home/user/catkin_ws/devel/lib:/home/simulations/public_sim_ws/devel/lib:/opt/ros/jazzy/lib:/opt/ros/jazzy/lib/x86_64-linux-gnu:/usr/local/cuda-10.2/lib64:/home/user/.catkin_ws_python3/src/TensorRT-7.0.0.11/lib:/home/user/catkin_ws/devel/lib:/home/simulations/public_sim_ws/devel/lib:/opt/ros/jazzy/lib:/opt/ros/jazzy/lib/x86_64-linux-gnu:/opt/ros/jazzy/opt/gz_sim_vendor/lib:/opt/ros/jazzy/opt/gz_sensors_vendor/lib:/opt/ros/jazzy/opt/gz_physics_vendor/lib:/opt/ros/jazzy/opt/sdformat_vendor/lib:/opt/ros/jazzy/opt/rviz_ogre_vendor/lib:/opt/ros/jazzy/lib/x86_64-linux-gnu:/opt/ros/jazzy/opt/gz_gui_vendor/lib:/opt/ros/jazzy/opt/gz_transport_vendor/lib:/opt/ros/jazzy/opt/gz_rendering_vendor/lib:/opt/ros/jazzy/opt/gz_plugin_vendor/lib:/opt/ros/jazzy/opt/gz_fuel_tools_vendor/lib:/opt/ros/jazzy/opt/gz_msgs_vendor/lib:/opt/ros/jazzy/opt/gz_common_vendor/lib:/opt/ros/jazzy/opt/gz_math_vendor/lib:/opt/ros/jazzy/opt/gz_utils_vendor/lib:/opt/ros/jazzy/opt/gz_tools_vendor/lib:/opt/ros/jazzy/opt/gz_ogre_next_vendor/lib:/opt/ros/jazzy/opt/gz_dartsim_vendor/lib:/opt/ros/jazzy/opt/gz_cmake_vendor/lib:/opt/ros/jazzy/lib:/usr/local/cuda-10.2/lib64:/home/user/.catkin_ws_python3/src/TensorRT-7.0.0.11/lib _=/usr/bin/env /usr/bin/cmake --install /home/user/ros2_ws/build/dynamixel_hardware_interface
[3.130s] INFO:colcon.colcon_core.shell:Creating package script '/home/user/ros2_ws/install/dynamixel_hardware_interface/share/dynamixel_hardware_interface/package.bash'
[3.131s] INFO:colcon.colcon_core.shell:Creating package script '/home/user/ros2_ws/install/dynamixel_hardware_interface/share/dynamixel_hardware_interface/package.zsh'
[3.132s] Level 1:colcon.colcon_core.environment:create_file_with_runtime_dependencies(/home/user/ros2_ws/install/dynamixel_hardware_interface/share/colcon-core/packages/dynamixel_hardware_interface)
[3.132s] Level 1:colcon.colcon_core.environment:create_environment_scripts_only(dynamixel_hardware_interface)
[3.133s] Level 1:colcon.colcon_core.environment:checking '/home/user/ros2_ws/install/dynamixel_hardware_interface' for CMake module files
[3.133s] Level 1:colcon.colcon_core.environment:checking '/home/user/ros2_ws/install/dynamixel_hardware_interface' for CMake config files
[3.134s] Level 1:colcon.colcon_core.shell:create_environment_hook('dynamixel_hardware_interface', 'cmake_prefix_path')
[3.134s] INFO:colcon.colcon_core.shell:Creating environment hook '/home/user/ros2_ws/install/dynamixel_hardware_interface/share/dynamixel_hardware_interface/hook/cmake_prefix_path.ps1'
[3.135s] INFO:colcon.colcon_core.shell:Creating environment descriptor '/home/user/ros2_ws/install/dynamixel_hardware_interface/share/dynamixel_hardware_interface/hook/cmake_prefix_path.dsv'
[3.135s] INFO:colcon.colcon_core.shell:Creating environment hook '/home/user/ros2_ws/install/dynamixel_hardware_interface/share/dynamixel_hardware_interface/hook/cmake_prefix_path.sh'
[3.136s] Level 1:colcon.colcon_core.environment:checking '/home/user/ros2_ws/install/dynamixel_hardware_interface/lib'
[3.136s] Level 1:colcon.colcon_core.shell:create_environment_hook('dynamixel_hardware_interface', 'ld_library_path_lib')
[3.136s] INFO:colcon.colcon_core.shell:Creating environment hook '/home/user/ros2_ws/install/dynamixel_hardware_interface/share/dynamixel_hardware_interface/hook/ld_library_path_lib.ps1'
[3.137s] INFO:colcon.colcon_core.shell:Creating environment descriptor '/home/user/ros2_ws/install/dynamixel_hardware_interface/share/dynamixel_hardware_interface/hook/ld_library_path_lib.dsv'
[3.137s] INFO:colcon.colcon_core.shell:Creating environment hook '/home/user/ros2_ws/install/dynamixel_hardware_interface/share/dynamixel_hardware_interface/hook/ld_library_path_lib.sh'
[3.138s] Level 1:colcon.colcon_core.environment:checking '/home/user/ros2_ws/install/dynamixel_hardware_interface/bin'
[3.138s] Level 1:colcon.colcon_core.environment:checking '/home/user/ros2_ws/install/dynamixel_hardware_interface/lib/pkgconfig/dynamixel_hardware_interface.pc'
[3.139s] Level 1:colcon.colcon_core.environment:checking '/home/user/ros2_ws/install/dynamixel_hardware_interface/lib/python3.12/site-packages'
[3.139s] Level 1:colcon.colcon_core.environment:checking '/home/user/ros2_ws/install/dynamixel_hardware_interface/bin'
[3.139s] INFO:colcon.colcon_core.shell:Creating package script '/home/user/ros2_ws/install/dynamixel_hardware_interface/share/dynamixel_hardware_interface/package.ps1'
[3.140s] INFO:colcon.colcon_core.shell:Creating package descriptor '/home/user/ros2_ws/install/dynamixel_hardware_interface/share/dynamixel_hardware_interface/package.dsv'
[3.141s] INFO:colcon.colcon_core.shell:Creating package script '/home/user/ros2_ws/install/dynamixel_hardware_interface/share/dynamixel_hardware_interface/package.sh'
[3.142s] INFO:colcon.colcon_core.shell:Creating package script '/home/user/ros2_ws/install/dynamixel_hardware_interface/share/dynamixel_hardware_interface/package.bash'
[3.142s] INFO:colcon.colcon_core.shell:Creating package script '/home/user/ros2_ws/install/dynamixel_hardware_interface/share/dynamixel_hardware_interface/package.zsh'
[3.143s] Level 1:colcon.colcon_core.environment:create_file_with_runtime_dependencies(/home/user/ros2_ws/install/dynamixel_hardware_interface/share/colcon-core/packages/dynamixel_hardware_interface)
[3.146s] DEBUG:colcon.colcon_core.event_handler.log_command:Invoked command in '/home/user/ros2_ws/build/dynamixel_workbench' returned '0': CMAKE_PREFIX_PATH=/home/user/ros2_ws/install/dynamixel_workbench_toolbox:/home/user/ros2_ws/install/dynamixel_sdk:/home/user/ros2_ws/install/spawn_solo:/home/user/ros2_ws/install/spawn_robot:/home/user/ros2_ws/install/solo_description:/home/user/ros2_ws/install/rrbot_unit5:/home/user/ros2_ws/install/rrbot_unit4:/home/user/ros2_ws/install/rrbot_unit3:/home/user/ros2_ws/install/rrbot_unit2:/home/user/ros2_ws/install/rrbot_controller:/home/user/ros2_ws/install/my_robot_hardware_interface:/home/user/ros2_ws/install/my_robot_bringup:/home/user/ros2_ws/install/my_quadruped_bringup:/home/user/ros2_ws/install/dynamixel_workbench:/home/user/ros2_ws/install/dynamixel_hardware_interface:/home/user/ros2_ws/install/dynamixel_sdk_examples:/home/user/ros2_ws/install/dynamixel_sdk_custom_interfaces:/home/user/ros2_ws/install/diffbot_sim:/home/user/ros2_ws/install/diffbot_description:/home/simulations/ros2_sims_ws/install/unit6_simulation:/home/simulations/ros2_sims_ws/install/rrbot_sim:/home/simulations/ros2_sims_ws/install/rmw_cyclonedds_cpp:/home/simulations/ros2_sims_ws/install/cyclonedds:/opt/ros/jazzy/opt/gz_sim_vendor:/opt/ros/jazzy/opt/gz_sensors_vendor:/opt/ros/jazzy/opt/gz_physics_vendor:/opt/ros/jazzy/opt/sdformat_vendor:/opt/ros/jazzy/opt/gz_gui_vendor:/opt/ros/jazzy/opt/gz_transport_vendor:/opt/ros/jazzy/opt/gz_rendering_vendor:/opt/ros/jazzy/opt/gz_plugin_vendor:/opt/ros/jazzy/opt/gz_fuel_tools_vendor:/opt/ros/jazzy/opt/gz_msgs_vendor:/opt/ros/jazzy/opt/gz_common_vendor:/opt/ros/jazzy/opt/gz_math_vendor:/opt/ros/jazzy/opt/gz_utils_vendor:/opt/ros/jazzy/opt/gz_tools_vendor:/opt/ros/jazzy/opt/gz_ogre_next_vendor:/opt/ros/jazzy/opt/gz_dartsim_vendor:/opt/ros/jazzy/opt/gz_cmake_vendor:/opt/ros/jazzy:/opt/ros/jazzy:/home/user/ros2_ws/install/joint_trajectory_publisher:/home/user/ros2_ws/install/joint_trajectory_demo LD_LIBRARY_PATH=/home/user/ros2_ws/install/dynamixel_workbench_toolbox/lib:/home/user/ros2_ws/install/dynamixel_sdk/lib:/home/user/ros2_ws/install/rrbot_controller/lib:/home/user/ros2_ws/install/my_robot_hardware_interface/lib:/home/user/ros2_ws/install/dynamixel_hardware_interface/lib:/home/user/ros2_ws/install/dynamixel_sdk_custom_interfaces/lib:/home/simulations/ros2_sims_ws/install/rmw_cyclonedds_cpp/lib:/home/simulations/ros2_sims_ws/install/cyclonedds/lib:/home/user/catkin_ws/devel/lib:/home/simulations/public_sim_ws/devel/lib:/opt/ros/jazzy/lib:/opt/ros/jazzy/lib/x86_64-linux-gnu:/usr/local/cuda-10.2/lib64:/home/user/.catkin_ws_python3/src/TensorRT-7.0.0.11/lib:/home/user/catkin_ws/devel/lib:/home/simulations/public_sim_ws/devel/lib:/opt/ros/jazzy/lib:/opt/ros/jazzy/lib/x86_64-linux-gnu:/opt/ros/jazzy/opt/gz_sim_vendor/lib:/opt/ros/jazzy/opt/gz_sensors_vendor/lib:/opt/ros/jazzy/opt/gz_physics_vendor/lib:/opt/ros/jazzy/opt/sdformat_vendor/lib:/opt/ros/jazzy/opt/rviz_ogre_vendor/lib:/opt/ros/jazzy/lib/x86_64-linux-gnu:/opt/ros/jazzy/opt/gz_gui_vendor/lib:/opt/ros/jazzy/opt/gz_transport_vendor/lib:/opt/ros/jazzy/opt/gz_rendering_vendor/lib:/opt/ros/jazzy/opt/gz_plugin_vendor/lib:/opt/ros/jazzy/opt/gz_fuel_tools_vendor/lib:/opt/ros/jazzy/opt/gz_msgs_vendor/lib:/opt/ros/jazzy/opt/gz_common_vendor/lib:/opt/ros/jazzy/opt/gz_math_vendor/lib:/opt/ros/jazzy/opt/gz_utils_vendor/lib:/opt/ros/jazzy/opt/gz_tools_vendor/lib:/opt/ros/jazzy/opt/gz_ogre_next_vendor/lib:/opt/ros/jazzy/opt/gz_dartsim_vendor/lib:/opt/ros/jazzy/opt/gz_cmake_vendor/lib:/opt/ros/jazzy/lib:/usr/local/cuda-10.2/lib64:/home/user/.catkin_ws_python3/src/TensorRT-7.0.0.11/lib _=/usr/bin/env /usr/bin/cmake --build /home/user/ros2_ws/build/dynamixel_workbench -- -j8 -l8
[3.147s] DEBUG:colcon.colcon_core.event_handler.log_command:Invoking command in '/home/user/ros2_ws/build/dynamixel_workbench': CMAKE_PREFIX_PATH=/home/user/ros2_ws/install/dynamixel_workbench_toolbox:/home/user/ros2_ws/install/dynamixel_sdk:/home/user/ros2_ws/install/spawn_solo:/home/user/ros2_ws/install/spawn_robot:/home/user/ros2_ws/install/solo_description:/home/user/ros2_ws/install/rrbot_unit5:/home/user/ros2_ws/install/rrbot_unit4:/home/user/ros2_ws/install/rrbot_unit3:/home/user/ros2_ws/install/rrbot_unit2:/home/user/ros2_ws/install/rrbot_controller:/home/user/ros2_ws/install/my_robot_hardware_interface:/home/user/ros2_ws/install/my_robot_bringup:/home/user/ros2_ws/install/my_quadruped_bringup:/home/user/ros2_ws/install/dynamixel_workbench:/home/user/ros2_ws/install/dynamixel_hardware_interface:/home/user/ros2_ws/install/dynamixel_sdk_examples:/home/user/ros2_ws/install/dynamixel_sdk_custom_interfaces:/home/user/ros2_ws/install/diffbot_sim:/home/user/ros2_ws/install/diffbot_description:/home/simulations/ros2_sims_ws/install/unit6_simulation:/home/simulations/ros2_sims_ws/install/rrbot_sim:/home/simulations/ros2_sims_ws/install/rmw_cyclonedds_cpp:/home/simulations/ros2_sims_ws/install/cyclonedds:/opt/ros/jazzy/opt/gz_sim_vendor:/opt/ros/jazzy/opt/gz_sensors_vendor:/opt/ros/jazzy/opt/gz_physics_vendor:/opt/ros/jazzy/opt/sdformat_vendor:/opt/ros/jazzy/opt/gz_gui_vendor:/opt/ros/jazzy/opt/gz_transport_vendor:/opt/ros/jazzy/opt/gz_rendering_vendor:/opt/ros/jazzy/opt/gz_plugin_vendor:/opt/ros/jazzy/opt/gz_fuel_tools_vendor:/opt/ros/jazzy/opt/gz_msgs_vendor:/opt/ros/jazzy/opt/gz_common_vendor:/opt/ros/jazzy/opt/gz_math_vendor:/opt/ros/jazzy/opt/gz_utils_vendor:/opt/ros/jazzy/opt/gz_tools_vendor:/opt/ros/jazzy/opt/gz_ogre_next_vendor:/opt/ros/jazzy/opt/gz_dartsim_vendor:/opt/ros/jazzy/opt/gz_cmake_vendor:/opt/ros/jazzy:/opt/ros/jazzy:/home/user/ros2_ws/install/joint_trajectory_publisher:/home/user/ros2_ws/install/joint_trajectory_demo LD_LIBRARY_PATH=/home/user/ros2_ws/install/dynamixel_workbench_toolbox/lib:/home/user/ros2_ws/install/dynamixel_sdk/lib:/home/user/ros2_ws/install/rrbot_controller/lib:/home/user/ros2_ws/install/my_robot_hardware_interface/lib:/home/user/ros2_ws/install/dynamixel_hardware_interface/lib:/home/user/ros2_ws/install/dynamixel_sdk_custom_interfaces/lib:/home/simulations/ros2_sims_ws/install/rmw_cyclonedds_cpp/lib:/home/simulations/ros2_sims_ws/install/cyclonedds/lib:/home/user/catkin_ws/devel/lib:/home/simulations/public_sim_ws/devel/lib:/opt/ros/jazzy/lib:/opt/ros/jazzy/lib/x86_64-linux-gnu:/usr/local/cuda-10.2/lib64:/home/user/.catkin_ws_python3/src/TensorRT-7.0.0.11/lib:/home/user/catkin_ws/devel/lib:/home/simulations/public_sim_ws/devel/lib:/opt/ros/jazzy/lib:/opt/ros/jazzy/lib/x86_64-linux-gnu:/opt/ros/jazzy/opt/gz_sim_vendor/lib:/opt/ros/jazzy/opt/gz_sensors_vendor/lib:/opt/ros/jazzy/opt/gz_physics_vendor/lib:/opt/ros/jazzy/opt/sdformat_vendor/lib:/opt/ros/jazzy/opt/rviz_ogre_vendor/lib:/opt/ros/jazzy/lib/x86_64-linux-gnu:/opt/ros/jazzy/opt/gz_gui_vendor/lib:/opt/ros/jazzy/opt/gz_transport_vendor/lib:/opt/ros/jazzy/opt/gz_rendering_vendor/lib:/opt/ros/jazzy/opt/gz_plugin_vendor/lib:/opt/ros/jazzy/opt/gz_fuel_tools_vendor/lib:/opt/ros/jazzy/opt/gz_msgs_vendor/lib:/opt/ros/jazzy/opt/gz_common_vendor/lib:/opt/ros/jazzy/opt/gz_math_vendor/lib:/opt/ros/jazzy/opt/gz_utils_vendor/lib:/opt/ros/jazzy/opt/gz_tools_vendor/lib:/opt/ros/jazzy/opt/gz_ogre_next_vendor/lib:/opt/ros/jazzy/opt/gz_dartsim_vendor/lib:/opt/ros/jazzy/opt/gz_cmake_vendor/lib:/opt/ros/jazzy/lib:/usr/local/cuda-10.2/lib64:/home/user/.catkin_ws_python3/src/TensorRT-7.0.0.11/lib _=/usr/bin/env /usr/bin/cmake --install /home/user/ros2_ws/build/dynamixel_workbench
[3.168s] Level 1:colcon.colcon_core.environment:create_environment_scripts_only(dynamixel_workbench)
[3.168s] Level 1:colcon.colcon_core.environment:checking '/home/user/ros2_ws/install/dynamixel_workbench' for CMake module files
[3.170s] Level 1:colcon.colcon_core.environment:checking '/home/user/ros2_ws/install/dynamixel_workbench' for CMake config files
[3.170s] Level 1:colcon.colcon_core.shell:create_environment_hook('dynamixel_workbench', 'cmake_prefix_path')
[3.170s] INFO:colcon.colcon_core.shell:Creating environment hook '/home/user/ros2_ws/install/dynamixel_workbench/share/dynamixel_workbench/hook/cmake_prefix_path.ps1'
[3.171s] INFO:colcon.colcon_core.shell:Creating environment descriptor '/home/user/ros2_ws/install/dynamixel_workbench/share/dynamixel_workbench/hook/cmake_prefix_path.dsv'
[3.171s] INFO:colcon.colcon_core.shell:Creating environment hook '/home/user/ros2_ws/install/dynamixel_workbench/share/dynamixel_workbench/hook/cmake_prefix_path.sh'
[3.173s] Level 1:colcon.colcon_core.environment:checking '/home/user/ros2_ws/install/dynamixel_workbench/bin'
[3.173s] Level 1:colcon.colcon_core.environment:checking '/home/user/ros2_ws/install/dynamixel_workbench/lib/pkgconfig/dynamixel_workbench.pc'
[3.173s] Level 1:colcon.colcon_core.environment:checking '/home/user/ros2_ws/install/dynamixel_workbench/lib/python3.12/site-packages'
[3.174s] Level 1:colcon.colcon_core.environment:checking '/home/user/ros2_ws/install/dynamixel_workbench/bin'
[3.174s] DEBUG:colcon.colcon_core.event_handler.log_command:Invoked command in '/home/user/ros2_ws/build/dynamixel_workbench' returned '0': CMAKE_PREFIX_PATH=/home/user/ros2_ws/install/dynamixel_workbench_toolbox:/home/user/ros2_ws/install/dynamixel_sdk:/home/user/ros2_ws/install/spawn_solo:/home/user/ros2_ws/install/spawn_robot:/home/user/ros2_ws/install/solo_description:/home/user/ros2_ws/install/rrbot_unit5:/home/user/ros2_ws/install/rrbot_unit4:/home/user/ros2_ws/install/rrbot_unit3:/home/user/ros2_ws/install/rrbot_unit2:/home/user/ros2_ws/install/rrbot_controller:/home/user/ros2_ws/install/my_robot_hardware_interface:/home/user/ros2_ws/install/my_robot_bringup:/home/user/ros2_ws/install/my_quadruped_bringup:/home/user/ros2_ws/install/dynamixel_workbench:/home/user/ros2_ws/install/dynamixel_hardware_interface:/home/user/ros2_ws/install/dynamixel_sdk_examples:/home/user/ros2_ws/install/dynamixel_sdk_custom_interfaces:/home/user/ros2_ws/install/diffbot_sim:/home/user/ros2_ws/install/diffbot_description:/home/simulations/ros2_sims_ws/install/unit6_simulation:/home/simulations/ros2_sims_ws/install/rrbot_sim:/home/simulations/ros2_sims_ws/install/rmw_cyclonedds_cpp:/home/simulations/ros2_sims_ws/install/cyclonedds:/opt/ros/jazzy/opt/gz_sim_vendor:/opt/ros/jazzy/opt/gz_sensors_vendor:/opt/ros/jazzy/opt/gz_physics_vendor:/opt/ros/jazzy/opt/sdformat_vendor:/opt/ros/jazzy/opt/gz_gui_vendor:/opt/ros/jazzy/opt/gz_transport_vendor:/opt/ros/jazzy/opt/gz_rendering_vendor:/opt/ros/jazzy/opt/gz_plugin_vendor:/opt/ros/jazzy/opt/gz_fuel_tools_vendor:/opt/ros/jazzy/opt/gz_msgs_vendor:/opt/ros/jazzy/opt/gz_common_vendor:/opt/ros/jazzy/opt/gz_math_vendor:/opt/ros/jazzy/opt/gz_utils_vendor:/opt/ros/jazzy/opt/gz_tools_vendor:/opt/ros/jazzy/opt/gz_ogre_next_vendor:/opt/ros/jazzy/opt/gz_dartsim_vendor:/opt/ros/jazzy/opt/gz_cmake_vendor:/opt/ros/jazzy:/opt/ros/jazzy:/home/user/ros2_ws/install/joint_trajectory_publisher:/home/user/ros2_ws/install/joint_trajectory_demo LD_LIBRARY_PATH=/home/user/ros2_ws/install/dynamixel_workbench_toolbox/lib:/home/user/ros2_ws/install/dynamixel_sdk/lib:/home/user/ros2_ws/install/rrbot_controller/lib:/home/user/ros2_ws/install/my_robot_hardware_interface/lib:/home/user/ros2_ws/install/dynamixel_hardware_interface/lib:/home/user/ros2_ws/install/dynamixel_sdk_custom_interfaces/lib:/home/simulations/ros2_sims_ws/install/rmw_cyclonedds_cpp/lib:/home/simulations/ros2_sims_ws/install/cyclonedds/lib:/home/user/catkin_ws/devel/lib:/home/simulations/public_sim_ws/devel/lib:/opt/ros/jazzy/lib:/opt/ros/jazzy/lib/x86_64-linux-gnu:/usr/local/cuda-10.2/lib64:/home/user/.catkin_ws_python3/src/TensorRT-7.0.0.11/lib:/home/user/catkin_ws/devel/lib:/home/simulations/public_sim_ws/devel/lib:/opt/ros/jazzy/lib:/opt/ros/jazzy/lib/x86_64-linux-gnu:/opt/ros/jazzy/opt/gz_sim_vendor/lib:/opt/ros/jazzy/opt/gz_sensors_vendor/lib:/opt/ros/jazzy/opt/gz_physics_vendor/lib:/opt/ros/jazzy/opt/sdformat_vendor/lib:/opt/ros/jazzy/opt/rviz_ogre_vendor/lib:/opt/ros/jazzy/lib/x86_64-linux-gnu:/opt/ros/jazzy/opt/gz_gui_vendor/lib:/opt/ros/jazzy/opt/gz_transport_vendor/lib:/opt/ros/jazzy/opt/gz_rendering_vendor/lib:/opt/ros/jazzy/opt/gz_plugin_vendor/lib:/opt/ros/jazzy/opt/gz_fuel_tools_vendor/lib:/opt/ros/jazzy/opt/gz_msgs_vendor/lib:/opt/ros/jazzy/opt/gz_common_vendor/lib:/opt/ros/jazzy/opt/gz_math_vendor/lib:/opt/ros/jazzy/opt/gz_utils_vendor/lib:/opt/ros/jazzy/opt/gz_tools_vendor/lib:/opt/ros/jazzy/opt/gz_ogre_next_vendor/lib:/opt/ros/jazzy/opt/gz_dartsim_vendor/lib:/opt/ros/jazzy/opt/gz_cmake_vendor/lib:/opt/ros/jazzy/lib:/usr/local/cuda-10.2/lib64:/home/user/.catkin_ws_python3/src/TensorRT-7.0.0.11/lib _=/usr/bin/env /usr/bin/cmake --install /home/user/ros2_ws/build/dynamixel_workbench
[3.174s] INFO:colcon.colcon_core.shell:Creating package script '/home/user/ros2_ws/install/dynamixel_workbench/share/dynamixel_workbench/package.ps1'
[3.175s] INFO:colcon.colcon_core.shell:Creating package descriptor '/home/user/ros2_ws/install/dynamixel_workbench/share/dynamixel_workbench/package.dsv'
[3.175s] INFO:colcon.colcon_core.shell:Creating package script '/home/user/ros2_ws/install/dynamixel_workbench/share/dynamixel_workbench/package.sh'
[3.176s] INFO:colcon.colcon_core.shell:Creating package script '/home/user/ros2_ws/install/dynamixel_workbench/share/dynamixel_workbench/package.bash'
[3.177s] INFO:colcon.colcon_core.shell:Creating package script '/home/user/ros2_ws/install/dynamixel_workbench/share/dynamixel_workbench/package.zsh'
[3.177s] Level 1:colcon.colcon_core.environment:create_file_with_runtime_dependencies(/home/user/ros2_ws/install/dynamixel_workbench/share/colcon-core/packages/dynamixel_workbench)
[3.178s] Level 1:colcon.colcon_core.environment:create_environment_scripts_only(dynamixel_workbench)
[3.178s] Level 1:colcon.colcon_core.environment:checking '/home/user/ros2_ws/install/dynamixel_workbench' for CMake module files
[3.178s] Level 1:colcon.colcon_core.environment:checking '/home/user/ros2_ws/install/dynamixel_workbench' for CMake config files
[3.179s] Level 1:colcon.colcon_core.shell:create_environment_hook('dynamixel_workbench', 'cmake_prefix_path')
[3.179s] INFO:colcon.colcon_core.shell:Creating environment hook '/home/user/ros2_ws/install/dynamixel_workbench/share/dynamixel_workbench/hook/cmake_prefix_path.ps1'
[3.182s] INFO:colcon.colcon_core.shell:Creating environment descriptor '/home/user/ros2_ws/install/dynamixel_workbench/share/dynamixel_workbench/hook/cmake_prefix_path.dsv'
[3.182s] INFO:colcon.colcon_core.shell:Creating environment hook '/home/user/ros2_ws/install/dynamixel_workbench/share/dynamixel_workbench/hook/cmake_prefix_path.sh'
[3.183s] Level 1:colcon.colcon_core.environment:checking '/home/user/ros2_ws/install/dynamixel_workbench/bin'
[3.183s] Level 1:colcon.colcon_core.environment:checking '/home/user/ros2_ws/install/dynamixel_workbench/lib/pkgconfig/dynamixel_workbench.pc'
[3.183s] Level 1:colcon.colcon_core.environment:checking '/home/user/ros2_ws/install/dynamixel_workbench/lib/python3.12/site-packages'
[3.184s] Level 1:colcon.colcon_core.environment:checking '/home/user/ros2_ws/install/dynamixel_workbench/bin'
[3.184s] INFO:colcon.colcon_core.shell:Creating package script '/home/user/ros2_ws/install/dynamixel_workbench/share/dynamixel_workbench/package.ps1'
[3.184s] INFO:colcon.colcon_core.shell:Creating package descriptor '/home/user/ros2_ws/install/dynamixel_workbench/share/dynamixel_workbench/package.dsv'
[3.186s] INFO:colcon.colcon_core.shell:Creating package script '/home/user/ros2_ws/install/dynamixel_workbench/share/dynamixel_workbench/package.sh'
[3.186s] INFO:colcon.colcon_core.shell:Creating package script '/home/user/ros2_ws/install/dynamixel_workbench/share/dynamixel_workbench/package.bash'
[3.187s] INFO:colcon.colcon_core.shell:Creating package script '/home/user/ros2_ws/install/dynamixel_workbench/share/dynamixel_workbench/package.zsh'
[3.187s] Level 1:colcon.colcon_core.environment:create_file_with_runtime_dependencies(/home/user/ros2_ws/install/dynamixel_workbench/share/colcon-core/packages/dynamixel_workbench)
[3.755s] Level 1:colcon.colcon_core.environment:checking '/home/user/ros2_ws/install/joint_trajectory_demo' for CMake module files
[3.756s] Level 1:colcon.colcon_core.environment:checking '/home/user/ros2_ws/install/joint_trajectory_demo' for CMake config files
[3.757s] Level 1:colcon.colcon_core.environment:checking '/home/user/ros2_ws/install/joint_trajectory_demo/lib'
[3.757s] Level 1:colcon.colcon_core.environment:checking '/home/user/ros2_ws/install/joint_trajectory_demo/bin'
[3.758s] Level 1:colcon.colcon_core.environment:checking '/home/user/ros2_ws/install/joint_trajectory_demo/lib/pkgconfig/joint_trajectory_demo.pc'
[3.758s] Level 1:colcon.colcon_core.environment:checking '/home/user/ros2_ws/install/joint_trajectory_demo/lib/python3.12/site-packages'
[3.758s] Level 1:colcon.colcon_core.shell:create_environment_hook('joint_trajectory_demo', 'pythonpath')
[3.758s] INFO:colcon.colcon_core.shell:Creating environment hook '/home/user/ros2_ws/install/joint_trajectory_demo/share/joint_trajectory_demo/hook/pythonpath.ps1'
[3.760s] INFO:colcon.colcon_core.shell:Creating environment descriptor '/home/user/ros2_ws/install/joint_trajectory_demo/share/joint_trajectory_demo/hook/pythonpath.dsv'
[3.760s] INFO:colcon.colcon_core.shell:Creating environment hook '/home/user/ros2_ws/install/joint_trajectory_demo/share/joint_trajectory_demo/hook/pythonpath.sh'
[3.761s] Level 1:colcon.colcon_core.environment:checking '/home/user/ros2_ws/install/joint_trajectory_demo/bin'
[3.761s] Level 1:colcon.colcon_core.environment:create_environment_scripts_only(joint_trajectory_demo)
[3.762s] INFO:colcon.colcon_core.shell:Creating package script '/home/user/ros2_ws/install/joint_trajectory_demo/share/joint_trajectory_demo/package.ps1'
[3.762s] INFO:colcon.colcon_core.shell:Creating package descriptor '/home/user/ros2_ws/install/joint_trajectory_demo/share/joint_trajectory_demo/package.dsv'
[3.763s] INFO:colcon.colcon_core.shell:Creating package script '/home/user/ros2_ws/install/joint_trajectory_demo/share/joint_trajectory_demo/package.sh'
[3.763s] INFO:colcon.colcon_core.shell:Creating package script '/home/user/ros2_ws/install/joint_trajectory_demo/share/joint_trajectory_demo/package.bash'
[3.764s] INFO:colcon.colcon_core.shell:Creating package script '/home/user/ros2_ws/install/joint_trajectory_demo/share/joint_trajectory_demo/package.zsh'
[3.764s] Level 1:colcon.colcon_core.environment:create_file_with_runtime_dependencies(/home/user/ros2_ws/install/joint_trajectory_demo/share/colcon-core/packages/joint_trajectory_demo)
[3.765s] DEBUG:colcon.colcon_core.event_handler.log_command:Invoked command in '/home/user/ros2_ws/src/ros2_control_course/unit1/joint_trajectory_demo' returned '0': PYTHONPATH=/home/user/ros2_ws/build/joint_trajectory_demo/prefix_override:/usr/lib/python3/dist-packages/colcon_core/task/python/colcon_distutils_commands:/home/user/ros2_ws/install/joint_trajectory_demo/lib/python3.12/site-packages:${PYTHONPATH} _=/usr/bin/env /usr/bin/python3 -W ignore:setup.py install is deprecated -W ignore:easy_install command is deprecated setup.py egg_info --egg-base ../../../../build/joint_trajectory_demo build --build-base /home/user/ros2_ws/build/joint_trajectory_demo/build install --record /home/user/ros2_ws/build/joint_trajectory_demo/install.log --single-version-externally-managed install_data
[3.832s] Level 1:colcon.colcon_core.environment:checking '/home/user/ros2_ws/install/joint_trajectory_publisher' for CMake module files
[3.833s] Level 1:colcon.colcon_core.environment:checking '/home/user/ros2_ws/install/joint_trajectory_publisher' for CMake config files
[3.834s] Level 1:colcon.colcon_core.environment:checking '/home/user/ros2_ws/install/joint_trajectory_publisher/lib'
[3.834s] Level 1:colcon.colcon_core.environment:checking '/home/user/ros2_ws/install/joint_trajectory_publisher/bin'
[3.834s] Level 1:colcon.colcon_core.environment:checking '/home/user/ros2_ws/install/joint_trajectory_publisher/lib/pkgconfig/joint_trajectory_publisher.pc'
[3.834s] Level 1:colcon.colcon_core.environment:checking '/home/user/ros2_ws/install/joint_trajectory_publisher/lib/python3.12/site-packages'
[3.834s] Level 1:colcon.colcon_core.shell:create_environment_hook('joint_trajectory_publisher', 'pythonpath')
[3.835s] INFO:colcon.colcon_core.shell:Creating environment hook '/home/user/ros2_ws/install/joint_trajectory_publisher/share/joint_trajectory_publisher/hook/pythonpath.ps1'
[3.835s] INFO:colcon.colcon_core.shell:Creating environment descriptor '/home/user/ros2_ws/install/joint_trajectory_publisher/share/joint_trajectory_publisher/hook/pythonpath.dsv'
[3.836s] INFO:colcon.colcon_core.shell:Creating environment hook '/home/user/ros2_ws/install/joint_trajectory_publisher/share/joint_trajectory_publisher/hook/pythonpath.sh'
[3.837s] Level 1:colcon.colcon_core.environment:checking '/home/user/ros2_ws/install/joint_trajectory_publisher/bin'
[3.837s] Level 1:colcon.colcon_core.environment:create_environment_scripts_only(joint_trajectory_publisher)
[3.837s] INFO:colcon.colcon_core.shell:Creating package script '/home/user/ros2_ws/install/joint_trajectory_publisher/share/joint_trajectory_publisher/package.ps1'
[3.838s] INFO:colcon.colcon_core.shell:Creating package descriptor '/home/user/ros2_ws/install/joint_trajectory_publisher/share/joint_trajectory_publisher/package.dsv'
[3.839s] DEBUG:colcon.colcon_core.event_handler.log_command:Invoked command in '/home/user/ros2_ws/src/ros2_control_course/common/joint_trajectory_publisher' returned '0': PYTHONPATH=/home/user/ros2_ws/build/joint_trajectory_publisher/prefix_override:/usr/lib/python3/dist-packages/colcon_core/task/python/colcon_distutils_commands:/home/user/ros2_ws/install/joint_trajectory_publisher/lib/python3.12/site-packages:${PYTHONPATH} _=/usr/bin/env /usr/bin/python3 -W ignore:setup.py install is deprecated -W ignore:easy_install command is deprecated setup.py egg_info --egg-base ../../../../build/joint_trajectory_publisher build --build-base /home/user/ros2_ws/build/joint_trajectory_publisher/build install --record /home/user/ros2_ws/build/joint_trajectory_publisher/install.log --single-version-externally-managed install_data
[3.839s] INFO:colcon.colcon_core.shell:Creating package script '/home/user/ros2_ws/install/joint_trajectory_publisher/share/joint_trajectory_publisher/package.sh'
[3.840s] INFO:colcon.colcon_core.shell:Creating package script '/home/user/ros2_ws/install/joint_trajectory_publisher/share/joint_trajectory_publisher/package.bash'
[3.840s] INFO:colcon.colcon_core.shell:Creating package script '/home/user/ros2_ws/install/joint_trajectory_publisher/share/joint_trajectory_publisher/package.zsh'
[3.841s] Level 1:colcon.colcon_core.environment:create_file_with_runtime_dependencies(/home/user/ros2_ws/install/joint_trajectory_publisher/share/colcon-core/packages/joint_trajectory_publisher)
[3.842s] DEBUG:colcon.colcon_parallel_executor.executor.parallel:closing loop
[3.843s] DEBUG:colcon.colcon_parallel_executor.executor.parallel:loop closed
[3.843s] DEBUG:colcon.colcon_parallel_executor.executor.parallel:run_until_complete finished with '0'
[3.844s] DEBUG:colcon.colcon_core.event_reactor:joining thread
[3.853s] INFO:colcon.colcon_core.plugin_system:Skipping extension 'colcon_notification.desktop_notification.notify_send': Could not find 'notify-send'
[3.853s] INFO:colcon.colcon_core.plugin_system:Skipping extension 'colcon_notification.desktop_notification.terminal_notifier': Not used on non-Darwin systems
[3.853s] INFO:colcon.colcon_core.plugin_system:Skipping extension 'colcon_notification.desktop_notification.win32': Not used on non-Windows systems
[3.854s] INFO:colcon.colcon_notification.desktop_notification:Sending desktop notification using 'notify2'
[3.857s] DEBUG:colcon.colcon_notification.desktop_notification.notify2:Failed to initialize notify2: org.freedesktop.DBus.Error.Spawn.ExecFailed: /usr/bin/dbus-launch terminated abnormally without any error message
[3.857s] DEBUG:colcon.colcon_core.event_reactor:joined thread
[3.858s] INFO:colcon.colcon_core.shell:Creating prefix script '/home/user/ros2_ws/install/local_setup.ps1'
[3.859s] INFO:colcon.colcon_core.shell:Creating prefix util module '/home/user/ros2_ws/install/_local_setup_util_ps1.py'
[3.861s] INFO:colcon.colcon_core.shell:Creating prefix chain script '/home/user/ros2_ws/install/setup.ps1'
[3.863s] INFO:colcon.colcon_core.shell:Creating prefix script '/home/user/ros2_ws/install/local_setup.sh'
[3.864s] INFO:colcon.colcon_core.shell:Creating prefix util module '/home/user/ros2_ws/install/_local_setup_util_sh.py'
[3.865s] INFO:colcon.colcon_core.shell:Creating prefix chain script '/home/user/ros2_ws/install/setup.sh'
[3.868s] INFO:colcon.colcon_core.shell:Creating prefix script '/home/user/ros2_ws/install/local_setup.bash'
[3.869s] INFO:colcon.colcon_core.shell:Creating prefix chain script '/home/user/ros2_ws/install/setup.bash'
[3.872s] INFO:colcon.colcon_core.shell:Creating prefix script '/home/user/ros2_ws/install/local_setup.zsh'
[3.873s] INFO:colcon.colcon_core.shell:Creating prefix chain script '/home/user/ros2_ws/install/setup.zsh'
